train_name,train_type,status,confidence,matched_by,sample_train_no,train_count,row_count,data_quality_flags
07:46:00,INVALID,INVALID_NAME,0.990,INVALID_PATTERN,K,1,1,{TIME_AS_NAME}
12:16:00,INVALID,INVALID_NAME,0.990,INVALID_PATTERN,K,1,1,{TIME_AS_NAME}
14:15:00,INVALID,INVALID_NAME,0.990,INVALID_PATTERN,K,1,1,{TIME_AS_NAME}
14:54:00,INVALID,INVALID_NAME,0.990,INVALID_PATTERN,K,1,1,{TIME_AS_NAME}
18:46:00,INVALID,INVALID_NAME,0.990,INVALID_PATTERN,K,1,1,{TIME_AS_NAME}
ADB-QLN,UNKNOWN,UNKNOWN,0.100,UNMATCHED,7509,1,47,{ROUTE_CODE_STYLE}
AII BDTS SF,UNKNOWN,UNKNOWN,0.100,UNMATCHED,9621,1,12,{}
AJNI-KRMI SP,UNKNOWN,UNKNOWN,0.100,UNMATCHED,1119,1,24,{LIKELY_TRUNCATED}
ANVT RNC SPL,UNKNOWN,UNKNOWN,0.100,UNMATCHED,8618,1,15,{LIKELY_TRUNCATED}
ANVT-JSME BI,UNKNOWN,UNKNOWN,0.100,UNMATCHED,3502,1,5,{LIKELY_TRUNCATED}
ANVT-UHP EXP,UNKNOWN,UNKNOWN,0.100,UNMATCHED,4401,1,13,{LIKELY_TRUNCATED}
ASN-DHN MEMU,UNKNOWN,UNKNOWN,0.100,UNMATCHED,3301,1,13,{LIKELY_TRUNCATED}
ATT-JBP BI-W,UNKNOWN,UNKNOWN,0.100,UNMATCHED,1708,1,17,{LIKELY_TRUNCATED}
AWB-QLN,UNKNOWN,UNKNOWN,0.100,UNMATCHED,7505,1,49,{ROUTE_CODE_STYLE}
BAND-SBP WEE,UNKNOWN,UNKNOWN,0.100,UNMATCHED,8302,1,15,{LIKELY_TRUNCATED}
BC-LKU SPL,UNKNOWN,UNKNOWN,0.100,UNMATCHED,5309,1,6,{ROUTE_CODE_STYLE}
BCT NDLS BI,UNKNOWN,UNKNOWN,0.100,UNMATCHED,9005,1,4,{}
BDTS AII SF,UNKNOWN,UNKNOWN,0.100,UNMATCHED,9622,1,12,{}
BDTS BKN WEE,UNKNOWN,UNKNOWN,0.100,UNMATCHED,9011,1,20,{LIKELY_TRUNCATED}
BDTS GIMB WE,UNKNOWN,UNKNOWN,0.100,UNMATCHED,9433,1,14,{LIKELY_TRUNCATED}
BDTS NZM  SF,UNKNOWN,UNKNOWN,0.100,UNMATCHED,9003,1,5,{LIKELY_TRUNCATED}
BDTS-JBP SF,UNKNOWN,UNKNOWN,0.100,UNMATCHED,1705,1,14,{ROUTE_CODE_STYLE}
BGM-YPR TATK,UNKNOWN,UNKNOWN,0.100,UNMATCHED,6582,1,85,{LIKELY_TRUNCATED}
BIDAR-PVR,UNKNOWN,UNKNOWN,0.100,UNMATCHED,7517,1,9,{ROUTE_CODE_STYLE}
BJP-UBL SPL,UNKNOWN,UNKNOWN,0.100,UNMATCHED,6920,1,38,{ROUTE_CODE_STYLE}
BJU - SHC EX,UNKNOWN,UNKNOWN,0.100,UNMATCHED,23226,1,11,{LIKELY_TRUNCATED}
BJU-KIR EXP,UNKNOWN,UNKNOWN,0.100,UNMATCHED,28181,1,14,{ROUTE_CODE_STYLE}
BKN - GHY EX,UNKNOWN,UNKNOWN,0.100,UNMATCHED,25631,1,4,{LIKELY_TRUNCATED}
BKN - HW EXP,UNKNOWN,UNKNOWN,0.100,UNMATCHED,4735,1,17,{LIKELY_TRUNCATED}
BKN BDTS WEE,UNKNOWN,UNKNOWN,0.100,UNMATCHED,9012,1,20,{LIKELY_TRUNCATED}
BLS - KGP DE,UNKNOWN,UNKNOWN,0.100,UNMATCHED,8035,1,19,{LIKELY_TRUNCATED}
BLS - KGP ME,UNKNOWN,UNKNOWN,0.100,UNMATCHED,8036,1,19,{LIKELY_TRUNCATED}
BNY - GKP SP,UNKNOWN,UNKNOWN,0.100,UNMATCHED,5062,1,5,{LIKELY_TRUNCATED}
BPL-REWA SF,UNKNOWN,UNKNOWN,0.100,UNMATCHED,2196,1,10,{ROUTE_CODE_STYLE}
BPQ CAF PASS,UNKNOWN,UNKNOWN,0.100,UNMATCHED,8581,1,2,{LIKELY_TRUNCATED}
BQA-KGP DEMU,UNKNOWN,UNKNOWN,0.100,UNMATCHED,8064,1,16,{LIKELY_TRUNCATED}
BQA-VSU MEMU,UNKNOWN,UNKNOWN,0.100,UNMATCHED,8082,1,6,{LIKELY_TRUNCATED}
BSB-SKTN LIN,UNKNOWN,UNKNOWN,0.100,UNMATCHED,23345,1,6,{LIKELY_TRUNCATED}
BSP-KRRBA PA,UNKNOWN,UNKNOWN,0.100,UNMATCHED,6648,1,8,{LIKELY_TRUNCATED}
BST-GKP SPL,UNKNOWN,UNKNOWN,0.100,UNMATCHED,5106,1,4,{ROUTE_CODE_STYLE}
BWT-MKM-MEMU,UNKNOWN,UNKNOWN,0.100,UNMATCHED,6513,1,6,{LIKELY_TRUNCATED}
BYPL-WFD DEM,UNKNOWN,UNKNOWN,0.100,UNMATCHED,6594,1,4,{LIKELY_TRUNCATED}
BZA-QLN,UNKNOWN,UNKNOWN,0.100,UNMATCHED,7213,1,29,{ROUTE_CODE_STYLE}
BZA-SC  SPL,UNKNOWN,UNKNOWN,0.100,UNMATCHED,7758,1,6,{ROUTE_CODE_STYLE}
CAF BPQ SPL,UNKNOWN,UNKNOWN,0.100,UNMATCHED,8582,1,2,{}
CBE-CGL TRI-,UNKNOWN,UNKNOWN,0.100,UNMATCHED,6068,1,9,{LIKELY_TRUNCATED}
CBE-POY PASS,UNKNOWN,UNKNOWN,0.100,UNMATCHED,6081,1,4,{LIKELY_TRUNCATED}
CBP-YPR PASS,UNKNOWN,UNKNOWN,0.100,UNMATCHED,6596,1,7,{LIKELY_TRUNCATED}
CBSA CKP DEM,UNKNOWN,UNKNOWN,0.100,UNMATCHED,8101,1,5,{LIKELY_TRUNCATED}
CCT-QLN,UNKNOWN,UNKNOWN,0.100,UNMATCHED,7211,1,36,{ROUTE_CODE_STYLE}
CCT-TPTY,UNKNOWN,UNKNOWN,0.100,UNMATCHED,7431,1,13,{ROUTE_CODE_STYLE}
CCT-TPTY HSP,UNKNOWN,UNKNOWN,0.100,UNMATCHED,7941,1,12,{LIKELY_TRUNCATED}
CGL-CBE TRI-,UNKNOWN,UNKNOWN,0.100,UNMATCHED,6067,1,9,{LIKELY_TRUNCATED}
CGL-MDU SPL,UNKNOWN,UNKNOWN,0.100,UNMATCHED,6065,1,13,{ROUTE_CODE_STYLE}
CKP-CBSA DEM,UNKNOWN,UNKNOWN,0.100,UNMATCHED,8102,1,5,{LIKELY_TRUNCATED}
COA-HYB,UNKNOWN,UNKNOWN,0.100,UNMATCHED,7076,2,31,{ROUTE_CODE_STYLE}
COA-KCG HSP,UNKNOWN,UNKNOWN,0.100,UNMATCHED,7426,1,15,{ROUTE_CODE_STYLE}
COA-VLNK,UNKNOWN,UNKNOWN,0.100,UNMATCHED,7061,1,8,{ROUTE_CODE_STYLE}
CORBETT PARK,UNKNOWN,UNKNOWN,0.100,UNMATCHED,25013,2,6,{LIKELY_TRUNCATED}
CPA-FBD EXP,UNKNOWN,UNKNOWN,0.100,UNMATCHED,5305,1,11,{ROUTE_CODE_STYLE}
CPR-LJN,UNKNOWN,UNKNOWN,0.100,UNMATCHED,5065,1,15,{ROUTE_CODE_STYLE}
CSMT-KRMI SF,UNKNOWN,UNKNOWN,0.100,UNMATCHED,2025,1,7,{LIKELY_TRUNCATED}
CSMT-NGP SF,UNKNOWN,UNKNOWN,0.100,UNMATCHED,1011,1,18,{ROUTE_CODE_STYLE}
CUR RTGH SPL,UNKNOWN,UNKNOWN,0.100,UNMATCHED,4854,1,6,{LIKELY_TRUNCATED}
DBG-SC,UNKNOWN,UNKNOWN,0.100,UNMATCHED,7008,1,28,{ROUTE_CODE_STYLE}
DHN-ASN MEMU,UNKNOWN,UNKNOWN,0.100,UNMATCHED,3302,1,13,{LIKELY_TRUNCATED}
DHN-KUSUNDA,UNKNOWN,UNKNOWN,0.100,UNMATCHED,3305,1,2,{ROUTE_CODE_STYLE}
DLI-SVDK SPL,UNKNOWN,UNKNOWN,0.100,UNMATCHED,4409,1,7,{LIKELY_TRUNCATED}
DSJ-KK MTY S,UNKNOWN,UNKNOWN,0.100,UNMATCHED,1442,1,13,{LIKELY_TRUNCATED}
DSJ-PAY EZHI,UNKNOWN,UNKNOWN,0.100,UNMATCHED,6412,1,21,{LIKELY_TRUNCATED}
DURG-G PASS,UNKNOWN,UNKNOWN,0.100,UNMATCHED,8872,1,17,{}
ERS-MAS SPL,UNKNOWN,UNKNOWN,0.100,UNMATCHED,6006,1,14,{ROUTE_CODE_STYLE}
ERS-YPR WEEK,UNKNOWN,UNKNOWN,0.100,UNMATCHED,6548,1,13,{LIKELY_TRUNCATED}
FBD- CPA EXP,UNKNOWN,UNKNOWN,0.100,UNMATCHED,5306,1,11,{LIKELY_TRUNCATED}
GAREEB NAWAZ,UNKNOWN,UNKNOWN,0.100,UNMATCHED,5715,2,4,{LIKELY_TRUNCATED}
GHY - BKN EX,UNKNOWN,UNKNOWN,0.100,UNMATCHED,25632,1,4,{LIKELY_TRUNCATED}
GHY - SCL PA,UNKNOWN,UNKNOWN,0.100,UNMATCHED,5631,1,10,{LIKELY_TRUNCATED}
GIMB BDTS WE,UNKNOWN,UNKNOWN,0.100,UNMATCHED,9434,1,14,{LIKELY_TRUNCATED}
GKP - BNY SP,UNKNOWN,UNKNOWN,0.100,UNMATCHED,5061,1,5,{LIKELY_TRUNCATED}
GKP-BST SPL,UNKNOWN,UNKNOWN,0.100,UNMATCHED,5105,1,4,{ROUTE_CODE_STYLE}
HMH SGNR PAS,UNKNOWN,UNKNOWN,0.100,UNMATCHED,4769,1,10,{LIKELY_TRUNCATED}
HMH-SGNR SPL,UNKNOWN,UNKNOWN,0.100,UNMATCHED,4767,1,10,{LIKELY_TRUNCATED}
HSRA-YPR PAS,UNKNOWN,UNKNOWN,0.100,UNMATCHED,6592,1,9,{LIKELY_TRUNCATED}
HTE-PUNE SPL,UNKNOWN,UNKNOWN,0.100,UNMATCHED,2846,1,17,{LIKELY_TRUNCATED}
HW - BKN EXP,UNKNOWN,UNKNOWN,0.100,UNMATCHED,4736,1,17,{LIKELY_TRUNCATED}
HW JU SPL,UNKNOWN,UNKNOWN,0.100,UNMATCHED,4832,1,22,{}
HW-UMB LINK,UNKNOWN,UNKNOWN,0.100,UNMATCHED,24887,1,6,{ROUTE_CODE_STYLE}
HWH RNC SPL,UNKNOWN,UNKNOWN,0.100,UNMATCHED,8627,1,13,{}
HYB-COA,UNKNOWN,UNKNOWN,0.100,UNMATCHED,7075,1,17,{ROUTE_CODE_STYLE}
HYB-GNT-QLN,UNKNOWN,UNKNOWN,0.100,UNMATCHED,7133,1,39,{ROUTE_CODE_STYLE}
HYB-JP HSP,UNKNOWN,UNKNOWN,0.100,UNMATCHED,2731,1,29,{ROUTE_CODE_STYLE}
HYB-QLN,UNKNOWN,UNKNOWN,0.100,UNMATCHED,7109,2,79,{ROUTE_CODE_STYLE}
HYB-RXL,UNKNOWN,UNKNOWN,0.100,UNMATCHED,7005,1,34,{ROUTE_CODE_STYLE}
JAT-PTK DEMU,UNKNOWN,UNKNOWN,0.100,UNMATCHED,4992,1,14,{LIKELY_TRUNCATED}
JBP-ATT BI-W,UNKNOWN,UNKNOWN,0.100,UNMATCHED,1707,1,17,{LIKELY_TRUNCATED}
JBP-BDTS SF,UNKNOWN,UNKNOWN,0.100,UNMATCHED,1706,1,14,{ROUTE_CODE_STYLE}
JBP-PUNE SPL,UNKNOWN,UNKNOWN,0.100,UNMATCHED,1656,1,13,{LIKELY_TRUNCATED}
JBP-SRC SF S,UNKNOWN,UNKNOWN,0.100,UNMATCHED,2191,1,16,{LIKELY_TRUNCATED}
JGM KGP MEMU,UNKNOWN,UNKNOWN,0.100,UNMATCHED,8052,1,5,{LIKELY_TRUNCATED}
JGM-KGP BI-W,UNKNOWN,UNKNOWN,0.100,UNMATCHED,8002,1,2,{LIKELY_TRUNCATED}
JGM-KGP MEMU,UNKNOWN,UNKNOWN,0.100,UNMATCHED,8018,1,6,{LIKELY_TRUNCATED}
JLWC-KOTA SP,UNKNOWN,UNKNOWN,0.100,UNMATCHED,5613,1,11,{LIKELY_TRUNCATED}
JMP-SHC SPEC,UNKNOWN,UNKNOWN,0.100,UNMATCHED,5521,1,12,{LIKELY_TRUNCATED}
JP SHM SPL W,UNKNOWN,UNKNOWN,0.100,UNMATCHED,8062,1,24,{LIKELY_TRUNCATED}
JP UDZ SF SP,UNKNOWN,UNKNOWN,0.100,UNMATCHED,9721,1,12,{LIKELY_TRUNCATED}
JP-HYB SPECI,UNKNOWN,UNKNOWN,0.100,UNMATCHED,2732,1,29,{LIKELY_TRUNCATED}
JP-YPR WEEKL,UNKNOWN,UNKNOWN,0.100,UNMATCHED,82654,1,18,{LIKELY_TRUNCATED}
JSME-ANVT BI,UNKNOWN,UNKNOWN,0.100,UNMATCHED,3501,1,5,{LIKELY_TRUNCATED}
JU HW SPL,UNKNOWN,UNKNOWN,0.100,UNMATCHED,4831,1,22,{}
KCG--COA HSP,UNKNOWN,UNKNOWN,0.100,UNMATCHED,7425,1,15,{LIKELY_TRUNCATED}
KCG-KJM HSP,UNKNOWN,UNKNOWN,0.100,UNMATCHED,7603,1,14,{ROUTE_CODE_STYLE}
KCG-TATA HSP,UNKNOWN,UNKNOWN,0.100,UNMATCHED,7438,1,28,{LIKELY_TRUNCATED}
KCG-VSKP,UNKNOWN,UNKNOWN,0.100,UNMATCHED,7016,1,18,{ROUTE_CODE_STYLE}
KCVL-MAJN S/,UNKNOWN,UNKNOWN,0.100,UNMATCHED,6053,1,14,{LIKELY_TRUNCATED}
KGP JGM MEMU,UNKNOWN,UNKNOWN,0.100,UNMATCHED,8051,1,3,{LIKELY_TRUNCATED}
KGP-BQA DEMU,UNKNOWN,UNKNOWN,0.100,UNMATCHED,8063,1,17,{LIKELY_TRUNCATED}
KGP-BQA MEMU,UNKNOWN,UNKNOWN,0.100,UNMATCHED,8065,1,17,{LIKELY_TRUNCATED}
KGP-JGM BI-W,UNKNOWN,UNKNOWN,0.100,UNMATCHED,8001,1,2,{LIKELY_TRUNCATED}
KGP-JGM MEMU,UNKNOWN,UNKNOWN,0.100,UNMATCHED,8017,1,6,{LIKELY_TRUNCATED}
KIK-NCR DEMU,UNKNOWN,UNKNOWN,0.100,UNMATCHED,6851,1,3,{LIKELY_TRUNCATED}
KIK-NCR PASS,UNKNOWN,UNKNOWN,0.100,UNMATCHED,6853,1,3,{LIKELY_TRUNCATED}
KIR - SGUJ D,UNKNOWN,UNKNOWN,0.100,UNMATCHED,5719,2,44,{LIKELY_TRUNCATED}
KIR BJU EXPR,UNKNOWN,UNKNOWN,0.100,UNMATCHED,28182,1,14,{LIKELY_TRUNCATED}
KJM-KCG HSP,UNKNOWN,UNKNOWN,0.100,UNMATCHED,7604,1,14,{ROUTE_CODE_STYLE}
KOAA PURI SP,UNKNOWN,UNKNOWN,0.100,UNMATCHED,3101,1,9,{LIKELY_TRUNCATED}
KOTA - MDS E,UNKNOWN,UNKNOWN,0.100,UNMATCHED,29020,1,8,{LIKELY_TRUNCATED}
KOTA-JLWC SP,UNKNOWN,UNKNOWN,0.100,UNMATCHED,5614,1,9,{LIKELY_TRUNCATED}
KOTA-NZM DAI,UNKNOWN,UNKNOWN,0.100,UNMATCHED,9809,1,11,{LIKELY_TRUNCATED}
KRBA-BSP PAS,UNKNOWN,UNKNOWN,0.100,UNMATCHED,6647,1,8,{LIKELY_TRUNCATED}
KRDL-VSKP SP,UNKNOWN,UNKNOWN,0.100,UNMATCHED,8511,1,12,{LIKELY_TRUNCATED}
KRMI-AJNI SP,UNKNOWN,UNKNOWN,0.100,UNMATCHED,1120,1,24,{LIKELY_TRUNCATED}
KRMI-CSMT SF,UNKNOWN,UNKNOWN,0.100,UNMATCHED,2026,1,7,{LIKELY_TRUNCATED}
KRMI-CSMT SP,UNKNOWN,UNKNOWN,0.100,UNMATCHED,1122,1,14,{LIKELY_TRUNCATED}
KRMR-QLN,UNKNOWN,UNKNOWN,0.100,UNMATCHED,7113,1,37,{ROUTE_CODE_STYLE}
KTW-NBD,UNKNOWN,UNKNOWN,0.100,UNMATCHED,24042,1,3,{ROUTE_CODE_STYLE}
KUNCHAN JUNG,UNKNOWN,UNKNOWN,0.100,UNMATCHED,25657,2,74,{LIKELY_TRUNCATED}
KUSUNDA-DHN,UNKNOWN,UNKNOWN,0.100,UNMATCHED,3306,1,2,{}
LKU-BC EXP,UNKNOWN,UNKNOWN,0.100,UNMATCHED,5310,1,6,{ROUTE_CODE_STYLE}
LTT-KRMI SPL,UNKNOWN,UNKNOWN,0.100,UNMATCHED,1045,1,11,{LIKELY_TRUNCATED}
LTT-SWV SPL,UNKNOWN,UNKNOWN,0.100,UNMATCHED,1037,1,10,{ROUTE_CODE_STYLE}
MAJN-KCVL S/,UNKNOWN,UNKNOWN,0.100,UNMATCHED,6054,1,14,{LIKELY_TRUNCATED}
MAJN-PUNE WE,UNKNOWN,UNKNOWN,0.100,UNMATCHED,1302,1,17,{LIKELY_TRUNCATED}
MAO-NZM WINT,UNKNOWN,UNKNOWN,0.100,UNMATCHED,4419,1,13,{LIKELY_TRUNCATED}
MAS SRC SPL,UNKNOWN,UNKNOWN,0.100,UNMATCHED,2842,1,12,{}
MAS-ERS SUVI,UNKNOWN,UNKNOWN,0.100,UNMATCHED,82631,1,13,{LIKELY_TRUNCATED}
MAS-QLN SPEC,UNKNOWN,UNKNOWN,0.100,UNMATCHED,6041,1,19,{LIKELY_TRUNCATED}
MAS-QLN SPL,UNKNOWN,UNKNOWN,0.100,UNMATCHED,6043,2,37,{ROUTE_CODE_STYLE}
MAS-QLN SUVI,UNKNOWN,UNKNOWN,0.100,UNMATCHED,82635,1,18,{LIKELY_TRUNCATED}
MAS-SRC  EXP,UNKNOWN,UNKNOWN,0.100,UNMATCHED,6058,1,19,{LIKELY_TRUNCATED}
MDU-CGL SPL,UNKNOWN,UNKNOWN,0.100,UNMATCHED,6066,1,13,{ROUTE_CODE_STYLE}
MKM-BAND ONE,UNKNOWN,UNKNOWN,0.100,UNMATCHED,6512,1,14,{LIKELY_TRUNCATED}
MKN PBC PASS,UNKNOWN,UNKNOWN,0.100,UNMATCHED,4802,2,5,{LIKELY_TRUNCATED}
MS TEN SUVID,UNKNOWN,UNKNOWN,0.100,UNMATCHED,82601,1,11,{LIKELY_TRUNCATED}
MS-QLN SPL F,UNKNOWN,UNKNOWN,0.100,UNMATCHED,6049,1,19,{LIKELY_TRUNCATED}
MS-TEN SPECI,UNKNOWN,UNKNOWN,0.100,UNMATCHED,6001,1,14,{LIKELY_TRUNCATED}
MTD RTGH SPL,UNKNOWN,UNKNOWN,0.100,UNMATCHED,4851,1,21,{LIKELY_TRUNCATED}
MZS - NLP PA,UNKNOWN,UNKNOWN,0.100,UNMATCHED,5620,1,20,{LIKELY_TRUNCATED}
NBD-KTW EXPR,UNKNOWN,UNKNOWN,0.100,UNMATCHED,24041,1,3,{LIKELY_TRUNCATED}
NBQ - NJP DE,UNKNOWN,UNKNOWN,0.100,UNMATCHED,7526,1,33,{LIKELY_TRUNCATED}
NCR-KIK DEMU,UNKNOWN,UNKNOWN,0.100,UNMATCHED,6852,1,3,{LIKELY_TRUNCATED}
NCR-KIK PASS,UNKNOWN,UNKNOWN,0.100,UNMATCHED,6854,1,3,{LIKELY_TRUNCATED}
NDLS BCT BI,UNKNOWN,UNKNOWN,0.100,UNMATCHED,9006,1,4,{}
NED-TPTY HOL,UNKNOWN,UNKNOWN,0.100,UNMATCHED,7607,1,19,{LIKELY_TRUNCATED}
NGP-KRMI SPL,UNKNOWN,UNKNOWN,0.100,UNMATCHED,1196,1,26,{LIKELY_TRUNCATED}
NJP - NBQ DE,UNKNOWN,UNKNOWN,0.100,UNMATCHED,7525,1,33,{LIKELY_TRUNCATED}
NKE-SGL INTE,UNKNOWN,UNKNOWN,0.100,UNMATCHED,25202,1,6,{LIKELY_TRUNCATED}
NLP - MZS PA,UNKNOWN,UNKNOWN,0.100,UNMATCHED,5619,1,20,{LIKELY_TRUNCATED}
NMH - KOTA E,UNKNOWN,UNKNOWN,0.100,UNMATCHED,29019,1,8,{LIKELY_TRUNCATED}
NS-QLN,UNKNOWN,UNKNOWN,0.100,UNMATCHED,7217,1,37,{ROUTE_CODE_STYLE}
NSL-TPTY HSP,UNKNOWN,UNKNOWN,0.100,UNMATCHED,7418,1,33,{LIKELY_TRUNCATED}
NZM  BDTS SF,UNKNOWN,UNKNOWN,0.100,UNMATCHED,9004,1,5,{LIKELY_TRUNCATED}
NZM-KOTA DAI,UNKNOWN,UNKNOWN,0.100,UNMATCHED,9810,1,11,{LIKELY_TRUNCATED}
NZM-MAO WINT,UNKNOWN,UNKNOWN,0.100,UNMATCHED,4420,1,13,{LIKELY_TRUNCATED}
PBC MKN PASS,UNKNOWN,UNKNOWN,0.100,UNMATCHED,4801,1,3,{LIKELY_TRUNCATED}
PDY-SRC SPL,UNKNOWN,UNKNOWN,0.100,UNMATCHED,6010,1,27,{ROUTE_CODE_STYLE}
PGTN-PLNI PA,UNKNOWN,UNKNOWN,0.100,UNMATCHED,6769,1,11,{LIKELY_TRUNCATED}
PLJE-SZE MEM,UNKNOWN,UNKNOWN,0.100,UNMATCHED,3308,1,4,{LIKELY_TRUNCATED}
PLNI-PGTN PA,UNKNOWN,UNKNOWN,0.100,UNMATCHED,6770,1,11,{LIKELY_TRUNCATED}
PLNI-POY EXP,UNKNOWN,UNKNOWN,0.100,UNMATCHED,2651,1,3,{LIKELY_TRUNCATED}
PNBE-CSMT SU,UNKNOWN,UNKNOWN,0.100,UNMATCHED,82355,1,7,{LIKELY_TRUNCATED}
POY-CBE PASS,UNKNOWN,UNKNOWN,0.100,UNMATCHED,6082,1,4,{LIKELY_TRUNCATED}
POY-PLNI EXP,UNKNOWN,UNKNOWN,0.100,UNMATCHED,2652,1,3,{LIKELY_TRUNCATED}
PTK-JAT DEMU,UNKNOWN,UNKNOWN,0.100,UNMATCHED,4991,1,14,{LIKELY_TRUNCATED}
PUNE HTE SPL,UNKNOWN,UNKNOWN,0.100,UNMATCHED,2845,1,17,{LIKELY_TRUNCATED}
PUNE-JBP SPL,UNKNOWN,UNKNOWN,0.100,UNMATCHED,1655,1,13,{LIKELY_TRUNCATED}
PUNE-MAJN WE,UNKNOWN,UNKNOWN,0.100,UNMATCHED,1301,1,17,{LIKELY_TRUNCATED}
PUNE-SRC AC,UNKNOWN,UNKNOWN,0.100,UNMATCHED,2821,1,14,{ROUTE_CODE_STYLE}
PURI KOAA SP,UNKNOWN,UNKNOWN,0.100,UNMATCHED,3102,1,9,{LIKELY_TRUNCATED}
PURI-SRC WEE,UNKNOWN,UNKNOWN,0.100,UNMATCHED,8403,1,9,{LIKELY_TRUNCATED}
PVR-YPR WEEK,UNKNOWN,UNKNOWN,0.100,UNMATCHED,6542,1,14,{LIKELY_TRUNCATED}
QLN- MAS SPL,UNKNOWN,UNKNOWN,0.100,UNMATCHED,6048,1,20,{LIKELY_TRUNCATED}
QLN-BZA,UNKNOWN,UNKNOWN,0.100,UNMATCHED,7214,1,30,{ROUTE_CODE_STYLE}
QLN-COA,UNKNOWN,UNKNOWN,0.100,UNMATCHED,7212,1,36,{ROUTE_CODE_STYLE}
QLN-GNT-HYB,UNKNOWN,UNKNOWN,0.100,UNMATCHED,7134,1,39,{ROUTE_CODE_STYLE}
QLN-HYB,UNKNOWN,UNKNOWN,0.100,UNMATCHED,7110,2,79,{ROUTE_CODE_STYLE}
QLN-MAS  SPL,UNKNOWN,UNKNOWN,0.100,UNMATCHED,6044,1,19,{LIKELY_TRUNCATED}
QLN-MAS SPEC,UNKNOWN,UNKNOWN,0.100,UNMATCHED,6042,2,39,{LIKELY_TRUNCATED}
QLN-MS  SPL,UNKNOWN,UNKNOWN,0.100,UNMATCHED,6050,1,20,{ROUTE_CODE_STYLE}
QLN-NS,UNKNOWN,UNKNOWN,0.100,UNMATCHED,7218,1,37,{ROUTE_CODE_STYLE}
QLN-VSKP BI-,UNKNOWN,UNKNOWN,0.100,UNMATCHED,8568,1,29,{LIKELY_TRUNCATED}
RAMNAGAR-DLI,UNKNOWN,UNKNOWN,0.100,UNMATCHED,25035,2,6,{LIKELY_TRUNCATED}
REWA-BPL SF,UNKNOWN,UNKNOWN,0.100,UNMATCHED,2195,1,10,{ROUTE_CODE_STYLE}
RJPB-SGRL LI,UNKNOWN,UNKNOWN,0.100,UNMATCHED,23348,1,11,{LIKELY_TRUNCATED}
RJT-SRC SF A,UNKNOWN,UNKNOWN,0.100,UNMATCHED,2833,1,29,{LIKELY_TRUNCATED}
RNC ANVT SPL,UNKNOWN,UNKNOWN,0.100,UNMATCHED,8617,1,15,{LIKELY_TRUNCATED}
RNC HWH  SPL,UNKNOWN,UNKNOWN,0.100,UNMATCHED,8628,1,14,{LIKELY_TRUNCATED}
RTGH CUR SPL,UNKNOWN,UNKNOWN,0.100,UNMATCHED,4853,1,6,{LIKELY_TRUNCATED}
RTGH MTD SPL,UNKNOWN,UNKNOWN,0.100,UNMATCHED,4852,1,21,{LIKELY_TRUNCATED}
RU-CCT,UNKNOWN,UNKNOWN,0.100,UNMATCHED,7645,1,10,{ROUTE_CODE_STYLE}
RXL-HYB,UNKNOWN,UNKNOWN,0.100,UNMATCHED,7006,1,34,{ROUTE_CODE_STYLE}
sabarimalai,UNKNOWN,UNKNOWN,0.100,UNMATCHED,7613,2,77,{}
SBP-BAND WEE,UNKNOWN,UNKNOWN,0.100,UNMATCHED,8301,1,15,{LIKELY_TRUNCATED}
SC VSKP SPEC,UNKNOWN,UNKNOWN,0.100,UNMATCHED,8502,1,13,{LIKELY_TRUNCATED}
SC-BZA  SPL,UNKNOWN,UNKNOWN,0.100,UNMATCHED,7757,1,6,{ROUTE_CODE_STYLE}
SC-COA,UNKNOWN,UNKNOWN,0.100,UNMATCHED,7436,1,15,{ROUTE_CODE_STYLE}
SC-DBG,UNKNOWN,UNKNOWN,0.100,UNMATCHED,7007,1,27,{ROUTE_CODE_STYLE}
SC-GHY HSP,UNKNOWN,UNKNOWN,0.100,UNMATCHED,7149,1,37,{ROUTE_CODE_STYLE}
SC-TPTY,UNKNOWN,UNKNOWN,0.100,UNMATCHED,7429,1,11,{ROUTE_CODE_STYLE}
SCL - GHY PA,UNKNOWN,UNKNOWN,0.100,UNMATCHED,5632,1,10,{LIKELY_TRUNCATED}
SDLP-SGNR SP,UNKNOWN,UNKNOWN,0.100,UNMATCHED,4771,1,24,{LIKELY_TRUNCATED}
SGL-NKE INTE,UNKNOWN,UNKNOWN,0.100,UNMATCHED,25201,1,6,{LIKELY_TRUNCATED}
SGNR HMH PAS,UNKNOWN,UNKNOWN,0.100,UNMATCHED,4770,1,10,{LIKELY_TRUNCATED}
SGNR SOG SPL,UNKNOWN,UNKNOWN,0.100,UNMATCHED,4773,1,16,{LIKELY_TRUNCATED}
SGNR-HMH SPL,UNKNOWN,UNKNOWN,0.100,UNMATCHED,4768,1,10,{LIKELY_TRUNCATED}
SGNR-SDLP SP,UNKNOWN,UNKNOWN,0.100,UNMATCHED,4772,1,24,{LIKELY_TRUNCATED}
SGNR-SOG SPL,UNKNOWN,UNKNOWN,0.100,UNMATCHED,9761,1,13,{LIKELY_TRUNCATED}
SGRL-PNBE LI,UNKNOWN,UNKNOWN,0.100,UNMATCHED,23347,1,11,{LIKELY_TRUNCATED}
SGUJ - KIR D,UNKNOWN,UNKNOWN,0.100,UNMATCHED,5720,2,44,{LIKELY_TRUNCATED}
SHC-JMP SPEC,UNKNOWN,UNKNOWN,0.100,UNMATCHED,5522,1,12,{LIKELY_TRUNCATED}
SHM JP SPL W,UNKNOWN,UNKNOWN,0.100,UNMATCHED,8061,1,24,{LIKELY_TRUNCATED}
SKTN-BSB LIN,UNKNOWN,UNKNOWN,0.100,UNMATCHED,23346,1,6,{LIKELY_TRUNCATED}
SOG SGNR SPL,UNKNOWN,UNKNOWN,0.100,UNMATCHED,4774,1,10,{LIKELY_TRUNCATED}
SRC MAS SPL,UNKNOWN,UNKNOWN,0.100,UNMATCHED,2841,1,12,{}
SRC-JBP SF S,UNKNOWN,UNKNOWN,0.100,UNMATCHED,2192,1,16,{LIKELY_TRUNCATED}
SRC-MAS  SPL,UNKNOWN,UNKNOWN,0.100,UNMATCHED,6057,1,19,{LIKELY_TRUNCATED}
SRC-PDY SPL,UNKNOWN,UNKNOWN,0.100,UNMATCHED,6009,1,27,{ROUTE_CODE_STYLE}
SRC-PUNE  AC,UNKNOWN,UNKNOWN,0.100,UNMATCHED,2822,1,14,{LIKELY_TRUNCATED}
SRC-PURI WEE,UNKNOWN,UNKNOWN,0.100,UNMATCHED,8404,1,9,{LIKELY_TRUNCATED}
SRC-RJT SF A,UNKNOWN,UNKNOWN,0.100,UNMATCHED,2834,1,29,{LIKELY_TRUNCATED}
SRE-UMB MEMU,UNKNOWN,UNKNOWN,0.100,UNMATCHED,4921,1,13,{LIKELY_TRUNCATED}
SVDK-DLI SPL,UNKNOWN,UNKNOWN,0.100,UNMATCHED,4410,1,7,{LIKELY_TRUNCATED}
SVDK-YPR WEE,UNKNOWN,UNKNOWN,0.100,UNMATCHED,82652,1,22,{LIKELY_TRUNCATED}
SWV-LTT SPL,UNKNOWN,UNKNOWN,0.100,UNMATCHED,1038,1,10,{ROUTE_CODE_STYLE}
SZE-PLJE MEM,UNKNOWN,UNKNOWN,0.100,UNMATCHED,3307,1,4,{LIKELY_TRUNCATED}
TATA-KCG HSP,UNKNOWN,UNKNOWN,0.100,UNMATCHED,7439,1,28,{LIKELY_TRUNCATED}
TEN - MS SPE,UNKNOWN,UNKNOWN,0.100,UNMATCHED,6002,1,15,{LIKELY_TRUNCATED}
TEN-MS SUVD,UNKNOWN,UNKNOWN,0.100,UNMATCHED,82606,1,15,{ROUTE_CODE_STYLE}
tpty spl,UNKNOWN,UNKNOWN,0.100,UNMATCHED,7644,1,11,{}
TPTY-AK,UNKNOWN,UNKNOWN,0.100,UNMATCHED,7410,1,29,{ROUTE_CODE_STYLE}
TPTY-CCT,UNKNOWN,UNKNOWN,0.100,UNMATCHED,7432,1,14,{ROUTE_CODE_STYLE}
TPTY-COASPL,UNKNOWN,UNKNOWN,0.100,UNMATCHED,7942,1,13,{ROUTE_CODE_STYLE}
TPTY-KCG,UNKNOWN,UNKNOWN,0.100,UNMATCHED,7146,1,16,{ROUTE_CODE_STYLE}
TPTY-NED,UNKNOWN,UNKNOWN,0.100,UNMATCHED,7608,1,19,{ROUTE_CODE_STYLE}
TPTY-NSL HSP,UNKNOWN,UNKNOWN,0.100,UNMATCHED,7417,1,33,{LIKELY_TRUNCATED}
TPTY-SC,UNKNOWN,UNKNOWN,0.100,UNMATCHED,7430,1,11,{ROUTE_CODE_STYLE}
TPTY-VSKP,UNKNOWN,UNKNOWN,0.100,UNMATCHED,7487,1,11,{ROUTE_CODE_STYLE}
TPTY-VSKP SP,UNKNOWN,UNKNOWN,0.100,UNMATCHED,8574,1,15,{LIKELY_TRUNCATED}
TVC-SCL SPL,UNKNOWN,UNKNOWN,0.100,UNMATCHED,2515,1,58,{ROUTE_CODE_STYLE}
UBL-BJP SPL,UNKNOWN,UNKNOWN,0.100,UNMATCHED,6919,1,38,{ROUTE_CODE_STYLE}
UDZ JP SF SP,UNKNOWN,UNKNOWN,0.100,UNMATCHED,9722,1,12,{LIKELY_TRUNCATED}
UHP-ANVT EXP,UNKNOWN,UNKNOWN,0.100,UNMATCHED,4402,1,13,{LIKELY_TRUNCATED}
UMB-HW  LINK,UNKNOWN,UNKNOWN,0.100,UNMATCHED,24888,1,6,{LIKELY_TRUNCATED}
UMB-SRE MEMU,UNKNOWN,UNKNOWN,0.100,UNMATCHED,4922,1,13,{LIKELY_TRUNCATED}
VLNK-BZA,UNKNOWN,UNKNOWN,0.100,UNMATCHED,7062,1,14,{ROUTE_CODE_STYLE}
VSG-YPR SUVI,UNKNOWN,UNKNOWN,0.100,UNMATCHED,82666,1,15,{LIKELY_TRUNCATED}
VSKP HSP,UNKNOWN,UNKNOWN,0.100,UNMATCHED,7044,1,11,{}
VSKP SC WEEK,UNKNOWN,UNKNOWN,0.100,UNMATCHED,8501,1,13,{LIKELY_TRUNCATED}
VSKP-KRDL SP,UNKNOWN,UNKNOWN,0.100,UNMATCHED,8512,1,12,{LIKELY_TRUNCATED}
VSKP-QLN BI-,UNKNOWN,UNKNOWN,0.100,UNMATCHED,8567,1,29,{LIKELY_TRUNCATED}
VSKP-TPTY WE,UNKNOWN,UNKNOWN,0.100,UNMATCHED,8573,1,15,{LIKELY_TRUNCATED}
VSKP-YPR WKY,UNKNOWN,UNKNOWN,0.100,UNMATCHED,6580,1,21,{LIKELY_TRUNCATED}
VSU-BQA MEMU,UNKNOWN,UNKNOWN,0.100,UNMATCHED,8087,1,6,{LIKELY_TRUNCATED}
WFD-BYPL DEM,UNKNOWN,UNKNOWN,0.100,UNMATCHED,6593,1,4,{LIKELY_TRUNCATED}
YPR-BGM TATK,UNKNOWN,UNKNOWN,0.100,UNMATCHED,6581,1,85,{LIKELY_TRUNCATED}
YPR-CBP PASS,UNKNOWN,UNKNOWN,0.100,UNMATCHED,6595,1,7,{LIKELY_TRUNCATED}
YPR-ERS WEEK,UNKNOWN,UNKNOWN,0.100,UNMATCHED,6547,1,14,{LIKELY_TRUNCATED}
YPR-HSRA PAS,UNKNOWN,UNKNOWN,0.100,UNMATCHED,6591,1,9,{LIKELY_TRUNCATED}
YPR-JP WEEKL,UNKNOWN,UNKNOWN,0.100,UNMATCHED,82653,1,22,{LIKELY_TRUNCATED}
YPR-PVR WEEK,UNKNOWN,UNKNOWN,0.100,UNMATCHED,6541,1,14,{LIKELY_TRUNCATED}
YPR-SVDK WEE,UNKNOWN,UNKNOWN,0.100,UNMATCHED,82651,1,22,{LIKELY_TRUNCATED}
YPR-VSG SUVI,UNKNOWN,UNKNOWN,0.100,UNMATCHED,82665,1,15,{LIKELY_TRUNCATED}
YPR-VSKP WKY,UNKNOWN,UNKNOWN,0.100,UNMATCHED,6579,1,21,{LIKELY_TRUNCATED}
 KGG JMP DEM,PASSENGER,REVIEW,0.600,NUMBER_RANGE,73463,1,5,{LIKELY_TRUNCATED}
 LGL KNJ EMU,PASSENGER,REVIEW,0.550,NUMBER_RANGE,31862,2,44,{LIKELY_TRUNCATED}
`BWN BGNA LO,PASSENGER,REVIEW,0.550,NUMBER_RANGE,35015,1,9,{LIKELY_TRUNCATED}
1JA JUC-ASR,PASSENGER,REVIEW,0.600,NUMBER_RANGE,74641,1,10,{}
A1,EMU,REVIEW,0.750,NUMBER_RANGE,96301,1,4,{COACH_CODE_AS_NAME}
A10,EMU,REVIEW,0.750,NUMBER_RANGE,96310,1,2,{COACH_CODE_AS_NAME}
A11,EMU,REVIEW,0.750,NUMBER_RANGE,95303,1,4,{COACH_CODE_AS_NAME}
A12,EMU,REVIEW,0.750,NUMBER_RANGE,95302,1,2,{COACH_CODE_AS_NAME}
A13,EMU,REVIEW,0.750,NUMBER_RANGE,95305,1,4,{COACH_CODE_AS_NAME}
A14,EMU,REVIEW,0.750,NUMBER_RANGE,95304,1,2,{COACH_CODE_AS_NAME}
A15,EMU,REVIEW,0.750,NUMBER_RANGE,95307,1,4,{COACH_CODE_AS_NAME}
A16,EMU,REVIEW,0.750,NUMBER_RANGE,95306,1,2,{COACH_CODE_AS_NAME}
A17,EMU,REVIEW,0.750,NUMBER_RANGE,95309,1,4,{COACH_CODE_AS_NAME}
A18,EMU,REVIEW,0.750,NUMBER_RANGE,95308,1,2,{COACH_CODE_AS_NAME}
A19,EMU,REVIEW,0.750,NUMBER_RANGE,95311,1,4,{COACH_CODE_AS_NAME}
A2,EMU,REVIEW,0.750,NUMBER_RANGE,96302,1,2,{COACH_CODE_AS_NAME}
A20,EMU,REVIEW,0.750,NUMBER_RANGE,95310,1,2,{COACH_CODE_AS_NAME}
A21,EMU,REVIEW,0.750,NUMBER_RANGE,95313,1,4,{COACH_CODE_AS_NAME}
A22,EMU,REVIEW,0.750,NUMBER_RANGE,95312,1,2,{COACH_CODE_AS_NAME}
A23,EMU,REVIEW,0.750,NUMBER_RANGE,95315,1,4,{COACH_CODE_AS_NAME}
A24,EMU,REVIEW,0.750,NUMBER_RANGE,95314,1,2,{COACH_CODE_AS_NAME}
A25,EMU,REVIEW,0.750,NUMBER_RANGE,96311,1,4,{COACH_CODE_AS_NAME}
A26,EMU,REVIEW,0.750,NUMBER_RANGE,95316,1,2,{COACH_CODE_AS_NAME}
A27,EMU,REVIEW,0.750,NUMBER_RANGE,96313,1,4,{COACH_CODE_AS_NAME}
A28,EMU,REVIEW,0.750,NUMBER_RANGE,96312,1,2,{COACH_CODE_AS_NAME}
A29,EMU,REVIEW,0.750,NUMBER_RANGE,96315,1,4,{COACH_CODE_AS_NAME}
A3,EMU,REVIEW,0.750,NUMBER_RANGE,96303,1,4,{COACH_CODE_AS_NAME}
A30,EMU,REVIEW,0.750,NUMBER_RANGE,96314,1,2,{COACH_CODE_AS_NAME}
A31,EMU,REVIEW,0.750,NUMBER_RANGE,96317,1,4,{COACH_CODE_AS_NAME}
A32,EMU,REVIEW,0.750,NUMBER_RANGE,95318,1,2,{COACH_CODE_AS_NAME}
A33,EMU,REVIEW,0.750,NUMBER_RANGE,96319,1,4,{COACH_CODE_AS_NAME}
A34,EMU,REVIEW,0.750,NUMBER_RANGE,96316,1,2,{COACH_CODE_AS_NAME}
A35,EMU,REVIEW,0.750,NUMBER_RANGE,96321,1,4,{COACH_CODE_AS_NAME}
A36,EMU,REVIEW,0.750,NUMBER_RANGE,96318,1,2,{COACH_CODE_AS_NAME}
A37,EMU,REVIEW,0.750,NUMBER_RANGE,96323,1,4,{COACH_CODE_AS_NAME}
A38,EMU,REVIEW,0.750,NUMBER_RANGE,96320,1,2,{COACH_CODE_AS_NAME}
A39,EMU,REVIEW,0.750,NUMBER_RANGE,96325,1,4,{COACH_CODE_AS_NAME}
A4,EMU,REVIEW,0.750,NUMBER_RANGE,96304,1,2,{COACH_CODE_AS_NAME}
A40,EMU,REVIEW,0.750,NUMBER_RANGE,96322,1,2,{COACH_CODE_AS_NAME}
A41,EMU,REVIEW,0.750,NUMBER_RANGE,95317,1,4,{COACH_CODE_AS_NAME}
A42,EMU,REVIEW,0.750,NUMBER_RANGE,96324,1,2,{COACH_CODE_AS_NAME}
A43,EMU,REVIEW,0.750,NUMBER_RANGE,96329,1,4,{COACH_CODE_AS_NAME}
A44,EMU,REVIEW,0.750,NUMBER_RANGE,96326,1,2,{COACH_CODE_AS_NAME}
A45,EMU,REVIEW,0.750,NUMBER_RANGE,95319,1,4,{COACH_CODE_AS_NAME}
A46,EMU,REVIEW,0.750,NUMBER_RANGE,95324,1,2,{COACH_CODE_AS_NAME}
A47,EMU,REVIEW,0.750,NUMBER_RANGE,95321,1,4,{COACH_CODE_AS_NAME}
A48,EMU,REVIEW,0.750,NUMBER_RANGE,95326,1,2,{COACH_CODE_AS_NAME}
A49,EMU,REVIEW,0.750,NUMBER_RANGE,95323,1,4,{COACH_CODE_AS_NAME}
A5,EMU,REVIEW,0.750,NUMBER_RANGE,96305,1,4,{COACH_CODE_AS_NAME}
A50,EMU,REVIEW,0.750,NUMBER_RANGE,95328,1,2,{COACH_CODE_AS_NAME}
A51,EMU,REVIEW,0.750,NUMBER_RANGE,95325,1,4,{COACH_CODE_AS_NAME}
A52,EMU,REVIEW,0.750,NUMBER_RANGE,95330,1,2,{COACH_CODE_AS_NAME}
A54,EMU,REVIEW,0.750,NUMBER_RANGE,95332,1,2,{COACH_CODE_AS_NAME}
A55,EMU,REVIEW,0.750,NUMBER_RANGE,95327,2,8,{COACH_CODE_AS_NAME}
A56,EMU,REVIEW,0.750,NUMBER_RANGE,95334,1,2,{COACH_CODE_AS_NAME}
A57,EMU,REVIEW,0.750,NUMBER_RANGE,96333,1,4,{COACH_CODE_AS_NAME}
A58,EMU,REVIEW,0.750,NUMBER_RANGE,95320,1,2,{COACH_CODE_AS_NAME}
A59,EMU,REVIEW,0.750,NUMBER_RANGE,96335,1,4,{COACH_CODE_AS_NAME}
A6,EMU,REVIEW,0.750,NUMBER_RANGE,96306,1,2,{COACH_CODE_AS_NAME}
A60,EMU,REVIEW,0.750,NUMBER_RANGE,96328,1,2,{COACH_CODE_AS_NAME}
A61,EMU,REVIEW,0.750,NUMBER_RANGE,96337,1,4,{COACH_CODE_AS_NAME}
A62,EMU,REVIEW,0.750,NUMBER_RANGE,95336,1,2,{COACH_CODE_AS_NAME}
A63,EMU,REVIEW,0.750,NUMBER_RANGE,96341,1,4,{COACH_CODE_AS_NAME}
A64,EMU,REVIEW,0.750,NUMBER_RANGE,95338,1,2,{COACH_CODE_AS_NAME}
A65,EMU,REVIEW,0.750,NUMBER_RANGE,96343,1,4,{COACH_CODE_AS_NAME}
A66,EMU,REVIEW,0.750,NUMBER_RANGE,96330,1,2,{COACH_CODE_AS_NAME}
A67,EMU,REVIEW,0.750,NUMBER_RANGE,96345,1,4,{COACH_CODE_AS_NAME}
A68,EMU,REVIEW,0.750,NUMBER_RANGE,96332,1,2,{COACH_CODE_AS_NAME}
A7,EMU,REVIEW,0.750,NUMBER_RANGE,96307,1,4,{COACH_CODE_AS_NAME}
A70,EMU,REVIEW,0.750,NUMBER_RANGE,96334,1,2,{COACH_CODE_AS_NAME}
A72,EMU,REVIEW,0.750,NUMBER_RANGE,96336,1,25,{COACH_CODE_AS_NAME}
A8,EMU,REVIEW,0.750,NUMBER_RANGE,96308,1,2,{COACH_CODE_AS_NAME}
A9,EMU,REVIEW,0.750,NUMBER_RANGE,96309,1,4,{COACH_CODE_AS_NAME}
AADR-NLDM-UM,PASSENGER,REVIEW,0.600,NUMBER_RANGE,64564,1,23,{LIKELY_TRUNCATED}
ABHANPUR-RAJ,PASSENGER,REVIEW,0.600,NUMBER_RANGE,58719,2,6,{LIKELY_TRUNCATED}
ABKP - SDL M,PASSENGER,REVIEW,0.600,NUMBER_RANGE,68750,1,25,{LIKELY_TRUNCATED}
ABKP - SDL P,PASSENGER,REVIEW,0.600,NUMBER_RANGE,58702,1,24,{LIKELY_TRUNCATED}
ABKP-APR PAS,PASSENGER,REVIEW,0.600,NUMBER_RANGE,58224,1,20,{LIKELY_TRUNCATED}
ABKP-DURG PA,EXPRESS,REVIEW,0.650,NUMBER_RANGE,18242,1,32,{LIKELY_TRUNCATED}
ABKP-JBP EXP,EXPRESS,REVIEW,0.650,NUMBER_RANGE,11266,1,14,{LIKELY_TRUNCATED}
ABR - MSH DM,PASSENGER,REVIEW,0.600,NUMBER_RANGE,79438,1,17,{LIKELY_TRUNCATED}
ABS JU PASSE,PASSENGER,REVIEW,0.600,NUMBER_RANGE,54703,1,60,{LIKELY_TRUNCATED}
AD 15,EMU,REVIEW,0.750,NUMBER_RANGE,98715,1,2,{}
AD 17,EMU,REVIEW,0.750,NUMBER_RANGE,98717,1,2,{}
AD 19,EMU,REVIEW,0.750,NUMBER_RANGE,98719,1,2,{}
AD 31,EMU,REVIEW,0.750,NUMBER_RANGE,98731,1,2,{}
AD 33,EMU,REVIEW,0.750,NUMBER_RANGE,98733,1,2,{}
AD 35,EMU,REVIEW,0.750,NUMBER_RANGE,98735,1,2,{}
AD 37,EMU,REVIEW,0.750,NUMBER_RANGE,98737,1,2,{}
AD 39,EMU,REVIEW,0.750,NUMBER_RANGE,98739,1,2,{}
AD 41,EMU,REVIEW,0.750,NUMBER_RANGE,98741,1,2,{}
AD 43,EMU,REVIEW,0.750,NUMBER_RANGE,98743,1,2,{}
AD 45,EMU,REVIEW,0.750,NUMBER_RANGE,98745,1,2,{}
AD 47,EMU,REVIEW,0.750,NUMBER_RANGE,98747,1,2,{}
AD 49,EMU,REVIEW,0.750,NUMBER_RANGE,98749,1,2,{}
AD 51,EMU,REVIEW,0.750,NUMBER_RANGE,98751,1,2,{}
AD 53,EMU,REVIEW,0.750,NUMBER_RANGE,98753,1,2,{}
AD 55,EMU,REVIEW,0.750,NUMBER_RANGE,98755,1,2,{}
AD 57,EMU,REVIEW,0.750,NUMBER_RANGE,98757,1,2,{}
AD 59,EMU,REVIEW,0.750,NUMBER_RANGE,98759,1,2,{}
AD 61,EMU,REVIEW,0.750,NUMBER_RANGE,98761,1,2,{}
AD 63,EMU,REVIEW,0.750,NUMBER_RANGE,98763,1,2,{}
AD 67,EMU,REVIEW,0.750,NUMBER_RANGE,98767,1,2,{}
AD 71,EMU,REVIEW,0.750,NUMBER_RANGE,98771,1,2,{}
AD 73,EMU,REVIEW,0.750,NUMBER_RANGE,98773,1,2,{}
AD 75,EMU,REVIEW,0.750,NUMBER_RANGE,98775,1,2,{}
AD 77,EMU,REVIEW,0.750,NUMBER_RANGE,98777,1,2,{}
AD 79,EMU,REVIEW,0.750,NUMBER_RANGE,98779,1,2,{}
AD 81,EMU,REVIEW,0.750,NUMBER_RANGE,98781,1,2,{}
AD 83,EMU,REVIEW,0.750,NUMBER_RANGE,98783,1,2,{}
AD 85,EMU,REVIEW,0.750,NUMBER_RANGE,98785,1,2,{}
AD PL 10,EMU,REVIEW,0.750,NUMBER_RANGE,98908,1,2,{}
AD PL 16,EMU,REVIEW,0.750,NUMBER_RANGE,98914,1,2,{}
AD PL 18,EMU,REVIEW,0.750,NUMBER_RANGE,98916,1,2,{}
AD PL 8,EMU,REVIEW,0.750,NUMBER_RANGE,98906,1,2,{}
AD1,EMU,REVIEW,0.750,NUMBER_RANGE,98701,1,2,{COACH_CODE_AS_NAME}
AD10,EMU,REVIEW,0.750,NUMBER_RANGE,98708,1,2,{COACH_CODE_AS_NAME}
AD11,EMU,REVIEW,0.750,NUMBER_RANGE,98711,1,2,{COACH_CODE_AS_NAME}
AD12,EMU,REVIEW,0.750,NUMBER_RANGE,98710,1,2,{COACH_CODE_AS_NAME}
AD13,EMU,REVIEW,0.750,NUMBER_RANGE,98713,1,2,{COACH_CODE_AS_NAME}
AD14,EMU,REVIEW,0.750,NUMBER_RANGE,98712,1,2,{COACH_CODE_AS_NAME}
AD16,EMU,REVIEW,0.750,NUMBER_RANGE,98714,1,2,{COACH_CODE_AS_NAME}
AD18,EMU,REVIEW,0.750,NUMBER_RANGE,98716,1,2,{COACH_CODE_AS_NAME}
AD2,EMU,REVIEW,0.750,NUMBER_RANGE,98700,1,2,{COACH_CODE_AS_NAME}
AD20,EMU,REVIEW,0.750,NUMBER_RANGE,98718,1,2,{COACH_CODE_AS_NAME}
AD21,EMU,REVIEW,0.750,NUMBER_RANGE,98721,1,2,{COACH_CODE_AS_NAME}
AD22,EMU,REVIEW,0.750,NUMBER_RANGE,98720,1,2,{COACH_CODE_AS_NAME}
AD23,EMU,REVIEW,0.750,NUMBER_RANGE,98723,1,2,{COACH_CODE_AS_NAME}
AD24,EMU,REVIEW,0.750,NUMBER_RANGE,98722,1,2,{COACH_CODE_AS_NAME}
AD25,EMU,REVIEW,0.750,NUMBER_RANGE,98725,1,2,{COACH_CODE_AS_NAME}
AD26,EMU,REVIEW,0.750,NUMBER_RANGE,98724,1,2,{COACH_CODE_AS_NAME}
AD27,EMU,REVIEW,0.750,NUMBER_RANGE,98727,1,2,{COACH_CODE_AS_NAME}
AD28,EMU,REVIEW,0.750,NUMBER_RANGE,98726,1,2,{COACH_CODE_AS_NAME}
AD29,EMU,REVIEW,0.750,NUMBER_RANGE,98729,1,2,{COACH_CODE_AS_NAME}
AD3,EMU,REVIEW,0.750,NUMBER_RANGE,98703,1,2,{COACH_CODE_AS_NAME}
AD30,EMU,REVIEW,0.750,NUMBER_RANGE,98728,1,2,{COACH_CODE_AS_NAME}
AD32,EMU,REVIEW,0.750,NUMBER_RANGE,98730,1,2,{COACH_CODE_AS_NAME}
AD34,EMU,REVIEW,0.750,NUMBER_RANGE,98732,1,2,{COACH_CODE_AS_NAME}
AD36,EMU,REVIEW,0.750,NUMBER_RANGE,98734,1,2,{COACH_CODE_AS_NAME}
AD38,EMU,REVIEW,0.750,NUMBER_RANGE,98736,1,2,{COACH_CODE_AS_NAME}
AD4,EMU,REVIEW,0.750,NUMBER_RANGE,98702,1,2,{COACH_CODE_AS_NAME}
AD40,EMU,REVIEW,0.750,NUMBER_RANGE,98738,1,2,{COACH_CODE_AS_NAME}
AD42,EMU,REVIEW,0.750,NUMBER_RANGE,98740,1,2,{COACH_CODE_AS_NAME}
AD44,EMU,REVIEW,0.750,NUMBER_RANGE,98742,1,2,{COACH_CODE_AS_NAME}
AD46,EMU,REVIEW,0.750,NUMBER_RANGE,98744,1,2,{COACH_CODE_AS_NAME}
AD48,EMU,REVIEW,0.750,NUMBER_RANGE,98746,1,2,{COACH_CODE_AS_NAME}
AD5,EMU,REVIEW,0.750,NUMBER_RANGE,98705,1,2,{COACH_CODE_AS_NAME}
AD50,EMU,REVIEW,0.750,NUMBER_RANGE,98748,1,2,{COACH_CODE_AS_NAME}
AD52,EMU,REVIEW,0.750,NUMBER_RANGE,98750,1,2,{COACH_CODE_AS_NAME}
AD54,EMU,REVIEW,0.750,NUMBER_RANGE,98752,1,2,{COACH_CODE_AS_NAME}
AD56,EMU,REVIEW,0.750,NUMBER_RANGE,98754,1,2,{COACH_CODE_AS_NAME}
AD58,EMU,REVIEW,0.750,NUMBER_RANGE,98756,1,2,{COACH_CODE_AS_NAME}
AD6,EMU,REVIEW,0.750,NUMBER_RANGE,98704,1,2,{COACH_CODE_AS_NAME}
AD60,EMU,REVIEW,0.750,NUMBER_RANGE,98758,1,2,{COACH_CODE_AS_NAME}
AD62,EMU,REVIEW,0.750,NUMBER_RANGE,98760,1,2,{COACH_CODE_AS_NAME}
AD64,EMU,REVIEW,0.750,NUMBER_RANGE,98762,1,2,{COACH_CODE_AS_NAME}
AD65,EMU,REVIEW,0.750,NUMBER_RANGE,98765,1,2,{COACH_CODE_AS_NAME}
AD66,EMU,REVIEW,0.750,NUMBER_RANGE,98764,1,2,{COACH_CODE_AS_NAME}
AD68,EMU,REVIEW,0.750,NUMBER_RANGE,98766,1,2,{COACH_CODE_AS_NAME}
AD69,EMU,REVIEW,0.750,NUMBER_RANGE,98769,1,2,{COACH_CODE_AS_NAME}
AD7,EMU,REVIEW,0.750,NUMBER_RANGE,98707,1,2,{COACH_CODE_AS_NAME}
AD70,EMU,REVIEW,0.750,NUMBER_RANGE,98768,1,2,{COACH_CODE_AS_NAME}
AD72,EMU,REVIEW,0.750,NUMBER_RANGE,98770,1,2,{COACH_CODE_AS_NAME}
AD74,EMU,REVIEW,0.750,NUMBER_RANGE,98772,1,2,{COACH_CODE_AS_NAME}
AD76,EMU,REVIEW,0.750,NUMBER_RANGE,98774,1,2,{COACH_CODE_AS_NAME}
AD78,EMU,REVIEW,0.750,NUMBER_RANGE,98776,1,2,{COACH_CODE_AS_NAME}
AD8,EMU,REVIEW,0.750,NUMBER_RANGE,98706,1,2,{COACH_CODE_AS_NAME}
AD80,EMU,REVIEW,0.750,NUMBER_RANGE,98778,1,2,{COACH_CODE_AS_NAME}
AD82,EMU,REVIEW,0.750,NUMBER_RANGE,98780,1,2,{COACH_CODE_AS_NAME}
AD84,EMU,REVIEW,0.750,NUMBER_RANGE,98782,1,2,{COACH_CODE_AS_NAME}
AD86,EMU,REVIEW,0.750,NUMBER_RANGE,98784,1,2,{COACH_CODE_AS_NAME}
AD9,EMU,REVIEW,0.750,NUMBER_RANGE,98709,1,2,{COACH_CODE_AS_NAME}
ADB-NED EXP,EXPRESS,REVIEW,0.650,NUMBER_RANGE,17409,1,9,{ROUTE_CODE_STYLE}
ADB-PRLI-PAS,PASSENGER,REVIEW,0.600,NUMBER_RANGE,57554,1,41,{LIKELY_TRUNCATED}
ADB-TPTY KRI,EXPRESS,REVIEW,0.650,NUMBER_RANGE,17406,1,62,{LIKELY_TRUNCATED}
ADH-DRD,EMU,REVIEW,0.750,NUMBER_RANGE,93009,1,2,{ROUTE_CODE_STYLE}
ADI - ANND M,PASSENGER,REVIEW,0.600,NUMBER_RANGE,69116,1,7,{LIKELY_TRUNCATED}
ADI - BRC ME,PASSENGER,REVIEW,0.600,NUMBER_RANGE,69102,1,20,{LIKELY_TRUNCATED}
ADI - BTDF,PASSENGER,REVIEW,0.600,NUMBER_RANGE,52939,1,14,{}
ADI - GNC ME,PASSENGER,REVIEW,0.600,NUMBER_RANGE,69131,1,5,{LIKELY_TRUNCATED}
ADI - JU PAS,PASSENGER,REVIEW,0.600,NUMBER_RANGE,54804,1,58,{LIKELY_TRUNCATED}
ADI - PTN PA,PASSENGER,REVIEW,0.600,NUMBER_RANGE,59473,1,15,{LIKELY_TRUNCATED}
ADI -HOWRAH,SUPERFAST,REVIEW,0.700,NUMBER_RANGE,12833,1,63,{}
ADI -SBC EXP,EXPRESS,REVIEW,0.650,NUMBER_RANGE,16501,1,25,{LIKELY_TRUNCATED}
ADI ALD EXPR,SUPERFAST,REVIEW,0.700,NUMBER_RANGE,22967,1,20,{LIKELY_TRUNCATED}
ADI BGKT EXP,EXPRESS,REVIEW,0.650,NUMBER_RANGE,14804,1,17,{LIKELY_TRUNCATED}
ADI BRC INTE,EXPRESS,REVIEW,0.650,NUMBER_RANGE,19036,1,11,{LIKELY_TRUNCATED}
ADI CHENNAI,EXPRESS,REVIEW,0.650,NUMBER_RANGE,19420,2,39,{}
ADI DOUBLE D,SUPERFAST,REVIEW,0.700,NUMBER_RANGE,12931,1,11,{LIKELY_TRUNCATED}
ADI JAT EXPR,EXPRESS,REVIEW,0.650,NUMBER_RANGE,19223,1,58,{LIKELY_TRUNCATED}
ADI LUCKNOW,EXPRESS,REVIEW,0.650,NUMBER_RANGE,19401,1,27,{}
ADI PNBE EXP,EXPRESS,REVIEW,0.650,NUMBER_RANGE,19421,1,29,{LIKELY_TRUNCATED}
ADI SJ RAJDH,SUPERFAST,REVIEW,0.700,NUMBER_RANGE,12958,1,10,{LIKELY_TRUNCATED}
ADI SMNH EXP,EXPRESS,REVIEW,0.650,NUMBER_RANGE,19119,1,19,{LIKELY_TRUNCATED}
ADI SVDK EXP,EXPRESS,REVIEW,0.650,NUMBER_RANGE,19415,1,31,{LIKELY_TRUNCATED}
ADI VARANASI,EXPRESS,REVIEW,0.650,NUMBER_RANGE,19407,1,21,{LIKELY_TRUNCATED}
ADI- PTN DEM,PASSENGER,REVIEW,0.600,NUMBER_RANGE,79433,2,30,{LIKELY_TRUNCATED}
ADI-AF SUPER,SUPERFAST,REVIEW,0.700,NUMBER_RANGE,12548,1,12,{LIKELY_TRUNCATED}
ADI-ANND DMU,PASSENGER,REVIEW,0.600,NUMBER_RANGE,79430,1,5,{LIKELY_TRUNCATED}
ADI-ANND MEM,PASSENGER,REVIEW,0.600,NUMBER_RANGE,69106,3,39,{LIKELY_TRUNCATED}
ADI-BRC MEMU,PASSENGER,REVIEW,0.600,NUMBER_RANGE,69108,2,40,{LIKELY_TRUNCATED}
ADI-DBG JANS,EXPRESS,REVIEW,0.650,NUMBER_RANGE,15560,1,27,{LIKELY_TRUNCATED}
ADI-KOP EXPR,EXPRESS,REVIEW,0.650,NUMBER_RANGE,11049,1,18,{LIKELY_TRUNCATED}
ADI-MFP JANS,EXPRESS,REVIEW,0.650,NUMBER_RANGE,15270,1,25,{LIKELY_TRUNCATED}
ADI-MSH DMU,PASSENGER,REVIEW,0.600,NUMBER_RANGE,79431,1,10,{ROUTE_CODE_STYLE}
ADI-PUNE DUR,SUPERFAST,REVIEW,0.700,NUMBER_RANGE,12297,1,4,{LIKELY_TRUNCATED}
ADI-PURI S/F,SUPERFAST,REVIEW,0.700,NUMBER_RANGE,12844,1,43,{LIKELY_TRUNCATED}
ADI-PURI WEE,EXPRESS,REVIEW,0.650,NUMBER_RANGE,18406,1,40,{LIKELY_TRUNCATED}
ADIJ-RUJ FAS,PASSENGER,REVIEW,0.600,NUMBER_RANGE,52912,2,28,{LIKELY_TRUNCATED}
ADPL 2,EMU,REVIEW,0.750,NUMBER_RANGE,98900,1,2,{}
ADPL12,EMU,REVIEW,0.750,NUMBER_RANGE,98910,1,2,{}
ADPL14,EMU,REVIEW,0.750,NUMBER_RANGE,98912,1,2,{}
ADPL4,EMU,REVIEW,0.750,NUMBER_RANGE,98902,1,2,{}
ADPL6,EMU,REVIEW,0.750,NUMBER_RANGE,98904,1,2,{}
ADRA ASANSOL,PASSENGER,REVIEW,0.600,NUMBER_RANGE,58019,1,9,{LIKELY_TRUNCATED}
ADRA ASN LOC,PASSENGER,REVIEW,0.600,NUMBER_RANGE,68069,1,9,{LIKELY_TRUNCATED}
ADRA BARKAKA,PASSENGER,REVIEW,0.600,NUMBER_RANGE,58621,1,22,{LIKELY_TRUNCATED}
ADRA BJE LOC,PASSENGER,REVIEW,0.600,NUMBER_RANGE,68075,1,5,{LIKELY_TRUNCATED}
ADRA GBA PAS,PASSENGER,REVIEW,0.600,NUMBER_RANGE,68098,1,15,{LIKELY_TRUNCATED}
ADRA HWH SHI,PASSENGER,REVIEW,0.600,NUMBER_RANGE,58016,1,28,{LIKELY_TRUNCATED}
ADRA KGP PAS,PASSENGER,REVIEW,0.600,NUMBER_RANGE,58602,1,22,{LIKELY_TRUNCATED}
ADRA KNF LOC,PASSENGER,REVIEW,0.600,NUMBER_RANGE,68071,1,16,{LIKELY_TRUNCATED}
ADRA MDN LOC,PASSENGER,REVIEW,0.600,NUMBER_RANGE,68090,1,20,{LIKELY_TRUNCATED}
ADRA PRR LOC,PASSENGER,REVIEW,0.600,NUMBER_RANGE,68053,2,18,{LIKELY_TRUNCATED}
ADRA VAA LOC,PASSENGER,REVIEW,0.600,NUMBER_RANGE,68077,1,9,{LIKELY_TRUNCATED}
ADRA VSU LOC,PASSENGER,REVIEW,0.600,NUMBER_RANGE,68082,1,13,{LIKELY_TRUNCATED}
ADRA-ASN MEM,PASSENGER,REVIEW,0.600,NUMBER_RANGE,68063,1,9,{LIKELY_TRUNCATED}
AF JP SHATAB,SUPERFAST,REVIEW,0.700,NUMBER_RANGE,12036,1,4,{LIKELY_TRUNCATED}
AF-ADI SUPER,SUPERFAST,REVIEW,0.700,NUMBER_RANGE,12547,1,12,{LIKELY_TRUNCATED}
AF-AII INTER,SUPERFAST,REVIEW,0.700,NUMBER_RANGE,12195,1,14,{LIKELY_TRUNCATED}
AG KRANTI RJ,SUPERFAST,REVIEW,0.700,NUMBER_RANGE,12954,1,13,{LIKELY_TRUNCATED}
AGARTALA-UDA,PASSENGER,REVIEW,0.600,NUMBER_RANGE,55684,1,5,{LIKELY_TRUNCATED}
AGC INTERCIT,EXPRESS,REVIEW,0.650,NUMBER_RANGE,14211,2,36,{LIKELY_TRUNCATED}
AGC-BXN,PASSENGER,REVIEW,0.600,NUMBER_RANGE,64952,1,15,{ROUTE_CODE_STYLE}
AGC-DLI PASS,PASSENGER,REVIEW,0.600,NUMBER_RANGE,51901,1,31,{LIKELY_TRUNCATED}
AGC-ETW MEMU,PASSENGER,REVIEW,0.600,NUMBER_RANGE,64160,1,18,{LIKELY_TRUNCATED}
AGC-ETW-MNQ,PASSENGER,REVIEW,0.600,NUMBER_RANGE,71909,1,15,{ROUTE_CODE_STYLE}
AGC-GWL PASS,PASSENGER,REVIEW,0.600,NUMBER_RANGE,51882,1,14,{LIKELY_TRUNCATED}
AGC-JHS PASS,PASSENGER,REVIEW,0.600,NUMBER_RANGE,51816,2,50,{LIKELY_TRUNCATED}
AGC-KOAA WEE,SUPERFAST,REVIEW,0.700,NUMBER_RANGE,12320,1,11,{LIKELY_TRUNCATED}
AGC-KOAA WKL,EXPRESS,REVIEW,0.650,NUMBER_RANGE,13168,1,22,{LIKELY_TRUNCATED}
AGC-NZM EMU,PASSENGER,REVIEW,0.600,NUMBER_RANGE,64953,1,26,{ROUTE_CODE_STYLE}
AGC-PWL MEMU,PASSENGER,REVIEW,0.600,NUMBER_RANGE,64957,1,19,{LIKELY_TRUNCATED}
AGC-TDL MEMU,PASSENGER,REVIEW,0.600,NUMBER_RANGE,64955,1,8,{LIKELY_TRUNCATED}
AGNIVEENA EX,SUPERFAST,REVIEW,0.700,NUMBER_RANGE,12341,2,14,{LIKELY_TRUNCATED}
AGTL - ANVT,EXPRESS,REVIEW,0.650,NUMBER_RANGE,20501,1,16,{}
AGTL - DMR,PASSENGER,REVIEW,0.600,NUMBER_RANGE,55675,2,28,{}
AGTL - SCL P,PASSENGER,REVIEW,0.600,NUMBER_RANGE,55663,1,35,{LIKELY_TRUNCATED}
AGTL - SDAH,EXPRESS,REVIEW,0.650,NUMBER_RANGE,15660,1,40,{}
AGTL-ANVT SU,EXPRESS,REVIEW,0.650,NUMBER_RANGE,14019,1,18,{LIKELY_TRUNCATED}
AGTL-UDPU PA,PASSENGER,REVIEW,0.600,NUMBER_RANGE,55682,1,5,{LIKELY_TRUNCATED}
AH-KSJ  PASS,PASSENGER,REVIEW,0.600,NUMBER_RANGE,55338,1,18,{LIKELY_TRUNCATED}
AHILYANAGARI,SUPERFAST,REVIEW,0.700,NUMBER_RANGE,22645,2,103,{LIKELY_TRUNCATED}
AHIMSA EXPRE,EXPRESS,REVIEW,0.650,NUMBER_RANGE,11095,2,33,{LIKELY_TRUNCATED}
AHMADABAD PA,PASSENGER,REVIEW,0.600,NUMBER_RANGE,59439,2,138,{LIKELY_TRUNCATED}
AHMEDABAD PA,PASSENGER,REVIEW,0.600,NUMBER_RANGE,59441,2,148,{LIKELY_TRUNCATED}
AII  - DURG,EXPRESS,REVIEW,0.650,NUMBER_RANGE,18208,1,22,{}
AII - UDZ PA,PASSENGER,REVIEW,0.600,NUMBER_RANGE,59603,1,39,{LIKELY_TRUNCATED}
AII CDG G RA,SUPERFAST,REVIEW,0.700,NUMBER_RANGE,12983,1,15,{LIKELY_TRUNCATED}
AII DDR SF E,SUPERFAST,REVIEW,0.700,NUMBER_RANGE,12990,1,23,{LIKELY_TRUNCATED}
AII JAN SHAT,SUPERFAST,REVIEW,0.700,NUMBER_RANGE,12066,1,10,{LIKELY_TRUNCATED}
AII KOAA EXP,EXPRESS,REVIEW,0.650,NUMBER_RANGE,19608,1,30,{LIKELY_TRUNCATED}
AII MJ PASS,PASSENGER,REVIEW,0.600,NUMBER_RANGE,59602,1,19,{}
AII MYS EXPR,EXPRESS,REVIEW,0.650,NUMBER_RANGE,16209,1,45,{LIKELY_TRUNCATED}
AII RNC EXPR,EXPRESS,REVIEW,0.650,NUMBER_RANGE,18632,1,39,{LIKELY_TRUNCATED}
AII SDAH SF,SUPERFAST,REVIEW,0.700,NUMBER_RANGE,12988,1,22,{}
AII- BGPWKLY,EXPRESS,REVIEW,0.650,NUMBER_RANGE,13424,1,18,{LIKELY_TRUNCATED}
AII-AF INTER,SUPERFAST,REVIEW,0.700,NUMBER_RANGE,12196,1,14,{LIKELY_TRUNCATED}
AII-BDTS SUF,SUPERFAST,REVIEW,0.700,NUMBER_RANGE,22996,1,4,{LIKELY_TRUNCATED}
AII-HYB  EXP,SUPERFAST,REVIEW,0.700,NUMBER_RANGE,12719,1,21,{LIKELY_TRUNCATED}
AII-JAT POOJ,SUPERFAST,REVIEW,0.700,NUMBER_RANGE,12413,1,21,{LIKELY_TRUNCATED}
AII-JBP DAYO,SUPERFAST,REVIEW,0.700,NUMBER_RANGE,12182,1,22,{LIKELY_TRUNCATED}
AII-NDLS SHA,SUPERFAST,REVIEW,0.700,NUMBER_RANGE,12016,1,10,{LIKELY_TRUNCATED}
AII-PURI BI-,EXPRESS,REVIEW,0.650,NUMBER_RANGE,18422,1,41,{LIKELY_TRUNCATED}
AII-SRC EXP,EXPRESS,REVIEW,0.650,NUMBER_RANGE,18010,1,24,{ROUTE_CODE_STYLE}
AIT-KNH MIX,PASSENGER,REVIEW,0.600,NUMBER_RANGE,51861,1,2,{ROUTE_CODE_STYLE}
AIT-KNH PASS,PASSENGER,REVIEW,0.600,NUMBER_RANGE,51863,4,8,{LIKELY_TRUNCATED}
AJJ-AVD EMU,PASSENGER,REVIEW,0.550,NUMBER_RANGE,43842,2,18,{ROUTE_CODE_STYLE}
AJJ-CGL PASS,PASSENGER,REVIEW,0.600,NUMBER_RANGE,56003,2,12,{LIKELY_TRUNCATED}
AJJ-HX PASSR,PASSENGER,REVIEW,0.600,NUMBER_RANGE,56011,1,27,{LIKELY_TRUNCATED}
AJJ-JTJ EXP,EXPRESS,REVIEW,0.650,NUMBER_RANGE,16085,1,15,{ROUTE_CODE_STYLE}
AJJ-KPD PASS,PASSENGER,REVIEW,0.600,NUMBER_RANGE,56007,2,21,{LIKELY_TRUNCATED}
AJJ-MAS PASS,PASSENGER,REVIEW,0.600,NUMBER_RANGE,56002,1,5,{LIKELY_TRUNCATED}
AJJ-MMC EMU,PASSENGER,REVIEW,0.550,NUMBER_RANGE,43402,16,364,{ROUTE_CODE_STYLE}
AJJ-MMC MEMU,PASSENGER,REVIEW,0.600,NUMBER_RANGE,66040,1,14,{LIKELY_TRUNCATED}
AJJ-MMC PASS,PASSENGER,REVIEW,0.600,NUMBER_RANGE,66008,2,28,{LIKELY_TRUNCATED}
AJJ-MMCC MEM,PASSENGER,REVIEW,0.600,NUMBER_RANGE,66022,1,13,{LIKELY_TRUNCATED}
AJJ-MSB  EMU,PASSENGER,REVIEW,0.550,NUMBER_RANGE,43806,1,15,{LIKELY_TRUNCATED}
AJJ-MSB EMU,PASSENGER,REVIEW,0.550,NUMBER_RANGE,43802,2,37,{ROUTE_CODE_STYLE}
AJJ-MSB PASS,PASSENGER,REVIEW,0.600,NUMBER_RANGE,66016,1,12,{LIKELY_TRUNCATED}
AJJ-SBC PASS,PASSENGER,REVIEW,0.600,NUMBER_RANGE,56261,1,43,{LIKELY_TRUNCATED}
AJJ-TPTY MEM,PASSENGER,REVIEW,0.600,NUMBER_RANGE,66039,2,24,{LIKELY_TRUNCATED}
AJJ-TRT EMU,PASSENGER,REVIEW,0.550,NUMBER_RANGE,43551,2,5,{ROUTE_CODE_STYLE}
AJJ-VLCY EMU,PASSENGER,REVIEW,0.550,NUMBER_RANGE,43932,1,17,{LIKELY_TRUNCATED}
AJJ-VLCY LOC,PASSENGER,REVIEW,0.550,NUMBER_RANGE,43934,3,44,{LIKELY_TRUNCATED}
AJJ-VLR PASS,PASSENGER,REVIEW,0.600,NUMBER_RANGE,56013,1,14,{LIKELY_TRUNCATED}
AJMER - PUSH,PASSENGER,REVIEW,0.600,NUMBER_RANGE,59607,1,5,{LIKELY_TRUNCATED}
AJMER ASR EX,EXPRESS,REVIEW,0.650,NUMBER_RANGE,19611,2,57,{LIKELY_TRUNCATED}
AJMER EXPRES,EXPRESS,REVIEW,0.650,NUMBER_RANGE,16210,1,44,{LIKELY_TRUNCATED}
AJMER INTERC,EXPRESS,REVIEW,0.650,NUMBER_RANGE,19411,1,12,{LIKELY_TRUNCATED}
AJNI-LTT EXP,EXPRESS,REVIEW,0.650,NUMBER_RANGE,11202,1,26,{LIKELY_TRUNCATED}
AJNI-PUNE-AC,SUPERFAST,REVIEW,0.700,NUMBER_RANGE,22124,1,10,{LIKELY_TRUNCATED}
AK-KCG  EXP,EXPRESS,REVIEW,0.650,NUMBER_RANGE,17640,1,21,{ROUTE_CODE_STYLE}
AKAL TAKHAT,SUPERFAST,REVIEW,0.700,NUMBER_RANGE,12318,1,23,{}
AKAL TAKHT E,SUPERFAST,REVIEW,0.700,NUMBER_RANGE,12317,1,23,{LIKELY_TRUNCATED}
AKV-RAJ-AKV,PASSENGER,REVIEW,0.600,NUMBER_RANGE,59167,2,28,{ROUTE_CODE_STYLE}
ALD ADI  SF,SUPERFAST,REVIEW,0.700,NUMBER_RANGE,22968,1,20,{}
ALD ET PASS,PASSENGER,REVIEW,0.600,NUMBER_RANGE,51190,1,64,{}
ALD HW EXP,EXPRESS,REVIEW,0.650,NUMBER_RANGE,14115,1,15,{}
ALD-BST EXP,EXPRESS,REVIEW,0.650,NUMBER_RANGE,14117,1,10,{ROUTE_CODE_STYLE}
ALD-CAR PASS,PASSENGER,REVIEW,0.600,NUMBER_RANGE,54104,1,16,{LIKELY_TRUNCATED}
ALD-CNB,PASSENGER,REVIEW,0.600,NUMBER_RANGE,64591,1,31,{ROUTE_CODE_STYLE}
ALD-CNB-INTE,SUPERFAST,REVIEW,0.700,NUMBER_RANGE,22441,1,9,{LIKELY_TRUNCATED}
ALD-CPU PASS,PASSENGER,REVIEW,0.600,NUMBER_RANGE,53346,1,23,{LIKELY_TRUNCATED}
ALD-DDN LINK,EXPRESS,REVIEW,0.650,NUMBER_RANGE,14113,1,15,{LIKELY_TRUNCATED}
ALD-JNU-PASS,PASSENGER,REVIEW,0.600,NUMBER_RANGE,54108,1,19,{LIKELY_TRUNCATED}
ALD-LTT DURA,SUPERFAST,REVIEW,0.700,NUMBER_RANGE,12294,1,5,{LIKELY_TRUNCATED}
ALD-MGS MEMU,PASSENGER,REVIEW,0.600,NUMBER_RANGE,64596,1,20,{LIKELY_TRUNCATED}
ALD-NDLS-DUR,SUPERFAST,REVIEW,0.700,NUMBER_RANGE,12275,1,2,{LIKELY_TRUNCATED}
ALD-UCR-CNB-,PASSENGER,REVIEW,0.600,NUMBER_RANGE,54102,1,34,{LIKELY_TRUNCATED}
ALD-UHP BI-W,SUPERFAST,REVIEW,0.700,NUMBER_RANGE,22431,1,18,{LIKELY_TRUNCATED}
ALIGARH BARE,PASSENGER,REVIEW,0.600,NUMBER_RANGE,54351,1,27,{LIKELY_TRUNCATED}
ALJN-BE PASS,PASSENGER,REVIEW,0.600,NUMBER_RANGE,54353,1,22,{LIKELY_TRUNCATED}
ALJN-DLI,PASSENGER,REVIEW,0.600,NUMBER_RANGE,64103,1,21,{ROUTE_CODE_STYLE}
ALJN-DLI 12C,PASSENGER,REVIEW,0.600,NUMBER_RANGE,64101,2,45,{LIKELY_TRUNCATED}
ALJN-DLI MEM,PASSENGER,REVIEW,0.600,NUMBER_RANGE,64151,1,21,{LIKELY_TRUNCATED}
ALJN-MB PASS,PASSENGER,REVIEW,0.600,NUMBER_RANGE,54391,1,24,{LIKELY_TRUNCATED}
ALJN-PWL EMU,PASSENGER,REVIEW,0.600,NUMBER_RANGE,64168,1,32,{LIKELY_TRUNCATED}
ALJN-TDL MEM,PASSENGER,REVIEW,0.600,NUMBER_RANGE,64154,1,11,{LIKELY_TRUNCATED}
ALLEPPEY EXP,SUPERFAST,REVIEW,0.700,NUMBER_RANGE,22639,1,25,{LIKELY_TRUNCATED}
ALLEPY-DHANB,EXPRESS,REVIEW,0.650,NUMBER_RANGE,13352,1,97,{LIKELY_TRUNCATED}
ALLP - QLN P,PASSENGER,REVIEW,0.600,NUMBER_RANGE,56301,1,14,{LIKELY_TRUNCATED}
ALLP ERS PAS,PASSENGER,REVIEW,0.600,NUMBER_RANGE,56302,1,12,{LIKELY_TRUNCATED}
ALLP-CAN CAN,EXPRESS,REVIEW,0.650,NUMBER_RANGE,16307,1,27,{LIKELY_TRUNCATED}
ALLP-CAN EXP,EXPRESS,REVIEW,0.650,NUMBER_RANGE,16313,1,27,{LIKELY_TRUNCATED}
ALLP-ERS PAS,PASSENGER,REVIEW,0.600,NUMBER_RANGE,56384,1,12,{LIKELY_TRUNCATED}
ALLP-KYJ PAS,PASSENGER,REVIEW,0.600,NUMBER_RANGE,56377,1,8,{LIKELY_TRUNCATED}
ALY - MUV PA,PASSENGER,REVIEW,0.600,NUMBER_RANGE,55128,1,22,{LIKELY_TRUNCATED}
ALY- MUV PAS,PASSENGER,REVIEW,0.600,NUMBER_RANGE,55130,1,22,{LIKELY_TRUNCATED}
ALY-BSB PASS,PASSENGER,REVIEW,0.600,NUMBER_RANGE,55126,1,22,{LIKELY_TRUNCATED}
ALY-MAU-DMU-,PASSENGER,REVIEW,0.600,NUMBER_RANGE,75106,1,37,{LIKELY_TRUNCATED}
AMAR NATH EX,SUPERFAST,REVIEW,0.700,NUMBER_RANGE,12587,1,18,{LIKELY_TRUNCATED}
AMARNATH EXP,EXPRESS,REVIEW,0.650,NUMBER_RANGE,15097,3,105,{LIKELY_TRUNCATED}
AMBALA DELHI,PASSENGER,REVIEW,0.600,NUMBER_RANGE,54540,1,40,{LIKELY_TRUNCATED}
AMBALA MEERU,PASSENGER,REVIEW,0.600,NUMBER_RANGE,54542,1,28,{LIKELY_TRUNCATED}
AMBALA-DELHI,EXPRESS,REVIEW,0.650,NUMBER_RANGE,14522,1,14,{LIKELY_TRUNCATED}
AMBG TAK LOC,PASSENGER,REVIEW,0.550,NUMBER_RANGE,37388,2,10,{LIKELY_TRUNCATED}
AMBG-HWH LOC,PASSENGER,REVIEW,0.550,NUMBER_RANGE,37366,3,69,{LIKELY_TRUNCATED}
AMBG-TAK LOC,PASSENGER,REVIEW,0.550,NUMBER_RANGE,37386,1,3,{LIKELY_TRUNCATED}
AMH-BP WEEKL,EXPRESS,REVIEW,0.650,NUMBER_RANGE,13138,1,22,{LIKELY_TRUNCATED}
AMH-LTT EXPR,EXPRESS,REVIEW,0.650,NUMBER_RANGE,11054,1,17,{LIKELY_TRUNCATED}
AMH-MUV PASS,PASSENGER,REVIEW,0.600,NUMBER_RANGE,55135,1,20,{LIKELY_TRUNCATED}
AMI BD PASS,PASSENGER,REVIEW,0.600,NUMBER_RANGE,51136,7,14,{}
AMI- JBP SUF,SUPERFAST,REVIEW,0.700,NUMBER_RANGE,12159,1,20,{LIKELY_TRUNCATED}
AMI-CSMT SF,SUPERFAST,REVIEW,0.700,NUMBER_RANGE,12112,1,14,{ROUTE_CODE_STYLE}
AMI-PUNE AC,SUPERFAST,REVIEW,0.700,NUMBER_RANGE,22118,1,10,{ROUTE_CODE_STYLE}
AMI-TPTY EXP,SUPERFAST,REVIEW,0.700,NUMBER_RANGE,12766,1,24,{LIKELY_TRUNCATED}
AMI-WR PASSE,PASSENGER,REVIEW,0.600,NUMBER_RANGE,51261,1,11,{LIKELY_TRUNCATED}
AMLA BZU PAS,PASSENGER,REVIEW,0.600,NUMBER_RANGE,51239,1,4,{LIKELY_TRUNCATED}
AMLA CWA PAS,PASSENGER,REVIEW,0.600,NUMBER_RANGE,51253,1,16,{LIKELY_TRUNCATED}
AMLA NGP PAS,PASSENGER,REVIEW,0.600,NUMBER_RANGE,51294,1,18,{LIKELY_TRUNCATED}
AMRAVAI-PUNE,EXPRESS,REVIEW,0.650,NUMBER_RANGE,11406,1,18,{LIKELY_TRUNCATED}
AMRAVATI-NGP,SUPERFAST,REVIEW,0.700,NUMBER_RANGE,12119,1,5,{LIKELY_TRUNCATED}
AMRITSAR EXP,EXPRESS,REVIEW,0.650,NUMBER_RANGE,11057,2,201,{LIKELY_TRUNCATED}
AMRITSAR MAI,EXPRESS,REVIEW,0.650,NUMBER_RANGE,13005,1,57,{LIKELY_TRUNCATED}
AMZ HWH LOCA,PASSENGER,REVIEW,0.550,NUMBER_RANGE,38908,1,21,{LIKELY_TRUNCATED}
AMZ SRC LOCA,PASSENGER,REVIEW,0.550,NUMBER_RANGE,38902,1,17,{LIKELY_TRUNCATED}
AMZ-HWH LOCA,PASSENGER,REVIEW,0.550,NUMBER_RANGE,38924,1,21,{LIKELY_TRUNCATED}
AN1,EMU,REVIEW,0.750,NUMBER_RANGE,96507,1,7,{COACH_CODE_AS_NAME}
AN10,EMU,REVIEW,0.750,NUMBER_RANGE,96508,1,5,{COACH_CODE_AS_NAME}
AN11,EMU,REVIEW,0.750,NUMBER_RANGE,95505,1,7,{COACH_CODE_AS_NAME}
AN12,EMU,REVIEW,0.750,NUMBER_RANGE,96510,1,5,{COACH_CODE_AS_NAME}
AN13,EMU,REVIEW,0.750,NUMBER_RANGE,96517,1,7,{COACH_CODE_AS_NAME}
AN14,EMU,REVIEW,0.750,NUMBER_RANGE,96512,1,5,{COACH_CODE_AS_NAME}
AN15,EMU,REVIEW,0.750,NUMBER_RANGE,95507,1,7,{COACH_CODE_AS_NAME}
AN16,EMU,REVIEW,0.750,NUMBER_RANGE,95506,1,5,{COACH_CODE_AS_NAME}
AN17,EMU,REVIEW,0.750,NUMBER_RANGE,96519,1,7,{COACH_CODE_AS_NAME}
AN18,EMU,REVIEW,0.750,NUMBER_RANGE,95508,1,5,{COACH_CODE_AS_NAME}
AN19,EMU,REVIEW,0.750,NUMBER_RANGE,95509,1,7,{COACH_CODE_AS_NAME}
AN2,EMU,REVIEW,0.750,NUMBER_RANGE,96502,1,5,{COACH_CODE_AS_NAME}
AN20,EMU,REVIEW,0.750,NUMBER_RANGE,95510,1,5,{COACH_CODE_AS_NAME}
AN21,EMU,REVIEW,0.750,NUMBER_RANGE,95511,1,7,{COACH_CODE_AS_NAME}
AN22,EMU,REVIEW,0.750,NUMBER_RANGE,95512,1,5,{COACH_CODE_AS_NAME}
AN23,EMU,REVIEW,0.750,NUMBER_RANGE,95513,1,7,{COACH_CODE_AS_NAME}
AN24,EMU,REVIEW,0.750,NUMBER_RANGE,96516,1,5,{COACH_CODE_AS_NAME}
AN25,EMU,REVIEW,0.750,NUMBER_RANGE,95515,1,7,{COACH_CODE_AS_NAME}
AN26,EMU,REVIEW,0.750,NUMBER_RANGE,95514,1,5,{COACH_CODE_AS_NAME}
AN27,EMU,REVIEW,0.750,NUMBER_RANGE,95517,1,7,{COACH_CODE_AS_NAME}
AN28,EMU,REVIEW,0.750,NUMBER_RANGE,96518,1,5,{COACH_CODE_AS_NAME}
AN29,EMU,REVIEW,0.750,NUMBER_RANGE,96521,1,7,{COACH_CODE_AS_NAME}
AN3,EMU,REVIEW,0.750,NUMBER_RANGE,96509,1,7,{COACH_CODE_AS_NAME}
AN30,EMU,REVIEW,0.750,NUMBER_RANGE,95516,1,5,{COACH_CODE_AS_NAME}
AN32,EMU,REVIEW,0.750,NUMBER_RANGE,96520,1,5,{COACH_CODE_AS_NAME}
AN4,EMU,REVIEW,0.750,NUMBER_RANGE,96504,1,5,{COACH_CODE_AS_NAME}
AN5,EMU,REVIEW,0.750,NUMBER_RANGE,95501,1,7,{COACH_CODE_AS_NAME}
AN6,EMU,REVIEW,0.750,NUMBER_RANGE,95502,1,5,{COACH_CODE_AS_NAME}
AN7,EMU,REVIEW,0.750,NUMBER_RANGE,96513,1,7,{COACH_CODE_AS_NAME}
AN8,EMU,REVIEW,0.750,NUMBER_RANGE,95504,1,5,{COACH_CODE_AS_NAME}
AN9,EMU,REVIEW,0.750,NUMBER_RANGE,95503,1,7,{COACH_CODE_AS_NAME}
ANAND GDA ME,PASSENGER,REVIEW,0.600,NUMBER_RANGE,69145,1,13,{LIKELY_TRUNCATED}
ANANYA EXPRE,SUPERFAST,REVIEW,0.700,NUMBER_RANGE,12316,1,23,{LIKELY_TRUNCATED}
ANDOLAN LOCA,PASSENGER,REVIEW,0.550,NUMBER_RANGE,37305,1,13,{LIKELY_TRUNCATED}
ANGL-PURI PA,PASSENGER,REVIEW,0.600,NUMBER_RANGE,58421,1,30,{LIKELY_TRUNCATED}
ANNANYA  EXP,SUPERFAST,REVIEW,0.700,NUMBER_RANGE,12315,1,23,{LIKELY_TRUNCATED}
ANND  DK MEM,PASSENGER,REVIEW,0.600,NUMBER_RANGE,69133,1,6,{LIKELY_TRUNCATED}
ANND - BRC M,PASSENGER,REVIEW,0.600,NUMBER_RANGE,69104,1,9,{LIKELY_TRUNCATED}
ANND - CBY D,PASSENGER,REVIEW,0.600,NUMBER_RANGE,79413,1,13,{LIKELY_TRUNCATED}
ANND BHARUCH,PASSENGER,REVIEW,0.600,NUMBER_RANGE,59162,1,20,{LIKELY_TRUNCATED}
ANND BRC MEM,PASSENGER,REVIEW,0.600,NUMBER_RANGE,69138,1,8,{LIKELY_TRUNCATED}
ANND GODHRA,PASSENGER,REVIEW,0.600,NUMBER_RANGE,69147,1,13,{}
ANND VTL PAS,PASSENGER,REVIEW,0.600,NUMBER_RANGE,59163,2,6,{LIKELY_TRUNCATED}
ANND- DK,PASSENGER,REVIEW,0.600,NUMBER_RANGE,69135,1,6,{}
ANND-ADI DMU,PASSENGER,REVIEW,0.600,NUMBER_RANGE,79429,1,5,{LIKELY_TRUNCATED}
ANND-ADI MEM,PASSENGER,REVIEW,0.600,NUMBER_RANGE,69105,3,39,{LIKELY_TRUNCATED}
ANND-CBY DMU,PASSENGER,REVIEW,0.600,NUMBER_RANGE,79415,7,91,{LIKELY_TRUNCATED}
ANND-DHD MEM,PASSENGER,REVIEW,0.600,NUMBER_RANGE,69189,1,23,{LIKELY_TRUNCATED}
ANND-GDA MEM,PASSENGER,REVIEW,0.600,NUMBER_RANGE,69123,2,26,{LIKELY_TRUNCATED}
ANND-GNC MEM,PASSENGER,REVIEW,0.600,NUMBER_RANGE,69191,1,17,{LIKELY_TRUNCATED}
ANVR-MAU-EXP,EXPRESS,REVIEW,0.650,NUMBER_RANGE,15026,1,11,{LIKELY_TRUNCATED}
ANVT - AGTL,EXPRESS,REVIEW,0.650,NUMBER_RANGE,20502,1,16,{}
ANVT - KYQ E,EXPRESS,REVIEW,0.650,NUMBER_RANGE,15622,1,25,{LIKELY_TRUNCATED}
ANVT BBS WEE,SUPERFAST,REVIEW,0.700,NUMBER_RANGE,22806,1,18,{LIKELY_TRUNCATED}
ANVT HTE  EX,SUPERFAST,REVIEW,0.700,NUMBER_RANGE,12874,1,21,{LIKELY_TRUNCATED}
ANVT HTE EXP,SUPERFAST,REVIEW,0.700,NUMBER_RANGE,12818,1,19,{LIKELY_TRUNCATED}
ANVT HWH BI-,SUPERFAST,REVIEW,0.700,NUMBER_RANGE,12324,1,9,{LIKELY_TRUNCATED}
ANVT SRC WEK,SUPERFAST,REVIEW,0.700,NUMBER_RANGE,22858,1,11,{LIKELY_TRUNCATED}
ANVT-AGTL SU,EXPRESS,REVIEW,0.650,NUMBER_RANGE,14020,1,18,{LIKELY_TRUNCATED}
ANVT-BBS SAM,SUPERFAST,REVIEW,0.700,NUMBER_RANGE,12820,1,13,{LIKELY_TRUNCATED}
ANVT-BGP GAR,SUPERFAST,REVIEW,0.700,NUMBER_RANGE,22406,1,22,{LIKELY_TRUNCATED}
ANVT-BSB GAR,SUPERFAST,REVIEW,0.700,NUMBER_RANGE,22408,1,9,{LIKELY_TRUNCATED}
ANVT-BUI SUF,SUPERFAST,REVIEW,0.700,NUMBER_RANGE,22428,1,11,{LIKELY_TRUNCATED}
ANVT-CNB-EXP,EXPRESS,REVIEW,0.650,NUMBER_RANGE,14152,1,13,{LIKELY_TRUNCATED}
ANVT-GAYA GA,SUPERFAST,REVIEW,0.700,NUMBER_RANGE,22410,1,10,{LIKELY_TRUNCATED}
ANVT-GCT EXP,SUPERFAST,REVIEW,0.700,NUMBER_RANGE,22434,1,10,{LIKELY_TRUNCATED}
ANVT-GCT SUH,SUPERFAST,REVIEW,0.700,NUMBER_RANGE,22420,1,12,{LIKELY_TRUNCATED}
ANVT-GKP EXP,EXPRESS,REVIEW,0.650,NUMBER_RANGE,15058,1,8,{LIKELY_TRUNCATED}
ANVT-GKP HAM,SUPERFAST,REVIEW,0.700,NUMBER_RANGE,12572,2,15,{LIKELY_TRUNCATED}
ANVT-HLZ EXP,SUPERFAST,REVIEW,0.700,NUMBER_RANGE,12444,1,14,{LIKELY_TRUNCATED}
ANVT-HWH YUV,SUPERFAST,REVIEW,0.700,NUMBER_RANGE,12250,1,7,{LIKELY_TRUNCATED}
ANVT-JBNSUPE,SUPERFAST,REVIEW,0.700,NUMBER_RANGE,12488,1,19,{LIKELY_TRUNCATED}
ANVT-JYG GAR,SUPERFAST,REVIEW,0.700,NUMBER_RANGE,12570,1,23,{LIKELY_TRUNCATED}
ANVT-LKU,EXPRESS,REVIEW,0.650,NUMBER_RANGE,15060,1,11,{ROUTE_CODE_STYLE}
ANVT-MB MEMU,PASSENGER,REVIEW,0.600,NUMBER_RANGE,64554,1,24,{LIKELY_TRUNCATED}
ANVT-MFP GAR,SUPERFAST,REVIEW,0.700,NUMBER_RANGE,12212,1,14,{LIKELY_TRUNCATED}
ANVT-MLDT WK,EXPRESS,REVIEW,0.650,NUMBER_RANGE,13430,1,24,{LIKELY_TRUNCATED}
ANVT-MTC MEM,PASSENGER,REVIEW,0.600,NUMBER_RANGE,64555,1,11,{LIKELY_TRUNCATED}
ANVT-REWA EX,SUPERFAST,REVIEW,0.700,NUMBER_RANGE,12428,1,13,{LIKELY_TRUNCATED}
ANVT-SHC JSA,EXPRESS,REVIEW,0.650,NUMBER_RANGE,15530,1,25,{LIKELY_TRUNCATED}
AP SAMPARK K,SUPERFAST,REVIEW,0.700,NUMBER_RANGE,12708,1,20,{LIKELY_TRUNCATED}
APDJ - BXT P,PASSENGER,REVIEW,0.600,NUMBER_RANGE,55465,1,14,{LIKELY_TRUNCATED}
APDJ - LMG I,EXPRESS,REVIEW,0.650,NUMBER_RANGE,15769,1,27,{LIKELY_TRUNCATED}
APDJ - NJP I,EXPRESS,REVIEW,0.650,NUMBER_RANGE,15768,1,14,{LIKELY_TRUNCATED}
APDJ-KYQ I/C,EXPRESS,REVIEW,0.650,NUMBER_RANGE,15771,1,20,{LIKELY_TRUNCATED}
APDJ-NJP PAS,PASSENGER,REVIEW,0.600,NUMBER_RANGE,55726,1,23,{LIKELY_TRUNCATED}
APDJ-SHTT RA,EXPRESS,REVIEW,0.650,NUMBER_RANGE,15417,1,26,{LIKELY_TRUNCATED}
APH-SOG  PAS,PASSENGER,REVIEW,0.600,NUMBER_RANGE,59707,2,20,{LIKELY_TRUNCATED}
APH-SOG HOLI,PASSENGER,REVIEW,0.600,NUMBER_RANGE,59731,1,10,{LIKELY_TRUNCATED}
APH-SOG PASS,PASSENGER,REVIEW,0.600,NUMBER_RANGE,59733,1,9,{LIKELY_TRUNCATED}
APR - MDGR P,PASSENGER,REVIEW,0.600,NUMBER_RANGE,58227,1,9,{LIKELY_TRUNCATED}
APR-CHRM PAS,PASSENGER,REVIEW,0.600,NUMBER_RANGE,51756,1,11,{LIKELY_TRUNCATED}
ARA-PNBE MEM,PASSENGER,REVIEW,0.600,NUMBER_RANGE,63214,2,23,{LIKELY_TRUNCATED}
ARA-SSM DEMU,PASSENGER,REVIEW,0.600,NUMBER_RANGE,75271,2,34,{LIKELY_TRUNCATED}
ARA-SSM PASS,PASSENGER,REVIEW,0.600,NUMBER_RANGE,54273,1,17,{LIKELY_TRUNCATED}
ARA-SSM-MGS,PASSENGER,REVIEW,0.600,NUMBER_RANGE,54271,1,31,{ROUTE_CODE_STYLE}
ARAMBAGH-HWH,PASSENGER,REVIEW,0.550,NUMBER_RANGE,37362,2,46,{LIKELY_TRUNCATED}
ARAVALI EXPR,EXPRESS,REVIEW,0.650,NUMBER_RANGE,19707,2,78,{LIKELY_TRUNCATED}
ARCHNA EXPRE,SUPERFAST,REVIEW,0.700,NUMBER_RANGE,12355,2,38,{LIKELY_TRUNCATED}
ARJ- JNU PAS,PASSENGER,REVIEW,0.600,NUMBER_RANGE,55159,1,9,{LIKELY_TRUNCATED}
ARJ-JNU PASS,PASSENGER,REVIEW,0.600,NUMBER_RANGE,55143,1,9,{LIKELY_TRUNCATED}
ARJ-MAU-SHG,PASSENGER,REVIEW,0.600,NUMBER_RANGE,55164,1,24,{ROUTE_CODE_STYLE}
ASANSOL-GOND,EXPRESS,REVIEW,0.650,NUMBER_RANGE,13509,1,24,{LIKELY_TRUNCATED}
ASANSOL-GORA,EXPRESS,REVIEW,0.650,NUMBER_RANGE,13507,1,15,{LIKELY_TRUNCATED}
ASHRAM EXPRE,SUPERFAST,REVIEW,0.700,NUMBER_RANGE,12915,2,40,{LIKELY_TRUNCATED}
ASK-MYS PASS,PASSENGER,REVIEW,0.600,NUMBER_RANGE,56265,2,42,{LIKELY_TRUNCATED}
ASK-SBC PASS,PASSENGER,REVIEW,0.600,NUMBER_RANGE,56224,1,29,{LIKELY_TRUNCATED}
ASK-UBL PASS,PASSENGER,REVIEW,0.600,NUMBER_RANGE,56273,1,36,{LIKELY_TRUNCATED}
ASN -  HLZ E,EXPRESS,REVIEW,0.650,NUMBER_RANGE,13502,1,18,{LIKELY_TRUNCATED}
ASN - BWN PA,PASSENGER,REVIEW,0.600,NUMBER_RANGE,63506,7,98,{LIKELY_TRUNCATED}
ASN - DGR PG,PASSENGER,REVIEW,0.600,NUMBER_RANGE,63528,1,6,{LIKELY_TRUNCATED}
ASN - KGP PA,PASSENGER,REVIEW,0.600,NUMBER_RANGE,58018,1,31,{LIKELY_TRUNCATED}
ASN ADRA LOC,PASSENGER,REVIEW,0.600,NUMBER_RANGE,68070,1,9,{LIKELY_TRUNCATED}
ASN ADRA PAS,PASSENGER,REVIEW,0.600,NUMBER_RANGE,58020,1,9,{LIKELY_TRUNCATED}
ASN BBM LOCA,PASSENGER,REVIEW,0.600,NUMBER_RANGE,68060,1,19,{LIKELY_TRUNCATED}
ASN BSB PASS,PASSENGER,REVIEW,0.600,NUMBER_RANGE,63553,1,83,{LIKELY_TRUNCATED}
ASN CSMT EXP,SUPERFAST,REVIEW,0.700,NUMBER_RANGE,12361,1,21,{LIKELY_TRUNCATED}
ASN MAS  EXP,SUPERFAST,REVIEW,0.700,NUMBER_RANGE,12376,1,27,{LIKELY_TRUNCATED}
ASN TATA LOC,PASSENGER,REVIEW,0.600,NUMBER_RANGE,68055,1,29,{LIKELY_TRUNCATED}
ASN-BKSC MEM,PASSENGER,REVIEW,0.600,NUMBER_RANGE,63592,2,47,{LIKELY_TRUNCATED}
ASN-BRKA PAS,PASSENGER,REVIEW,0.600,NUMBER_RANGE,53523,1,35,{LIKELY_TRUNCATED}
ASN-BWN PGR,PASSENGER,REVIEW,0.600,NUMBER_RANGE,63508,4,56,{ROUTE_CODE_STYLE}
ASN-DHN PGR.,PASSENGER,REVIEW,0.600,NUMBER_RANGE,63545,2,26,{LIKELY_TRUNCATED}
ASN-GMO PGR.,PASSENGER,REVIEW,0.600,NUMBER_RANGE,63541,2,36,{LIKELY_TRUNCATED}
ASN-JAJ PGR.,PASSENGER,REVIEW,0.600,NUMBER_RANGE,63567,1,20,{LIKELY_TRUNCATED}
ASN-JSME PGR,PASSENGER,REVIEW,0.600,NUMBER_RANGE,63561,3,46,{LIKELY_TRUNCATED}
ASN-PRR MEMU,PASSENGER,REVIEW,0.600,NUMBER_RANGE,63594,1,15,{LIKELY_TRUNCATED}
ASN-RNC PASS,PASSENGER,REVIEW,0.600,NUMBER_RANGE,63598,1,29,{LIKELY_TRUNCATED}
ASN-TATA TRI,EXPRESS,REVIEW,0.650,NUMBER_RANGE,13512,1,9,{LIKELY_TRUNCATED}
ASR - PTK PA,PASSENGER,REVIEW,0.600,NUMBER_RANGE,54615,1,17,{LIKELY_TRUNCATED}
ASR AII EXP,EXPRESS,REVIEW,0.650,NUMBER_RANGE,19614,1,26,{}
ASR AJMER EX,EXPRESS,REVIEW,0.650,NUMBER_RANGE,19612,1,31,{LIKELY_TRUNCATED}
ASR CNB EXPR,SUPERFAST,REVIEW,0.700,NUMBER_RANGE,22446,1,14,{LIKELY_TRUNCATED}
ASR CSMT EXP,EXPRESS,REVIEW,0.650,NUMBER_RANGE,11058,1,91,{LIKELY_TRUNCATED}
ASR DDN PASS,EXPRESS,REVIEW,0.650,NUMBER_RANGE,14632,1,29,{LIKELY_TRUNCATED}
ASR HWH EXPR,EXPRESS,REVIEW,0.650,NUMBER_RANGE,13050,1,106,{LIKELY_TRUNCATED}
ASR HWH MAIL,EXPRESS,REVIEW,0.650,NUMBER_RANGE,13006,1,56,{LIKELY_TRUNCATED}
ASR INDB EXP,EXPRESS,REVIEW,0.650,NUMBER_RANGE,19326,1,24,{LIKELY_TRUNCATED}
ASR KOAA SUP,SUPERFAST,REVIEW,0.700,NUMBER_RANGE,12358,1,15,{LIKELY_TRUNCATED}
ASR- DBG JAN,EXPRESS,REVIEW,0.650,NUMBER_RANGE,15212,1,46,{LIKELY_TRUNCATED}
ASR-BSP CHHA,EXPRESS,REVIEW,0.650,NUMBER_RANGE,18238,1,89,{LIKELY_TRUNCATED}
ASR-CDG INTE,SUPERFAST,REVIEW,0.700,NUMBER_RANGE,12412,1,9,{LIKELY_TRUNCATED}
ASR-CDG SUPE,SUPERFAST,REVIEW,0.700,NUMBER_RANGE,12242,1,6,{LIKELY_TRUNCATED}
ASR-DBRG EXP,EXPRESS,REVIEW,0.650,NUMBER_RANGE,15934,1,38,{LIKELY_TRUNCATED}
ASR-GKP SUPE,SUPERFAST,REVIEW,0.700,NUMBER_RANGE,22424,1,16,{LIKELY_TRUNCATED}
ASR-HSR PASS,PASSENGER,REVIEW,0.600,NUMBER_RANGE,54602,1,39,{LIKELY_TRUNCATED}
ASR-HSX DMU,PASSENGER,REVIEW,0.600,NUMBER_RANGE,74924,1,16,{ROUTE_CODE_STYLE}
ASR-HW JAN S,SUPERFAST,REVIEW,0.700,NUMBER_RANGE,12054,1,11,{LIKELY_TRUNCATED}
ASR-JUC DMU,PASSENGER,REVIEW,0.600,NUMBER_RANGE,74644,1,11,{ROUTE_CODE_STYLE}
ASR-KEMK DMU,PASSENGER,REVIEW,0.600,NUMBER_RANGE,74681,8,36,{LIKELY_TRUNCATED}
ASR-KIR EXPR,EXPRESS,REVIEW,0.650,NUMBER_RANGE,15708,1,53,{LIKELY_TRUNCATED}
ASR-LDH MEMU,PASSENGER,REVIEW,0.600,NUMBER_RANGE,64552,1,19,{LIKELY_TRUNCATED}
ASR-LKU EXPR,EXPRESS,REVIEW,0.650,NUMBER_RANGE,14616,1,18,{LIKELY_TRUNCATED}
ASR-NDLS EXP,SUPERFAST,REVIEW,0.700,NUMBER_RANGE,12459,2,32,{LIKELY_TRUNCATED}
ASR-NDLS SHA,SUPERFAST,REVIEW,0.700,NUMBER_RANGE,12014,2,16,{LIKELY_TRUNCATED}
ASR-NED SACH,SUPERFAST,REVIEW,0.700,NUMBER_RANGE,12716,1,36,{LIKELY_TRUNCATED}
ASR-NED SUPE,SUPERFAST,REVIEW,0.700,NUMBER_RANGE,12422,1,23,{LIKELY_TRUNCATED}
ASR-NGP AC E,SUPERFAST,REVIEW,0.700,NUMBER_RANGE,22126,1,10,{LIKELY_TRUNCATED}
ASR-NLDM EXP,EXPRESS,REVIEW,0.650,NUMBER_RANGE,14505,1,11,{LIKELY_TRUNCATED}
ASR-PTK DMU,PASSENGER,REVIEW,0.600,NUMBER_RANGE,74671,2,33,{ROUTE_CODE_STYLE}
ASR-PTK PASS,PASSENGER,REVIEW,0.600,NUMBER_RANGE,54611,1,16,{LIKELY_TRUNCATED}
ASR-PTKPASS,PASSENGER,REVIEW,0.600,NUMBER_RANGE,54613,1,17,{ROUTE_CODE_STYLE}
ASR-QDN DMU,PASSENGER,REVIEW,0.600,NUMBER_RANGE,74691,1,6,{ROUTE_CODE_STYLE}
ASR-SHC JANS,EXPRESS,REVIEW,0.650,NUMBER_RANGE,15210,1,48,{LIKELY_TRUNCATED}
ASR-SHC JSAD,EXPRESS,REVIEW,0.650,NUMBER_RANGE,15532,1,28,{LIKELY_TRUNCATED}
ASR-VSKP HIR,EXPRESS,REVIEW,0.650,NUMBER_RANGE,18508,1,48,{LIKELY_TRUNCATED}
ATT-ASR DMU,PASSENGER,REVIEW,0.600,NUMBER_RANGE,74661,4,16,{ROUTE_CODE_STYLE}
ATT-DLI LINK,EXPRESS,REVIEW,0.650,NUMBER_RANGE,14002,1,2,{LIKELY_TRUNCATED}
AUG KR RAJ E,SUPERFAST,REVIEW,0.700,NUMBER_RANGE,12953,1,13,{LIKELY_TRUNCATED}
AVADH ASSAM,EXPRESS,REVIEW,0.650,NUMBER_RANGE,15909,1,89,{}
AVADH EXPRES,EXPRESS,REVIEW,0.650,NUMBER_RANGE,19037,4,300,{LIKELY_TRUNCATED}
AVANTIKA EXP,SUPERFAST,REVIEW,0.700,NUMBER_RANGE,12961,1,19,{LIKELY_TRUNCATED}
AVD-AJJ EMU,PASSENGER,REVIEW,0.550,NUMBER_RANGE,43841,1,17,{ROUTE_CODE_STYLE}
AVD-MMC,PASSENGER,REVIEW,0.600,NUMBER_RANGE,66000,1,7,{ROUTE_CODE_STYLE}
AVD-MMC EMU,PASSENGER,REVIEW,0.550,NUMBER_RANGE,43002,8,88,{ROUTE_CODE_STYLE}
AVD-MMC MEMU,PASSENGER,REVIEW,0.600,NUMBER_RANGE,66002,2,14,{LIKELY_TRUNCATED}
AVD-MMC PASS,PASSENGER,REVIEW,0.600,NUMBER_RANGE,66004,2,18,{LIKELY_TRUNCATED}
AVD-MSB EMU,PASSENGER,REVIEW,0.550,NUMBER_RANGE,43602,12,140,{ROUTE_CODE_STYLE}
AVD-PTMS EMU,PASSENGER,REVIEW,0.550,NUMBER_RANGE,43891,1,3,{LIKELY_TRUNCATED}
AVD-TRL EMU,PASSENGER,REVIEW,0.550,NUMBER_RANGE,43831,1,5,{ROUTE_CODE_STYLE}
AVD-TRT EMU,PASSENGER,REVIEW,0.550,NUMBER_RANGE,43847,1,18,{ROUTE_CODE_STYLE}
AVD-VLCY LOC,PASSENGER,REVIEW,0.550,NUMBER_RANGE,43652,12,120,{LIKELY_TRUNCATED}
AWB-HYB PASS,PASSENGER,REVIEW,0.600,NUMBER_RANGE,57550,1,57,{LIKELY_TRUNCATED}
AWB-NED WEEK,EXPRESS,REVIEW,0.650,NUMBER_RANGE,17619,1,8,{LIKELY_TRUNCATED}
AWB-RU EXP,EXPRESS,REVIEW,0.650,NUMBER_RANGE,17621,1,28,{ROUTE_CODE_STYLE}
AWR JP EXP,EXPRESS,REVIEW,0.650,NUMBER_RANGE,14808,1,10,{}
AY-GKP  PASS,PASSENGER,REVIEW,0.600,NUMBER_RANGE,55002,1,24,{LIKELY_TRUNCATED}
AY-MUR PASS,PASSENGER,REVIEW,0.600,NUMBER_RANGE,54240,2,10,{ROUTE_CODE_STYLE}
AYVN-TEN PAS,PASSENGER,REVIEW,0.600,NUMBER_RANGE,56798,1,18,{LIKELY_TRUNCATED}
AZ - KWAE  P,PASSENGER,REVIEW,0.600,NUMBER_RANGE,53014,2,37,{LIKELY_TRUNCATED}
AZ - KWAE PA,PASSENGER,REVIEW,0.600,NUMBER_RANGE,53016,2,31,{LIKELY_TRUNCATED}
AZ - MLDT PA,PASSENGER,REVIEW,0.600,NUMBER_RANGE,53027,1,22,{LIKELY_TRUNCATED}
AZ - RPH  PA,PASSENGER,REVIEW,0.600,NUMBER_RANGE,53025,1,11,{LIKELY_TRUNCATED}
AZ - RPH DMU,PASSENGER,REVIEW,0.600,NUMBER_RANGE,73021,1,11,{LIKELY_TRUNCATED}
AZ -RPH  PAS,PASSENGER,REVIEW,0.600,NUMBER_RANGE,53031,1,11,{LIKELY_TRUNCATED}
AZ- KWAE  PA,PASSENGER,REVIEW,0.600,NUMBER_RANGE,53012,1,20,{LIKELY_TRUNCATED}
AZ-BGP PASSE,PASSENGER,REVIEW,0.600,NUMBER_RANGE,53029,1,42,{LIKELY_TRUNCATED}
AZ-BHW PASS,PASSENGER,REVIEW,0.600,NUMBER_RANGE,53433,1,19,{ROUTE_CODE_STYLE}
AZ-BHW PASSE,PASSENGER,REVIEW,0.600,NUMBER_RANGE,53035,1,18,{LIKELY_TRUNCATED}
AZ-HWH PASSE,PASSENGER,REVIEW,0.600,NUMBER_RANGE,53002,1,36,{LIKELY_TRUNCATED}
AZ-KWAE  PAS,PASSENGER,REVIEW,0.600,NUMBER_RANGE,53010,1,19,{LIKELY_TRUNCATED}
AZ-KWAE DEMU,PASSENGER,REVIEW,0.600,NUMBER_RANGE,73032,1,13,{LIKELY_TRUNCATED}
AZ-KWAE PASS,PASSENGER,REVIEW,0.600,NUMBER_RANGE,53006,2,34,{LIKELY_TRUNCATED}
AZ-NHT PASS,PASSENGER,REVIEW,0.600,NUMBER_RANGE,73034,1,9,{ROUTE_CODE_STYLE}
AZ-NILE DMU,PASSENGER,REVIEW,0.600,NUMBER_RANGE,73037,1,10,{ROUTE_CODE_STYLE}
AZ-RPH PASSE,PASSENGER,REVIEW,0.600,NUMBER_RANGE,53023,1,11,{LIKELY_TRUNCATED}
AZ-SBG PASSE,PASSENGER,REVIEW,0.600,NUMBER_RANGE,53021,1,25,{LIKELY_TRUNCATED}
AZAD HIND EX,SUPERFAST,REVIEW,0.700,NUMBER_RANGE,12129,1,30,{LIKELY_TRUNCATED}
AZIMABAD EXP,SUPERFAST,REVIEW,0.700,NUMBER_RANGE,12947,2,38,{LIKELY_TRUNCATED}
B 15,EMU,REVIEW,0.750,NUMBER_RANGE,98815,1,2,{}
B 21,EMU,REVIEW,0.750,NUMBER_RANGE,98821,1,2,{}
B 23,EMU,REVIEW,0.750,NUMBER_RANGE,98823,1,2,{}
B 33,EMU,REVIEW,0.750,NUMBER_RANGE,98833,1,2,{}
B 39,EMU,REVIEW,0.750,NUMBER_RANGE,98839,1,2,{}
B 41,EMU,REVIEW,0.750,NUMBER_RANGE,98841,1,2,{}
B 43,EMU,REVIEW,0.750,NUMBER_RANGE,98843,1,2,{}
B 45,EMU,REVIEW,0.750,NUMBER_RANGE,98845,1,2,{}
B 49,EMU,REVIEW,0.750,NUMBER_RANGE,98849,1,2,{}
B 51,EMU,REVIEW,0.750,NUMBER_RANGE,98851,1,2,{}
B 53,EMU,REVIEW,0.750,NUMBER_RANGE,98853,1,2,{}
B 55,EMU,REVIEW,0.750,NUMBER_RANGE,98855,1,2,{}
B 57,EMU,REVIEW,0.750,NUMBER_RANGE,98857,1,2,{}
B 65,EMU,REVIEW,0.750,NUMBER_RANGE,98865,1,2,{}
B 73,EMU,REVIEW,0.750,NUMBER_RANGE,98873,1,2,{}
B 75,EMU,REVIEW,0.750,NUMBER_RANGE,98875,1,2,{}
B 77,EMU,REVIEW,0.750,NUMBER_RANGE,98877,1,2,{}
B 79,EMU,REVIEW,0.750,NUMBER_RANGE,98879,1,2,{}
B 81,EMU,REVIEW,0.750,NUMBER_RANGE,98881,1,2,{}
B 83,EMU,REVIEW,0.750,NUMBER_RANGE,98883,1,2,{}
B 85,EMU,REVIEW,0.750,NUMBER_RANGE,98885,1,2,{}
B 87,EMU,REVIEW,0.750,NUMBER_RANGE,98887,1,2,{}
B 88,EMU,REVIEW,0.750,NUMBER_RANGE,98886,1,2,{}
B1,EMU,REVIEW,0.750,NUMBER_RANGE,98801,1,2,{COACH_CODE_AS_NAME}
B10,EMU,REVIEW,0.750,NUMBER_RANGE,98808,1,2,{COACH_CODE_AS_NAME}
B11,EMU,REVIEW,0.750,NUMBER_RANGE,98811,1,2,{COACH_CODE_AS_NAME}
B12,EMU,REVIEW,0.750,NUMBER_RANGE,98810,1,2,{COACH_CODE_AS_NAME}
B13,EMU,REVIEW,0.750,NUMBER_RANGE,98813,1,2,{COACH_CODE_AS_NAME}
B14,EMU,REVIEW,0.750,NUMBER_RANGE,98812,1,2,{COACH_CODE_AS_NAME}
B16,EMU,REVIEW,0.750,NUMBER_RANGE,98814,1,2,{COACH_CODE_AS_NAME}
B17,EMU,REVIEW,0.750,NUMBER_RANGE,98817,1,2,{COACH_CODE_AS_NAME}
B18,EMU,REVIEW,0.750,NUMBER_RANGE,98816,1,2,{COACH_CODE_AS_NAME}
B19,EMU,REVIEW,0.750,NUMBER_RANGE,98819,1,2,{COACH_CODE_AS_NAME}
B2,EMU,REVIEW,0.750,NUMBER_RANGE,98800,1,2,{COACH_CODE_AS_NAME}
B20,EMU,REVIEW,0.750,NUMBER_RANGE,98818,1,2,{COACH_CODE_AS_NAME}
B22,EMU,REVIEW,0.750,NUMBER_RANGE,98820,1,2,{COACH_CODE_AS_NAME}
B24,EMU,REVIEW,0.750,NUMBER_RANGE,98822,1,2,{COACH_CODE_AS_NAME}
B25,EMU,REVIEW,0.750,NUMBER_RANGE,98825,1,2,{COACH_CODE_AS_NAME}
B26,EMU,REVIEW,0.750,NUMBER_RANGE,98824,1,2,{COACH_CODE_AS_NAME}
B27,EMU,REVIEW,0.750,NUMBER_RANGE,98827,1,2,{COACH_CODE_AS_NAME}
B28,EMU,REVIEW,0.750,NUMBER_RANGE,98826,1,2,{COACH_CODE_AS_NAME}
B29,EMU,REVIEW,0.750,NUMBER_RANGE,98829,1,2,{COACH_CODE_AS_NAME}
B3,EMU,REVIEW,0.750,NUMBER_RANGE,98803,1,2,{COACH_CODE_AS_NAME}
B30,EMU,REVIEW,0.750,NUMBER_RANGE,98828,1,2,{COACH_CODE_AS_NAME}
B31,EMU,REVIEW,0.750,NUMBER_RANGE,98831,1,2,{COACH_CODE_AS_NAME}
B32,EMU,REVIEW,0.750,NUMBER_RANGE,98830,1,2,{COACH_CODE_AS_NAME}
B34,EMU,REVIEW,0.750,NUMBER_RANGE,98832,1,2,{COACH_CODE_AS_NAME}
B36,EMU,REVIEW,0.750,NUMBER_RANGE,98834,1,2,{COACH_CODE_AS_NAME}
B38,EMU,REVIEW,0.750,NUMBER_RANGE,98836,1,2,{COACH_CODE_AS_NAME}
B4,EMU,REVIEW,0.750,NUMBER_RANGE,98802,1,2,{COACH_CODE_AS_NAME}
B40,EMU,REVIEW,0.750,NUMBER_RANGE,98838,1,2,{COACH_CODE_AS_NAME}
B42,EMU,REVIEW,0.750,NUMBER_RANGE,98840,1,2,{COACH_CODE_AS_NAME}
B44,EMU,REVIEW,0.750,NUMBER_RANGE,98842,1,2,{COACH_CODE_AS_NAME}
B46,EMU,REVIEW,0.750,NUMBER_RANGE,98844,1,2,{COACH_CODE_AS_NAME}
B47,EMU,REVIEW,0.750,NUMBER_RANGE,98847,1,2,{COACH_CODE_AS_NAME}
B48,EMU,REVIEW,0.750,NUMBER_RANGE,98846,1,2,{COACH_CODE_AS_NAME}
B5,EMU,REVIEW,0.750,NUMBER_RANGE,98805,1,2,{COACH_CODE_AS_NAME}
B50,EMU,REVIEW,0.750,NUMBER_RANGE,98848,1,2,{COACH_CODE_AS_NAME}
B52,EMU,REVIEW,0.750,NUMBER_RANGE,98850,1,2,{COACH_CODE_AS_NAME}
B54,EMU,REVIEW,0.750,NUMBER_RANGE,98852,1,2,{COACH_CODE_AS_NAME}
B56,EMU,REVIEW,0.750,NUMBER_RANGE,98854,1,2,{COACH_CODE_AS_NAME}
B58,EMU,REVIEW,0.750,NUMBER_RANGE,98856,1,2,{COACH_CODE_AS_NAME}
B59,EMU,REVIEW,0.750,NUMBER_RANGE,98859,1,2,{COACH_CODE_AS_NAME}
B6,EMU,REVIEW,0.750,NUMBER_RANGE,98804,1,2,{COACH_CODE_AS_NAME}
B60,EMU,REVIEW,0.750,NUMBER_RANGE,98858,1,2,{COACH_CODE_AS_NAME}
B61,EMU,REVIEW,0.750,NUMBER_RANGE,98861,1,2,{COACH_CODE_AS_NAME}
B62,EMU,REVIEW,0.750,NUMBER_RANGE,98860,1,2,{COACH_CODE_AS_NAME}
B63,EMU,REVIEW,0.750,NUMBER_RANGE,98863,1,2,{COACH_CODE_AS_NAME}
B64,EMU,REVIEW,0.750,NUMBER_RANGE,98862,1,2,{COACH_CODE_AS_NAME}
B66,EMU,REVIEW,0.750,NUMBER_RANGE,98864,1,2,{COACH_CODE_AS_NAME}
B68,EMU,REVIEW,0.750,NUMBER_RANGE,98866,1,2,{COACH_CODE_AS_NAME}
B69,EMU,REVIEW,0.750,NUMBER_RANGE,98869,1,2,{COACH_CODE_AS_NAME}
B7,EMU,REVIEW,0.750,NUMBER_RANGE,98807,1,2,{COACH_CODE_AS_NAME}
B70,EMU,REVIEW,0.750,NUMBER_RANGE,98868,1,2,{COACH_CODE_AS_NAME}
B72,EMU,REVIEW,0.750,NUMBER_RANGE,98870,1,2,{COACH_CODE_AS_NAME}
B74,EMU,REVIEW,0.750,NUMBER_RANGE,98872,1,2,{COACH_CODE_AS_NAME}
B76,EMU,REVIEW,0.750,NUMBER_RANGE,98874,1,2,{COACH_CODE_AS_NAME}
B78,EMU,REVIEW,0.750,NUMBER_RANGE,98876,1,2,{COACH_CODE_AS_NAME}
B8,EMU,REVIEW,0.750,NUMBER_RANGE,98806,1,2,{COACH_CODE_AS_NAME}
B80,EMU,REVIEW,0.750,NUMBER_RANGE,98878,1,2,{COACH_CODE_AS_NAME}
B82,EMU,REVIEW,0.750,NUMBER_RANGE,98880,1,2,{COACH_CODE_AS_NAME}
B84,EMU,REVIEW,0.750,NUMBER_RANGE,98882,1,2,{COACH_CODE_AS_NAME}
B86,EMU,REVIEW,0.750,NUMBER_RANGE,98884,1,2,{COACH_CODE_AS_NAME}
B9,EMU,REVIEW,0.750,NUMBER_RANGE,98809,1,2,{COACH_CODE_AS_NAME}
BA 35,EMU,REVIEW,0.750,NUMBER_RANGE,98835,1,2,{}
BA 37,EMU,REVIEW,0.750,NUMBER_RANGE,98837,1,2,{}
BA 67,EMU,REVIEW,0.750,NUMBER_RANGE,98867,1,2,{}
BA 71,EMU,REVIEW,0.750,NUMBER_RANGE,98871,1,2,{}
BAGH EXPRESS,EXPRESS,REVIEW,0.880,NAME_RULE,13019,2,130,{LIKELY_TRUNCATED}
BAGMATI  EXP,SUPERFAST,REVIEW,0.700,NUMBER_RANGE,12578,1,40,{LIKELY_TRUNCATED}
BAGMATI EXP,SUPERFAST,REVIEW,0.700,NUMBER_RANGE,12577,1,41,{}
BAHL- BDGM D,PASSENGER,REVIEW,0.600,NUMBER_RANGE,74635,3,36,{LIKELY_TRUNCATED}
BAHL-BDGM DM,PASSENGER,REVIEW,0.600,NUMBER_RANGE,74611,3,36,{LIKELY_TRUNCATED}
BAHL-BRML DE,PASSENGER,REVIEW,0.600,NUMBER_RANGE,74615,1,17,{LIKELY_TRUNCATED}
BAHL-BRML DM,PASSENGER,REVIEW,0.600,NUMBER_RANGE,74619,4,60,{LIKELY_TRUNCATED}
BAKA - BGP P,PASSENGER,REVIEW,0.600,NUMBER_RANGE,53447,2,30,{LIKELY_TRUNCATED}
BAKA- RJPB(T,EXPRESS,REVIEW,0.650,NUMBER_RANGE,13241,1,21,{LIKELY_TRUNCATED}
BALAMAU SHAH,PASSENGER,REVIEW,0.600,NUMBER_RANGE,54329,1,16,{LIKELY_TRUNCATED}
BALAMAU-KANP,PASSENGER,REVIEW,0.600,NUMBER_RANGE,54335,1,20,{LIKELY_TRUNCATED}
BALLY-BDC LO,PASSENGER,REVIEW,0.550,NUMBER_RANGE,37511,1,14,{LIKELY_TRUNCATED}
BAM-BBS PASS,PASSENGER,REVIEW,0.600,NUMBER_RANGE,58412,2,55,{LIKELY_TRUNCATED}
BAM-CTC  FAS,PASSENGER,REVIEW,0.600,NUMBER_RANGE,58434,1,17,{LIKELY_TRUNCATED}
BAM-PSA PASS,PASSENGER,REVIEW,0.600,NUMBER_RANGE,78505,1,10,{LIKELY_TRUNCATED}
BANDRA T EXP,SUPERFAST,REVIEW,0.700,NUMBER_RANGE,22952,1,15,{LIKELY_TRUNCATED}
BANDRA(T) GC,EXPRESS,REVIEW,0.650,NUMBER_RANGE,19041,1,31,{LIKELY_TRUNCATED}
BANGALORE RA,SUPERFAST,REVIEW,0.700,NUMBER_RANGE,22691,2,30,{LIKELY_TRUNCATED}
BANGALORE SF,SUPERFAST,REVIEW,0.700,NUMBER_RANGE,22607,1,14,{LIKELY_TRUNCATED}
BANKA JSME P,PASSENGER,REVIEW,0.600,NUMBER_RANGE,73582,1,9,{LIKELY_TRUNCATED}
BANKA-RJPB (,EXPRESS,REVIEW,0.650,NUMBER_RANGE,13242,1,21,{LIKELY_TRUNCATED}
BARA-JU  PAS,PASSENGER,REVIEW,0.600,NUMBER_RANGE,54826,1,12,{LIKELY_TRUNCATED}
BARABIL-HOWR,SUPERFAST,REVIEW,0.700,NUMBER_RANGE,12022,1,11,{LIKELY_TRUNCATED}
BARAUNI LUCK,EXPRESS,REVIEW,0.650,NUMBER_RANGE,15203,1,37,{LIKELY_TRUNCATED}
BARAUNI-GWL,EXPRESS,REVIEW,0.650,NUMBER_RANGE,11123,1,49,{}
BAREILLY EXP,EXPRESS,REVIEW,0.650,NUMBER_RANGE,14555,2,42,{LIKELY_TRUNCATED}
BAREILLY MOR,PASSENGER,REVIEW,0.600,NUMBER_RANGE,54311,1,20,{LIKELY_TRUNCATED}
BARELLY ALIG,PASSENGER,REVIEW,0.600,NUMBER_RANGE,54354,1,27,{LIKELY_TRUNCATED}
BARI-SRMT-PA,PASSENGER,REVIEW,0.600,NUMBER_RANGE,52183,1,5,{LIKELY_TRUNCATED}
BARKAKANA AD,PASSENGER,REVIEW,0.600,NUMBER_RANGE,58622,1,22,{LIKELY_TRUNCATED}
BARMER  KLK,EXPRESS,REVIEW,0.650,NUMBER_RANGE,14888,1,40,{}
BARMER AC EX,EXPRESS,REVIEW,0.650,NUMBER_RANGE,14805,1,38,{LIKELY_TRUNCATED}
BARUIPUR DH,PASSENGER,REVIEW,0.550,NUMBER_RANGE,34892,1,14,{}
BAY PASS,PASSENGER,REVIEW,0.600,NUMBER_RANGE,77416,1,9,{}
BAY-DWR PASS,PASSENGER,REVIEW,0.600,NUMBER_RANGE,51411,1,29,{LIKELY_TRUNCATED}
BB BJP FAST,PASSENGER,REVIEW,0.600,NUMBER_RANGE,51029,1,31,{}
BBD-KNJ,PASSENGER,REVIEW,0.550,NUMBER_RANGE,30145,1,34,{ROUTE_CODE_STYLE}
BBDB - BRP L,PASSENGER,REVIEW,0.550,NUMBER_RANGE,30612,1,24,{LIKELY_TRUNCATED}
BBDB - DDJ L,PASSENGER,REVIEW,0.550,NUMBER_RANGE,30211,1,8,{LIKELY_TRUNCATED}
BBDB - SDAH,PASSENGER,REVIEW,0.550,NUMBER_RANGE,30411,2,22,{}
BBK-CNB MEMU,PASSENGER,REVIEW,0.600,NUMBER_RANGE,64235,1,17,{LIKELY_TRUNCATED}
BBK-LJN MEMU,PASSENGER,REVIEW,0.600,NUMBER_RANGE,64271,3,30,{LIKELY_TRUNCATED}
BBK-LKO MEMU,PASSENGER,REVIEW,0.600,NUMBER_RANGE,64231,1,5,{LIKELY_TRUNCATED}
BBM ASN LOCA,PASSENGER,REVIEW,0.600,NUMBER_RANGE,68059,1,19,{LIKELY_TRUNCATED}
BBN TATA PAS,PASSENGER,REVIEW,0.600,NUMBER_RANGE,58104,1,18,{LIKELY_TRUNCATED}
BBN-CKP EXPR,EXPRESS,REVIEW,0.650,NUMBER_RANGE,18404,1,6,{LIKELY_TRUNCATED}
BBN-PURI INT,EXPRESS,REVIEW,0.650,NUMBER_RANGE,18415,1,30,{LIKELY_TRUNCATED}
BBS ANVT WEE,SUPERFAST,REVIEW,0.700,NUMBER_RANGE,22805,1,18,{LIKELY_TRUNCATED}
BBS BGY EXPR,SUPERFAST,REVIEW,0.700,NUMBER_RANGE,12892,1,16,{LIKELY_TRUNCATED}
BBS-BAM PASS,PASSENGER,REVIEW,0.600,NUMBER_RANGE,58411,2,55,{LIKELY_TRUNCATED}
BBS-BHC PASS,PASSENGER,REVIEW,0.600,NUMBER_RANGE,58408,1,30,{LIKELY_TRUNCATED}
BBS-BKSC GAR,SUPERFAST,REVIEW,0.700,NUMBER_RANGE,12832,1,12,{LIKELY_TRUNCATED}
BBS-BLGR S/F,SUPERFAST,REVIEW,0.700,NUMBER_RANGE,12893,1,16,{LIKELY_TRUNCATED}
BBS-CEN WEEK,SUPERFAST,REVIEW,0.700,NUMBER_RANGE,12830,1,21,{LIKELY_TRUNCATED}
BBS-CTC  PAS,PASSENGER,REVIEW,0.600,NUMBER_RANGE,78502,1,8,{LIKELY_TRUNCATED}
BBS-HWH JAN,SUPERFAST,REVIEW,0.700,NUMBER_RANGE,12074,1,9,{ROUTE_CODE_STYLE}
BBS-JDB HIRA,EXPRESS,REVIEW,0.650,NUMBER_RANGE,18447,1,41,{LIKELY_TRUNCATED}
BBS-JNRD LIN,EXPRESS,REVIEW,0.650,NUMBER_RANGE,18437,1,11,{LIKELY_TRUNCATED}
BBS-KDJR FAS,PASSENGER,REVIEW,0.600,NUMBER_RANGE,58426,1,22,{LIKELY_TRUNCATED}
BBS-KJM WEEK,SUPERFAST,REVIEW,0.700,NUMBER_RANGE,22833,1,19,{LIKELY_TRUNCATED}
BBS-LTT BI-W,SUPERFAST,REVIEW,0.700,NUMBER_RANGE,12880,1,20,{LIKELY_TRUNCATED}
BBS-NDLS DUR,SUPERFAST,REVIEW,0.700,NUMBER_RANGE,12281,1,6,{LIKELY_TRUNCATED}
BBS-NDLS RAJ,SUPERFAST,REVIEW,0.700,NUMBER_RANGE,22811,2,27,{LIKELY_TRUNCATED}
BBS-NDLS SAM,SUPERFAST,REVIEW,0.700,NUMBER_RANGE,12819,1,13,{LIKELY_TRUNCATED}
BBS-NDLS VIA,EXPRESS,REVIEW,0.650,NUMBER_RANGE,20817,1,13,{LIKELY_TRUNCATED}
BBS-PDY S/F,SUPERFAST,REVIEW,0.700,NUMBER_RANGE,12898,1,19,{ROUTE_CODE_STYLE}
BBS-PSA PASS,PASSENGER,REVIEW,0.600,NUMBER_RANGE,58419,1,36,{LIKELY_TRUNCATED}
BBS-PUNE S/F,SUPERFAST,REVIEW,0.700,NUMBER_RANGE,22882,1,14,{LIKELY_TRUNCATED}
BBS-RMM WEEK,EXPRESS,REVIEW,0.650,NUMBER_RANGE,18496,1,25,{LIKELY_TRUNCATED}
BBS-ROU INTE,SUPERFAST,REVIEW,0.700,NUMBER_RANGE,22840,1,12,{LIKELY_TRUNCATED}
BBS-SBC PRAS,EXPRESS,REVIEW,0.650,NUMBER_RANGE,18463,1,47,{LIKELY_TRUNCATED}
BBS-SC VISAK,EXPRESS,REVIEW,0.650,NUMBER_RANGE,17015,1,41,{LIKELY_TRUNCATED}
BBS-TPTY S/F,SUPERFAST,REVIEW,0.700,NUMBER_RANGE,22871,2,40,{LIKELY_TRUNCATED}
BBS-VSKP SF,SUPERFAST,REVIEW,0.700,NUMBER_RANGE,22819,1,27,{ROUTE_CODE_STYLE}
BBS-YPR S/FA,SUPERFAST,REVIEW,0.700,NUMBER_RANGE,12845,1,21,{LIKELY_TRUNCATED}
BBU-GAYA-PNB,EXPRESS,REVIEW,0.650,NUMBER_RANGE,13244,1,24,{LIKELY_TRUNCATED}
BBU-PNBE INT,EXPRESS,REVIEW,0.650,NUMBER_RANGE,13250,1,12,{LIKELY_TRUNCATED}
BC- KSJ-PASS,PASSENGER,REVIEW,0.600,NUMBER_RANGE,55356,1,19,{LIKELY_TRUNCATED}
BC-KSJ PASSE,PASSENGER,REVIEW,0.600,NUMBER_RANGE,55344,2,38,{LIKELY_TRUNCATED}
BC-KSJ-PASS,PASSENGER,REVIEW,0.600,NUMBER_RANGE,55358,2,27,{ROUTE_CODE_STYLE}
BC-LKU PASSE,PASSENGER,REVIEW,0.600,NUMBER_RANGE,55335,4,40,{LIKELY_TRUNCATED}
BC-PBE PASSE,PASSENGER,REVIEW,0.600,NUMBER_RANGE,55361,4,34,{LIKELY_TRUNCATED}
BCK HWH LOCA,PASSENGER,REVIEW,0.550,NUMBER_RANGE,38502,1,29,{LIKELY_TRUNCATED}
BCT BL PASS,PASSENGER,REVIEW,0.600,NUMBER_RANGE,59023,1,20,{}
BCT DOUBLEDE,SUPERFAST,REVIEW,0.700,NUMBER_RANGE,12932,1,11,{LIKELY_TRUNCATED}
BCT JP SF EX,SUPERFAST,REVIEW,0.700,NUMBER_RANGE,12955,1,19,{LIKELY_TRUNCATED}
BCY-BTT DMU,PASSENGER,REVIEW,0.600,NUMBER_RANGE,75114,1,24,{ROUTE_CODE_STYLE}
BCY-BUI DEMU,PASSENGER,REVIEW,0.600,NUMBER_RANGE,75102,1,22,{LIKELY_TRUNCATED}
BCY-CPR PASS,PASSENGER,REVIEW,0.600,NUMBER_RANGE,55132,1,33,{LIKELY_TRUNCATED}
BCY-CPR- INT,EXPRESS,REVIEW,0.650,NUMBER_RANGE,15112,1,14,{LIKELY_TRUNCATED}
BCY-GKP PASS,PASSENGER,REVIEW,0.600,NUMBER_RANGE,55150,1,28,{LIKELY_TRUNCATED}
BCY-PEP DEMU,PASSENGER,REVIEW,0.600,NUMBER_RANGE,75104,1,20,{LIKELY_TRUNCATED}
BD AMI MIXD,PASSENGER,REVIEW,0.600,NUMBER_RANGE,51145,1,2,{}
BD AMI PASSE,PASSENGER,REVIEW,0.600,NUMBER_RANGE,51135,6,12,{LIKELY_TRUNCATED}
BDB-MTJ,PASSENGER,REVIEW,0.600,NUMBER_RANGE,72176,3,12,{ROUTE_CODE_STYLE}
BDC - KWAE L,PASSENGER,REVIEW,0.550,NUMBER_RANGE,37745,4,109,{LIKELY_TRUNCATED}
BDC BLY LOCA,PASSENGER,REVIEW,0.550,NUMBER_RANGE,37512,1,14,{LIKELY_TRUNCATED}
BDC LOCAL,PASSENGER,REVIEW,0.550,NUMBER_RANGE,37290,1,17,{}
BDC-BWN  LOC,PASSENGER,REVIEW,0.550,NUMBER_RANGE,37785,1,18,{LIKELY_TRUNCATED}
BDC-BWN LOCA,PASSENGER,REVIEW,0.550,NUMBER_RANGE,37781,2,36,{LIKELY_TRUNCATED}
BDC-HWH LOCA,PASSENGER,REVIEW,0.550,NUMBER_RANGE,37212,38,646,{LIKELY_TRUNCATED}
BDC-HWH MATR,PASSENGER,REVIEW,0.550,NUMBER_RANGE,37202,1,17,{LIKELY_TRUNCATED}
BDC-HWHLOCAL,PASSENGER,REVIEW,0.550,NUMBER_RANGE,37236,1,17,{LIKELY_TRUNCATED}
BDC-KWAE LOC,PASSENGER,REVIEW,0.550,NUMBER_RANGE,37741,3,75,{LIKELY_TRUNCATED}
BDC-MYM LOCA,PASSENGER,REVIEW,0.550,NUMBER_RANGE,37731,1,12,{LIKELY_TRUNCATED}
BDC-NH LOCAL,PASSENGER,REVIEW,0.550,NUMBER_RANGE,37522,19,76,{LIKELY_TRUNCATED}
BDC-PDA LOCA,PASSENGER,REVIEW,0.550,NUMBER_RANGE,37711,1,6,{LIKELY_TRUNCATED}
BDE-PRTN PAS,PASSENGER,REVIEW,0.600,NUMBER_RANGE,59122,1,19,{LIKELY_TRUNCATED}
BDGM - BAHL,PASSENGER,REVIEW,0.600,NUMBER_RANGE,74612,1,12,{}
BDGM-BAHL,PASSENGER,REVIEW,0.600,NUMBER_RANGE,74634,1,12,{ROUTE_CODE_STYLE}
BDGM-BAHL DM,PASSENGER,REVIEW,0.600,NUMBER_RANGE,74632,4,48,{LIKELY_TRUNCATED}
BDGM-BRML,PASSENGER,REVIEW,0.600,NUMBER_RANGE,74621,1,6,{ROUTE_CODE_STYLE}
BDGM-BRML DM,PASSENGER,REVIEW,0.600,NUMBER_RANGE,74613,3,18,{LIKELY_TRUNCATED}
BDHN-MBNR  P,PASSENGER,REVIEW,0.600,NUMBER_RANGE,57474,1,62,{LIKELY_TRUNCATED}
BDHN-MZL PAS,PASSENGER,REVIEW,0.600,NUMBER_RANGE,57502,1,16,{LIKELY_TRUNCATED}
BDL-LKO INTE,EXPRESS,REVIEW,0.650,NUMBER_RANGE,14209,1,8,{LIKELY_TRUNCATED}
BDME - JSME,PASSENGER,REVIEW,0.600,NUMBER_RANGE,63154,8,23,{}
BDME-ASN PAS,PASSENGER,REVIEW,0.600,NUMBER_RANGE,63562,2,32,{LIKELY_TRUNCATED}
BDME-RNC EXP,EXPRESS,REVIEW,0.650,NUMBER_RANGE,13319,1,20,{LIKELY_TRUNCATED}
BDTS  CNB EX,SUPERFAST,REVIEW,0.700,NUMBER_RANGE,22444,1,22,{LIKELY_TRUNCATED}
BDTS - AII,SUPERFAST,REVIEW,0.700,NUMBER_RANGE,22995,1,4,{}
BDTS - CDG E,SUPERFAST,REVIEW,0.700,NUMBER_RANGE,22451,1,24,{LIKELY_TRUNCATED}
BDTS AC S F,SUPERFAST,REVIEW,0.700,NUMBER_RANGE,22904,1,8,{}
BDTS AII UDZ,SUPERFAST,REVIEW,0.700,NUMBER_RANGE,12995,1,19,{LIKELY_TRUNCATED}
BDTS BGKT EX,SUPERFAST,REVIEW,0.700,NUMBER_RANGE,22965,1,10,{LIKELY_TRUNCATED}
BDTS BKN SF,SUPERFAST,REVIEW,0.700,NUMBER_RANGE,22474,1,23,{}
BDTS BVC SF,SUPERFAST,REVIEW,0.700,NUMBER_RANGE,22963,1,18,{}
BDTS DEE EXP,SUPERFAST,REVIEW,0.700,NUMBER_RANGE,22949,1,27,{LIKELY_TRUNCATED}
BDTS GARIB R,SUPERFAST,REVIEW,0.700,NUMBER_RANGE,12910,1,9,{LIKELY_TRUNCATED}
BDTS HSR SF,SUPERFAST,REVIEW,0.700,NUMBER_RANGE,22915,1,30,{}
BDTS JP SF E,SUPERFAST,REVIEW,0.700,NUMBER_RANGE,12979,2,32,{LIKELY_TRUNCATED}
BDTS JSM EXP,SUPERFAST,REVIEW,0.700,NUMBER_RANGE,22931,1,27,{LIKELY_TRUNCATED}
BDTS LJN EXP,EXPRESS,REVIEW,0.650,NUMBER_RANGE,19021,1,23,{LIKELY_TRUNCATED}
BDTS MHV SF,SUPERFAST,REVIEW,0.700,NUMBER_RANGE,22993,1,15,{}
BDTS MHV WEE,SUPERFAST,REVIEW,0.700,NUMBER_RANGE,22989,1,16,{LIKELY_TRUNCATED}
BDTS NZM YUV,SUPERFAST,REVIEW,0.700,NUMBER_RANGE,12247,1,7,{LIKELY_TRUNCATED}
BDTS PATNA S,SUPERFAST,REVIEW,0.700,NUMBER_RANGE,22971,1,14,{LIKELY_TRUNCATED}
BDTS PIT  SF,SUPERFAST,REVIEW,0.700,NUMBER_RANGE,22935,1,12,{LIKELY_TRUNCATED}
BDTS SMPRK K,SUPERFAST,REVIEW,0.700,NUMBER_RANGE,12907,1,5,{LIKELY_TRUNCATED}
BDTS SURAT E,SUPERFAST,REVIEW,0.700,NUMBER_RANGE,12935,1,10,{LIKELY_TRUNCATED}
BDTS UDZ AII,SUPERFAST,REVIEW,0.700,NUMBER_RANGE,22901,1,16,{LIKELY_TRUNCATED}
BDTS VRL SF,SUPERFAST,REVIEW,0.700,NUMBER_RANGE,22991,1,12,{}
BDTS-DEE GAR,SUPERFAST,REVIEW,0.700,NUMBER_RANGE,12216,1,18,{LIKELY_TRUNCATED}
BDTS-GKP EXP,EXPRESS,REVIEW,0.650,NUMBER_RANGE,15068,1,26,{LIKELY_TRUNCATED}
BDTS-JHS EXP,EXPRESS,REVIEW,0.650,NUMBER_RANGE,11104,1,21,{LIKELY_TRUNCATED}
BE - ALJN PA,PASSENGER,REVIEW,0.600,NUMBER_RANGE,54352,1,27,{LIKELY_TRUNCATED}
BE - NBVJ,EXPRESS,REVIEW,0.650,NUMBER_RANGE,14312,2,90,{}
BE - NBVJ EX,EXPRESS,REVIEW,0.650,NUMBER_RANGE,14321,1,46,{LIKELY_TRUNCATED}
BE - RAC PAS,PASSENGER,REVIEW,0.600,NUMBER_RANGE,54356,1,13,{LIKELY_TRUNCATED}
BE -NBVJ EXP,EXPRESS,REVIEW,0.650,NUMBER_RANGE,14311,1,46,{LIKELY_TRUNCATED}
BE-IND EXPRE,EXPRESS,REVIEW,0.650,NUMBER_RANGE,14320,1,19,{LIKELY_TRUNCATED}
BE-LKO EXP.,EXPRESS,REVIEW,0.650,NUMBER_RANGE,14308,1,40,{ROUTE_CODE_STYLE}
BE-MB,PASSENGER,REVIEW,0.600,NUMBER_RANGE,54077,1,18,{ROUTE_CODE_STYLE}
BE-PRG PASSE,PASSENGER,REVIEW,0.600,NUMBER_RANGE,54378,1,62,{LIKELY_TRUNCATED}
BE/BKI PASS,PASSENGER,REVIEW,0.600,NUMBER_RANGE,54462,1,56,{}
BEAS-TTO,PASSENGER,REVIEW,0.600,NUMBER_RANGE,74601,1,6,{ROUTE_CODE_STYLE}
BEAS-TTO DMU,PASSENGER,REVIEW,0.600,NUMBER_RANGE,74603,4,24,{LIKELY_TRUNCATED}
BERELLY VARA,EXPRESS,REVIEW,0.650,NUMBER_RANGE,14236,1,45,{LIKELY_TRUNCATED}
BGB - SDAH L,PASSENGER,REVIEW,0.550,NUMBER_RANGE,34111,27,297,{LIKELY_TRUNCATED}
BGB-BP LOCAL,PASSENGER,REVIEW,0.550,NUMBER_RANGE,31051,1,26,{LIKELY_TRUNCATED}
BGB-NH LOCAL,PASSENGER,REVIEW,0.550,NUMBER_RANGE,31053,2,52,{LIKELY_TRUNCATED}
BGB-SDAH LOC,PASSENGER,REVIEW,0.550,NUMBER_RANGE,34165,1,11,{LIKELY_TRUNCATED}
BGK PASS,PASSENGER,REVIEW,0.600,NUMBER_RANGE,57641,1,39,{}
BGK-MYS BASA,EXPRESS,REVIEW,0.650,NUMBER_RANGE,17308,1,32,{LIKELY_TRUNCATED}
BGK-SUR PASS,PASSENGER,REVIEW,0.600,NUMBER_RANGE,57642,1,25,{LIKELY_TRUNCATED}
BGKT ADI EXP,EXPRESS,REVIEW,0.650,NUMBER_RANGE,14803,1,17,{LIKELY_TRUNCATED}
BGKT BDTS SF,SUPERFAST,REVIEW,0.700,NUMBER_RANGE,22966,1,10,{LIKELY_TRUNCATED}
BGKT DEE SF,SUPERFAST,REVIEW,0.700,NUMBER_RANGE,22422,1,22,{}
BGKT KYQ WEE,EXPRESS,REVIEW,0.650,NUMBER_RANGE,15623,1,46,{LIKELY_TRUNCATED}
BGKT-BSP EXP,EXPRESS,REVIEW,0.650,NUMBER_RANGE,18244,1,33,{LIKELY_TRUNCATED}
BGKT-MQ WKLY,EXPRESS,REVIEW,0.650,NUMBER_RANGE,16863,1,43,{LIKELY_TRUNCATED}
BGKT-VSKP WE,EXPRESS,REVIEW,0.650,NUMBER_RANGE,18574,1,35,{LIKELY_TRUNCATED}
BGKTPUNE EXP,EXPRESS,REVIEW,0.650,NUMBER_RANGE,11089,1,26,{LIKELY_TRUNCATED}
BGM-MRJ PASS,PASSENGER,REVIEW,0.600,NUMBER_RANGE,51462,2,32,{LIKELY_TRUNCATED}
BGM-UBL FAST,PASSENGER,REVIEW,0.600,NUMBER_RANGE,56922,1,10,{LIKELY_TRUNCATED}
BGNA BWN LOC,PASSENGER,REVIEW,0.550,NUMBER_RANGE,35012,5,45,{LIKELY_TRUNCATED}
BGP - BAKA P,PASSENGER,REVIEW,0.600,NUMBER_RANGE,53448,2,30,{LIKELY_TRUNCATED}
BGP - HSDA P,PASSENGER,REVIEW,0.600,NUMBER_RANGE,53446,1,16,{LIKELY_TRUNCATED}
BGP - HSDAPG,PASSENGER,REVIEW,0.600,NUMBER_RANGE,53442,1,16,{LIKELY_TRUNCATED}
BGP - MDLE P,PASSENGER,REVIEW,0.600,NUMBER_RANGE,53444,1,18,{LIKELY_TRUNCATED}
BGP NDLS EXP,SUPERFAST,REVIEW,0.700,NUMBER_RANGE,12349,1,13,{LIKELY_TRUNCATED}
BGP-AII WKLY,EXPRESS,REVIEW,0.650,NUMBER_RANGE,13423,1,18,{LIKELY_TRUNCATED}
BGP-ANVT GAR,SUPERFAST,REVIEW,0.700,NUMBER_RANGE,22405,1,22,{LIKELY_TRUNCATED}
BGP-AZ PASSE,PASSENGER,REVIEW,0.600,NUMBER_RANGE,53030,1,41,{LIKELY_TRUNCATED}
BGP-JMP PASS,PASSENGER,REVIEW,0.600,NUMBER_RANGE,53497,1,18,{LIKELY_TRUNCATED}
BGP-JMP PGR,PASSENGER,REVIEW,0.600,NUMBER_RANGE,73429,1,13,{ROUTE_CODE_STYLE}
BGP-LT(T) EX,SUPERFAST,REVIEW,0.700,NUMBER_RANGE,12335,1,39,{LIKELY_TRUNCATED}
BGP-SBG PASS,PASSENGER,REVIEW,0.600,NUMBER_RANGE,53038,1,14,{LIKELY_TRUNCATED}
BGP-YPR ANGA,SUPERFAST,REVIEW,0.700,NUMBER_RANGE,12254,1,29,{LIKELY_TRUNCATED}
BGY BBS EXPR,SUPERFAST,REVIEW,0.700,NUMBER_RANGE,12891,1,16,{LIKELY_TRUNCATED}
BGY BPO LOCA,PASSENGER,REVIEW,0.600,NUMBER_RANGE,78020,1,7,{LIKELY_TRUNCATED}
BGY- BPO PAS,PASSENGER,REVIEW,0.600,NUMBER_RANGE,78014,1,5,{LIKELY_TRUNCATED}
BH - ST,PASSENGER,REVIEW,0.600,NUMBER_RANGE,69172,1,12,{}
BH VIRAR,PASSENGER,REVIEW,0.600,NUMBER_RANGE,69150,1,42,{}
BH-DGFJ-BH M,PASSENGER,REVIEW,0.600,NUMBER_RANGE,69195,2,12,{LIKELY_TRUNCATED}
BHAGIRATHI E,EXPRESS,REVIEW,0.650,NUMBER_RANGE,13103,2,28,{LIKELY_TRUNCATED}
BHARUCH ANND,PASSENGER,REVIEW,0.600,NUMBER_RANGE,59161,1,20,{LIKELY_TRUNCATED}
BHATINDA SHA,SUPERFAST,REVIEW,0.700,NUMBER_RANGE,12047,1,10,{LIKELY_TRUNCATED}
BHAVNAGAR EX,SUPERFAST,REVIEW,0.700,NUMBER_RANGE,12971,1,20,{LIKELY_TRUNCATED}
BHAVNAGAR PA,PASSENGER,REVIEW,0.600,NUMBER_RANGE,59208,1,59,{LIKELY_TRUNCATED}
BHBR-HJP PAS,PASSENGER,REVIEW,0.600,NUMBER_RANGE,55542,1,28,{LIKELY_TRUNCATED}
BHC BLS PASS,PASSENGER,REVIEW,0.600,NUMBER_RANGE,58030,1,10,{LIKELY_TRUNCATED}
BHC-CTC,PASSENGER,REVIEW,0.600,NUMBER_RANGE,58423,2,46,{ROUTE_CODE_STYLE}
BHC-HWH PASS,PASSENGER,REVIEW,0.600,NUMBER_RANGE,58004,1,39,{LIKELY_TRUNCATED}
BHC-KGP PASS,PASSENGER,REVIEW,0.600,NUMBER_RANGE,58008,1,28,{LIKELY_TRUNCATED}
BHIND-KOTA P,PASSENGER,REVIEW,0.600,NUMBER_RANGE,59822,1,47,{LIKELY_TRUNCATED}
BHJ-BTT PASS,PASSENGER,REVIEW,0.600,NUMBER_RANGE,55102,2,14,{LIKELY_TRUNCATED}
BHJ-SRU PASS,PASSENGER,REVIEW,0.600,NUMBER_RANGE,55106,2,10,{LIKELY_TRUNCATED}
BHL - RTM DM,PASSENGER,REVIEW,0.600,NUMBER_RANGE,79302,1,26,{LIKELY_TRUNCATED}
BHNG - DKGN,PASSENGER,REVIEW,0.600,NUMBER_RANGE,55720,1,8,{}
BHONGIR-FM M,PASSENGER,REVIEW,0.600,NUMBER_RANGE,67276,1,16,{LIKELY_TRUNCATED}
BHOPAL EXPRE,EXPRESS,REVIEW,0.650,NUMBER_RANGE,19303,1,18,{LIKELY_TRUNCATED}
BHOPAL-DAMOH,SUPERFAST,REVIEW,0.700,NUMBER_RANGE,22161,1,11,{LIKELY_TRUNCATED}
BHP-HWH KAVI,EXPRESS,REVIEW,0.650,NUMBER_RANGE,13016,1,5,{LIKELY_TRUNCATED}
BHRB - SCL P,PASSENGER,REVIEW,0.600,NUMBER_RANGE,55668,1,14,{LIKELY_TRUNCATED}
BHUBANESHWAR,SUPERFAST,REVIEW,0.700,NUMBER_RANGE,12846,1,21,{LIKELY_TRUNCATED}
BHUJ - PNU P,PASSENGER,REVIEW,0.600,NUMBER_RANGE,59425,1,38,{LIKELY_TRUNCATED}
BHUJ AC S F,SUPERFAST,REVIEW,0.700,NUMBER_RANGE,22903,1,8,{}
BHUJ DADAR E,SUPERFAST,REVIEW,0.700,NUMBER_RANGE,12960,1,20,{LIKELY_TRUNCATED}
BHUJ DDR EXP,EXPRESS,REVIEW,0.650,NUMBER_RANGE,19116,1,29,{LIKELY_TRUNCATED}
BHUJ PUNE EX,EXPRESS,REVIEW,0.650,NUMBER_RANGE,11091,1,24,{LIKELY_TRUNCATED}
BHUSAVAL PAS,PASSENGER,REVIEW,0.600,NUMBER_RANGE,59013,3,105,{LIKELY_TRUNCATED}
BHW - BWN PA,PASSENGER,REVIEW,0.600,NUMBER_RANGE,53064,1,31,{LIKELY_TRUNCATED}
BHW-AZ PASS,PASSENGER,REVIEW,0.600,NUMBER_RANGE,53434,1,19,{ROUTE_CODE_STYLE}
BHW-AZ PASSE,PASSENGER,REVIEW,0.600,NUMBER_RANGE,53036,1,20,{LIKELY_TRUNCATED}
BHW-RPH PASS,PASSENGER,REVIEW,0.600,NUMBER_RANGE,53076,2,26,{LIKELY_TRUNCATED}
BHW-SBG PASS,PASSENGER,REVIEW,0.600,NUMBER_RANGE,53411,1,10,{LIKELY_TRUNCATED}
BIDAR-CSMT E,SUPERFAST,REVIEW,0.700,NUMBER_RANGE,22144,1,17,{LIKELY_TRUNCATED}
BIDAR-GR DEM,PASSENGER,REVIEW,0.600,NUMBER_RANGE,77655,1,8,{LIKELY_TRUNCATED}
BIDR-GRDEMU,PASSENGER,REVIEW,0.600,NUMBER_RANGE,77651,1,8,{ROUTE_CODE_STYLE}
BIDR-HMBD DE,PASSENGER,REVIEW,0.600,NUMBER_RANGE,77653,1,4,{LIKELY_TRUNCATED}
BIDR-HYB-INT,EXPRESS,REVIEW,0.650,NUMBER_RANGE,17009,1,9,{LIKELY_TRUNCATED}
BIDR-LTT EXP,EXPRESS,REVIEW,0.650,NUMBER_RANGE,11076,1,13,{LIKELY_TRUNCATED}
BIDR-YPR EXP,EXPRESS,REVIEW,0.650,NUMBER_RANGE,16572,1,18,{LIKELY_TRUNCATED}
BIHAR SAMPAR,SUPERFAST,REVIEW,0.700,NUMBER_RANGE,12565,2,22,{LIKELY_TRUNCATED}
BIN-GWL PASS,PASSENGER,REVIEW,0.600,NUMBER_RANGE,51884,1,31,{LIKELY_TRUNCATED}
BIN-JHS  PAS,PASSENGER,REVIEW,0.600,NUMBER_RANGE,51811,1,20,{LIKELY_TRUNCATED}
BINA NAD PAS,PASSENGER,REVIEW,0.600,NUMBER_RANGE,59342,1,44,{LIKELY_TRUNCATED}
BINA- BPL ME,PASSENGER,REVIEW,0.600,NUMBER_RANGE,61632,1,16,{LIKELY_TRUNCATED}
BINA-DMO PAS,PASSENGER,REVIEW,0.600,NUMBER_RANGE,51885,1,18,{LIKELY_TRUNCATED}
BINA-GUNA PA,PASSENGER,REVIEW,0.600,NUMBER_RANGE,51607,2,34,{LIKELY_TRUNCATED}
BINA-KMZ  PA,PASSENGER,REVIEW,0.600,NUMBER_RANGE,51601,1,31,{LIKELY_TRUNCATED}
BINA-KOTA PA,PASSENGER,REVIEW,0.600,NUMBER_RANGE,51612,1,38,{LIKELY_TRUNCATED}
BINA-KTE PAS,PASSENGER,REVIEW,0.600,NUMBER_RANGE,51603,1,32,{LIKELY_TRUNCATED}
BIR-KNW SHUT,PASSENGER,REVIEW,0.600,NUMBER_RANGE,51686,2,10,{LIKELY_TRUNCATED}
BIRL - DBG D,PASSENGER,REVIEW,0.600,NUMBER_RANGE,75280,1,5,{LIKELY_TRUNCATED}
BIRL - DBG P,PASSENGER,REVIEW,0.600,NUMBER_RANGE,55576,1,5,{LIKELY_TRUNCATED}
BIRL - SKI P,PASSENGER,REVIEW,0.600,NUMBER_RANGE,55578,1,5,{LIKELY_TRUNCATED}
BIWANI ROHTA,PASSENGER,REVIEW,0.600,NUMBER_RANGE,54424,1,23,{LIKELY_TRUNCATED}
BIX - INDB E,EXPRESS,REVIEW,0.650,NUMBER_RANGE,21126,1,17,{LIKELY_TRUNCATED}
BIX-ETW PASS,PASSENGER,REVIEW,0.600,NUMBER_RANGE,59827,1,3,{LIKELY_TRUNCATED}
BIX-GWL PASS,PASSENGER,REVIEW,0.600,NUMBER_RANGE,59824,2,28,{LIKELY_TRUNCATED}
BJE ADRA LOC,PASSENGER,REVIEW,0.600,NUMBER_RANGE,68076,1,5,{LIKELY_TRUNCATED}
BJE CRP LOCA,PASSENGER,REVIEW,0.600,NUMBER_RANGE,68079,1,7,{LIKELY_TRUNCATED}
BJE VAA PASS,PASSENGER,REVIEW,0.600,NUMBER_RANGE,68073,1,5,{LIKELY_TRUNCATED}
BJE-SHM ARAN,SUPERFAST,REVIEW,0.700,NUMBER_RANGE,12886,1,13,{LIKELY_TRUNCATED}
BJP BB FAST,PASSENGER,REVIEW,0.600,NUMBER_RANGE,51030,1,34,{}
BJP PASS,PASSENGER,REVIEW,0.600,NUMBER_RANGE,57134,1,38,{}
BJP-BMO PASS,PASSENGER,REVIEW,0.600,NUMBER_RANGE,57129,1,63,{LIKELY_TRUNCATED}
BJP-SUR EXPR,EXPRESS,REVIEW,0.650,NUMBER_RANGE,11032,1,5,{LIKELY_TRUNCATED}
BJP-SUR PASS,PASSENGER,REVIEW,0.600,NUMBER_RANGE,57133,2,50,{LIKELY_TRUNCATED}
BJP-UBL PASS,PASSENGER,REVIEW,0.600,NUMBER_RANGE,56905,1,42,{LIKELY_TRUNCATED}
BJPL-PTK,PASSENGER,REVIEW,0.600,NUMBER_RANGE,52468,1,30,{ROUTE_CODE_STYLE}
BJPL-PTK PAS,PASSENGER,REVIEW,0.600,NUMBER_RANGE,52464,3,80,{LIKELY_TRUNCATED}
BJU - GONDIA,EXPRESS,REVIEW,0.650,NUMBER_RANGE,15231,1,32,{LIKELY_TRUNCATED}
BJU-HJP PASS,PASSENGER,REVIEW,0.600,NUMBER_RANGE,55549,1,17,{LIKELY_TRUNCATED}
BJU-KIR PASS,PASSENGER,REVIEW,0.600,NUMBER_RANGE,55222,1,25,{LIKELY_TRUNCATED}
BJU-MKA MEMU,PASSENGER,REVIEW,0.600,NUMBER_RANGE,63273,2,12,{LIKELY_TRUNCATED}
BJU-PNBE MEM,PASSENGER,REVIEW,0.600,NUMBER_RANGE,63283,2,49,{LIKELY_TRUNCATED}
BJU-PPTA PAS,PASSENGER,REVIEW,0.600,NUMBER_RANGE,55229,1,22,{LIKELY_TRUNCATED}
BJU-SEE MEMU,PASSENGER,REVIEW,0.600,NUMBER_RANGE,63279,1,20,{LIKELY_TRUNCATED}
BJU-SHC EXPR,EXPRESS,REVIEW,0.650,NUMBER_RANGE,15276,1,8,{LIKELY_TRUNCATED}
BJU-SPJ PASS,PASSENGER,REVIEW,0.600,NUMBER_RANGE,55237,2,19,{LIKELY_TRUNCATED}
BKI-BARELLY,PASSENGER,REVIEW,0.600,NUMBER_RANGE,54461,1,55,{ROUTE_CODE_STYLE}
BKI-IDH DMU,PASSENGER,REVIEW,0.600,NUMBER_RANGE,71908,1,22,{ROUTE_CODE_STYLE}
BKI-IDH SHUT,PASSENGER,REVIEW,0.600,NUMBER_RANGE,71904,1,22,{LIKELY_TRUNCATED}
BKN BDTS SF,SUPERFAST,REVIEW,0.700,NUMBER_RANGE,22473,1,23,{}
BKN CBE AC S,SUPERFAST,REVIEW,0.700,NUMBER_RANGE,22475,1,34,{LIKELY_TRUNCATED}
BKN DDR SF E,SUPERFAST,REVIEW,0.700,NUMBER_RANGE,12489,1,22,{LIKELY_TRUNCATED}
BKN DEE S F,SUPERFAST,REVIEW,0.700,NUMBER_RANGE,12458,1,14,{}
BKN DEE SF E,SUPERFAST,REVIEW,0.700,NUMBER_RANGE,22471,1,14,{LIKELY_TRUNCATED}
BKN HSR PASS,PASSENGER,REVIEW,0.600,NUMBER_RANGE,74833,1,29,{LIKELY_TRUNCATED}
BKN HW EXP,EXPRESS,REVIEW,0.650,NUMBER_RANGE,14717,1,14,{}
BKN KCVL EXP,EXPRESS,REVIEW,0.650,NUMBER_RANGE,16311,1,44,{LIKELY_TRUNCATED}
BKN KOAA SUP,SUPERFAST,REVIEW,0.700,NUMBER_RANGE,12495,1,20,{LIKELY_TRUNCATED}
BKN PURI EXP,EXPRESS,REVIEW,0.650,NUMBER_RANGE,14709,1,31,{LIKELY_TRUNCATED}
BKN RE PASSE,PASSENGER,REVIEW,0.600,NUMBER_RANGE,54790,1,45,{LIKELY_TRUNCATED}
BKN- RTGH PA,PASSENGER,REVIEW,0.600,NUMBER_RANGE,74855,1,14,{LIKELY_TRUNCATED}
BKN-BSP EXP,EXPRESS,REVIEW,0.650,NUMBER_RANGE,18246,1,33,{ROUTE_CODE_STYLE}
BKN-CUR PASS,PASSENGER,REVIEW,0.600,NUMBER_RANGE,74831,1,19,{LIKELY_TRUNCATED}
BKN-DEE  EXP,SUPERFAST,REVIEW,0.700,NUMBER_RANGE,12456,1,21,{LIKELY_TRUNCATED}
BKN-MAS  ANU,SUPERFAST,REVIEW,0.700,NUMBER_RANGE,22632,1,32,{LIKELY_TRUNCATED}
BKN-MTD,SUPERFAST,REVIEW,0.700,NUMBER_RANGE,22308,1,5,{ROUTE_CODE_STYLE}
BKN-MTD  LIN,SUPERFAST,REVIEW,0.700,NUMBER_RANGE,22464,1,4,{LIKELY_TRUNCATED}
BKN-NED WEEK,EXPRESS,REVIEW,0.650,NUMBER_RANGE,17624,1,29,{LIKELY_TRUNCATED}
BKN-SC EXP,EXPRESS,REVIEW,0.650,NUMBER_RANGE,17038,1,28,{ROUTE_CODE_STYLE}
BKN-YPR BI-W,EXPRESS,REVIEW,0.650,NUMBER_RANGE,16588,1,34,{LIKELY_TRUNCATED}
BKP-GAYA PAS,PASSENGER,REVIEW,0.600,NUMBER_RANGE,53225,2,26,{LIKELY_TRUNCATED}
BKP-RGD PASS,PASSENGER,REVIEW,0.600,NUMBER_RANGE,53222,2,15,{LIKELY_TRUNCATED}
BKSC HWH PAS,PASSENGER,REVIEW,0.600,NUMBER_RANGE,58014,1,12,{LIKELY_TRUNCATED}
BKSC-ASN MEM,PASSENGER,REVIEW,0.600,NUMBER_RANGE,63591,2,47,{LIKELY_TRUNCATED}
BKSC-BBS GAR,SUPERFAST,REVIEW,0.700,NUMBER_RANGE,12831,1,12,{LIKELY_TRUNCATED}
BKSC-RNC PAS,PASSENGER,REVIEW,0.600,NUMBER_RANGE,58033,1,15,{LIKELY_TRUNCATED}
BL  PURI S F,SUPERFAST,REVIEW,0.700,NUMBER_RANGE,22909,1,24,{LIKELY_TRUNCATED}
BL - ST MEMU,PASSENGER,REVIEW,0.600,NUMBER_RANGE,69151,1,13,{LIKELY_TRUNCATED}
BL 8,EMU,REVIEW,0.750,NUMBER_RANGE,95202,1,3,{}
BL BCT PASS,PASSENGER,REVIEW,0.600,NUMBER_RANGE,59024,1,21,{}
BL BDTS PASS,PASSENGER,REVIEW,0.600,NUMBER_RANGE,59046,1,23,{LIKELY_TRUNCATED}
BL HARIDWAR,SUPERFAST,REVIEW,0.700,NUMBER_RANGE,12911,1,16,{}
BL JODHPUR E,EXPRESS,REVIEW,0.650,NUMBER_RANGE,19055,1,18,{LIKELY_TRUNCATED}
BL SHRAMIK E,EXPRESS,REVIEW,0.650,NUMBER_RANGE,19052,1,17,{LIKELY_TRUNCATED}
BL- UBR MEMU,PASSENGER,REVIEW,0.600,NUMBER_RANGE,69154,1,9,{LIKELY_TRUNCATED}
BL-DHD INTER,SUPERFAST,REVIEW,0.700,NUMBER_RANGE,12929,1,19,{LIKELY_TRUNCATED}
BL1,EMU,REVIEW,0.750,NUMBER_RANGE,95201,1,5,{COACH_CODE_AS_NAME}
BL10,EMU,REVIEW,0.750,NUMBER_RANGE,95204,1,3,{COACH_CODE_AS_NAME}
BL11,EMU,REVIEW,0.750,NUMBER_RANGE,95211,1,5,{COACH_CODE_AS_NAME}
BL12,EMU,REVIEW,0.750,NUMBER_RANGE,96210,1,3,{COACH_CODE_AS_NAME}
BL13,EMU,REVIEW,0.750,NUMBER_RANGE,95213,1,5,{COACH_CODE_AS_NAME}
BL14,EMU,REVIEW,0.750,NUMBER_RANGE,95206,1,3,{COACH_CODE_AS_NAME}
BL15,EMU,REVIEW,0.750,NUMBER_RANGE,95215,1,5,{COACH_CODE_AS_NAME}
BL16,EMU,REVIEW,0.750,NUMBER_RANGE,96212,1,3,{COACH_CODE_AS_NAME}
BL17,EMU,REVIEW,0.750,NUMBER_RANGE,95217,1,5,{COACH_CODE_AS_NAME}
BL18,EMU,REVIEW,0.750,NUMBER_RANGE,95208,1,3,{COACH_CODE_AS_NAME}
BL19,EMU,REVIEW,0.750,NUMBER_RANGE,95219,1,5,{COACH_CODE_AS_NAME}
BL2,EMU,REVIEW,0.750,NUMBER_RANGE,96202,1,3,{COACH_CODE_AS_NAME}
BL20,EMU,REVIEW,0.750,NUMBER_RANGE,96214,1,3,{COACH_CODE_AS_NAME}
BL21,EMU,REVIEW,0.750,NUMBER_RANGE,95221,1,5,{COACH_CODE_AS_NAME}
BL22,EMU,REVIEW,0.750,NUMBER_RANGE,96216,1,3,{COACH_CODE_AS_NAME}
BL23,EMU,REVIEW,0.750,NUMBER_RANGE,95223,1,5,{COACH_CODE_AS_NAME}
BL24,EMU,REVIEW,0.750,NUMBER_RANGE,96218,1,3,{COACH_CODE_AS_NAME}
BL25,EMU,REVIEW,0.750,NUMBER_RANGE,95225,1,5,{COACH_CODE_AS_NAME}
BL26,EMU,REVIEW,0.750,NUMBER_RANGE,96220,1,3,{COACH_CODE_AS_NAME}
BL27,EMU,REVIEW,0.750,NUMBER_RANGE,96205,1,5,{COACH_CODE_AS_NAME}
BL28,EMU,REVIEW,0.750,NUMBER_RANGE,96222,1,3,{COACH_CODE_AS_NAME}
BL29,EMU,REVIEW,0.750,NUMBER_RANGE,95229,1,5,{COACH_CODE_AS_NAME}
BL3,EMU,REVIEW,0.750,NUMBER_RANGE,95203,1,5,{COACH_CODE_AS_NAME}
BL30,EMU,REVIEW,0.750,NUMBER_RANGE,95216,1,3,{COACH_CODE_AS_NAME}
BL31,EMU,REVIEW,0.750,NUMBER_RANGE,95231,1,5,{COACH_CODE_AS_NAME}
BL32,EMU,REVIEW,0.750,NUMBER_RANGE,95218,1,3,{COACH_CODE_AS_NAME}
BL33,EMU,REVIEW,0.750,NUMBER_RANGE,95233,1,5,{COACH_CODE_AS_NAME}
BL34,EMU,REVIEW,0.750,NUMBER_RANGE,95220,1,3,{COACH_CODE_AS_NAME}
BL35,EMU,REVIEW,0.750,NUMBER_RANGE,95235,1,5,{COACH_CODE_AS_NAME}
BL36,EMU,REVIEW,0.750,NUMBER_RANGE,95222,1,3,{COACH_CODE_AS_NAME}
BL37,EMU,REVIEW,0.750,NUMBER_RANGE,95237,1,5,{COACH_CODE_AS_NAME}
BL38,EMU,REVIEW,0.750,NUMBER_RANGE,95224,1,3,{COACH_CODE_AS_NAME}
BL39,EMU,REVIEW,0.750,NUMBER_RANGE,95239,1,5,{COACH_CODE_AS_NAME}
BL4,EMU,REVIEW,0.750,NUMBER_RANGE,96204,1,3,{COACH_CODE_AS_NAME}
BL40,EMU,REVIEW,0.750,NUMBER_RANGE,95226,1,3,{COACH_CODE_AS_NAME}
BL41,EMU,REVIEW,0.750,NUMBER_RANGE,96213,1,5,{COACH_CODE_AS_NAME}
BL42,EMU,REVIEW,0.750,NUMBER_RANGE,95228,1,3,{COACH_CODE_AS_NAME}
BL43,EMU,REVIEW,0.750,NUMBER_RANGE,96215,1,5,{COACH_CODE_AS_NAME}
BL44,EMU,REVIEW,0.750,NUMBER_RANGE,95230,1,3,{COACH_CODE_AS_NAME}
BL45,EMU,REVIEW,0.750,NUMBER_RANGE,96219,1,5,{COACH_CODE_AS_NAME}
BL46,EMU,REVIEW,0.750,NUMBER_RANGE,95210,1,3,{COACH_CODE_AS_NAME}
BL47,EMU,REVIEW,0.750,NUMBER_RANGE,96221,1,5,{COACH_CODE_AS_NAME}
BL48,EMU,REVIEW,0.750,NUMBER_RANGE,95212,1,3,{COACH_CODE_AS_NAME}
BL49,EMU,REVIEW,0.750,NUMBER_RANGE,96223,1,5,{COACH_CODE_AS_NAME}
BL5,EMU,REVIEW,0.750,NUMBER_RANGE,95205,1,5,{COACH_CODE_AS_NAME}
BL50,EMU,REVIEW,0.750,NUMBER_RANGE,95232,1,3,{COACH_CODE_AS_NAME}
BL51,EMU,REVIEW,0.750,NUMBER_RANGE,95241,1,5,{COACH_CODE_AS_NAME}
BL52,EMU,REVIEW,0.750,NUMBER_RANGE,96224,1,3,{COACH_CODE_AS_NAME}
BL53,EMU,REVIEW,0.750,NUMBER_RANGE,96225,1,5,{COACH_CODE_AS_NAME}
BL54,EMU,REVIEW,0.750,NUMBER_RANGE,95234,1,3,{COACH_CODE_AS_NAME}
BL56,EMU,REVIEW,0.750,NUMBER_RANGE,95236,1,3,{COACH_CODE_AS_NAME}
BL58,EMU,REVIEW,0.750,NUMBER_RANGE,96226,1,3,{COACH_CODE_AS_NAME}
BL6,EMU,REVIEW,0.750,NUMBER_RANGE,96206,1,3,{COACH_CODE_AS_NAME}
BL60,EMU,REVIEW,0.750,NUMBER_RANGE,96228,2,29,{COACH_CODE_AS_NAME}
BL62,EMU,REVIEW,0.750,NUMBER_RANGE,96234,1,3,{COACH_CODE_AS_NAME}
BL7,EMU,REVIEW,0.750,NUMBER_RANGE,95207,1,5,{COACH_CODE_AS_NAME}
BL9,EMU,REVIEW,0.750,NUMBER_RANGE,95209,1,5,{COACH_CODE_AS_NAME}
BLACKDIAMOND,SUPERFAST,REVIEW,0.700,NUMBER_RANGE,22388,1,16,{LIKELY_TRUNCATED}
BLACKDIMOND,SUPERFAST,REVIEW,0.700,NUMBER_RANGE,22387,1,16,{}
BLD BRC EXP,SUPERFAST,REVIEW,0.700,NUMBER_RANGE,22929,1,14,{}
BLDA- KGP ME,PASSENGER,REVIEW,0.600,NUMBER_RANGE,68048,1,6,{LIKELY_TRUNCATED}
BLDI JU PASS,PASSENGER,REVIEW,0.600,NUMBER_RANGE,74838,2,74,{LIKELY_TRUNCATED}
BLGR-BBS S/F,SUPERFAST,REVIEW,0.700,NUMBER_RANGE,12894,1,16,{LIKELY_TRUNCATED}
BLGT - MLDT,PASSENGER,REVIEW,0.600,NUMBER_RANGE,55422,1,14,{}
BLGT - SGUJ,EXPRESS,REVIEW,0.650,NUMBER_RANGE,15463,1,15,{}
BLGT HWH EXP,EXPRESS,REVIEW,0.650,NUMBER_RANGE,13064,1,12,{LIKELY_TRUNCATED}
BLGT-KOLKATA,EXPRESS,REVIEW,0.650,NUMBER_RANGE,13162,1,12,{LIKELY_TRUNCATED}
BLN- BP  LOC,PASSENGER,REVIEW,0.550,NUMBER_RANGE,30111,1,23,{LIKELY_TRUNCATED}
BLP-GWL SUSH,EXPRESS,REVIEW,0.650,NUMBER_RANGE,11112,1,12,{LIKELY_TRUNCATED}
BLS BHC PASS,PASSENGER,REVIEW,0.600,NUMBER_RANGE,58029,1,10,{LIKELY_TRUNCATED}
BLS KGP LOCA,PASSENGER,REVIEW,0.600,NUMBER_RANGE,68022,1,18,{LIKELY_TRUNCATED}
BLS-ROP-BPO,PASSENGER,REVIEW,0.600,NUMBER_RANGE,78013,2,20,{ROUTE_CODE_STYLE}
BME - MBF PA,PASSENGER,REVIEW,0.600,NUMBER_RANGE,54881,1,8,{LIKELY_TRUNCATED}
BME JU EXPRE,EXPRESS,REVIEW,0.650,NUMBER_RANGE,14662,1,8,{LIKELY_TRUNCATED}
BME JU PASS,PASSENGER,REVIEW,0.600,NUMBER_RANGE,74840,2,48,{}
BME YPR AC E,EXPRESS,REVIEW,0.650,NUMBER_RANGE,14806,1,37,{LIKELY_TRUNCATED}
BME-BKN GHY,EXPRESS,REVIEW,0.650,NUMBER_RANGE,15631,1,34,{ROUTE_CODE_STYLE}
BMO-FM DEMU,PASSENGER,REVIEW,0.600,NUMBER_RANGE,77604,2,37,{ROUTE_CODE_STYLE}
BMO-SC DEMU,PASSENGER,REVIEW,0.600,NUMBER_RANGE,77612,1,11,{ROUTE_CODE_STYLE}
BMPR TATA PA,PASSENGER,REVIEW,0.600,NUMBER_RANGE,78032,1,9,{LIKELY_TRUNCATED}
BNC - HTE WE,EXPRESS,REVIEW,0.650,NUMBER_RANGE,18638,1,27,{LIKELY_TRUNCATED}
BNC - KYQ HU,SUPERFAST,REVIEW,0.700,NUMBER_RANGE,12503,1,23,{LIKELY_TRUNCATED}
BNC-BWT DEMU,PASSENGER,REVIEW,0.600,NUMBER_RANGE,76507,1,10,{LIKELY_TRUNCATED}
BNC-KQZ PASS,PASSENGER,REVIEW,0.600,NUMBER_RANGE,76505,1,12,{LIKELY_TRUNCATED}
BNDA-JHS-PAS,PASSENGER,REVIEW,0.600,NUMBER_RANGE,51806,1,31,{LIKELY_TRUNCATED}
BNDP - MLFC,PASSENGER,REVIEW,0.600,NUMBER_RANGE,55772,1,9,{}
BNJ - CG LOC,PASSENGER,REVIEW,0.550,NUMBER_RANGE,34062,1,41,{LIKELY_TRUNCATED}
BNJ - MJT LO,PASSENGER,REVIEW,0.550,NUMBER_RANGE,30342,2,62,{LIKELY_TRUNCATED}
BNJ - RHA LO,PASSENGER,REVIEW,0.550,NUMBER_RANGE,33712,13,109,{LIKELY_TRUNCATED}
BNJ - SDAH L,PASSENGER,REVIEW,0.550,NUMBER_RANGE,33802,23,534,{LIKELY_TRUNCATED}
BNJ- BT LOCA,PASSENGER,REVIEW,0.550,NUMBER_RANGE,33362,2,24,{LIKELY_TRUNCATED}
BNJ-BBD LOCA,PASSENGER,REVIEW,0.550,NUMBER_RANGE,30346,1,34,{LIKELY_TRUNCATED}
BNJ-BT LOCAL,PASSENGER,REVIEW,0.550,NUMBER_RANGE,33366,1,12,{LIKELY_TRUNCATED}
BNJ-RHA LOCA,PASSENGER,REVIEW,0.550,NUMBER_RANGE,33738,1,8,{LIKELY_TRUNCATED}
BNJ-SDAH LOC,PASSENGER,REVIEW,0.550,NUMBER_RANGE,33812,3,67,{LIKELY_TRUNCATED}
BNJ-STB LOCA,PASSENGER,REVIEW,0.550,NUMBER_RANGE,33752,1,12,{LIKELY_TRUNCATED}
BNVD PBR PAS,PASSENGER,REVIEW,0.600,NUMBER_RANGE,59213,2,15,{LIKELY_TRUNCATED}
BNW ROK PASS,PASSENGER,REVIEW,0.600,NUMBER_RANGE,54014,2,14,{LIKELY_TRUNCATED}
BNW-MTJ PASS,PASSENGER,REVIEW,0.600,NUMBER_RANGE,54792,1,34,{LIKELY_TRUNCATED}
BNW-PNP MAIL,EXPRESS,REVIEW,0.650,NUMBER_RANGE,14795,1,6,{LIKELY_TRUNCATED}
BNW-RE PASSE,PASSENGER,REVIEW,0.600,NUMBER_RANGE,54787,1,13,{LIKELY_TRUNCATED}
BNW-ROK PASS,PASSENGER,REVIEW,0.600,NUMBER_RANGE,54018,1,7,{LIKELY_TRUNCATED}
BNXR - BP LO,PASSENGER,REVIEW,0.550,NUMBER_RANGE,31261,1,9,{LIKELY_TRUNCATED}
BNY-GKP PASS,PASSENGER,REVIEW,0.600,NUMBER_RANGE,55078,1,22,{LIKELY_TRUNCATED}
BNY-GKP-DMU,PASSENGER,REVIEW,0.600,NUMBER_RANGE,75004,1,22,{ROUTE_CODE_STYLE}
BNZ-GKP INTE,EXPRESS,REVIEW,0.650,NUMBER_RANGE,15070,1,11,{LIKELY_TRUNCATED}
BOE - KIR DE,PASSENGER,REVIEW,0.600,NUMBER_RANGE,75748,1,11,{LIKELY_TRUNCATED}
BOR-BSR DMU,PASSENGER,REVIEW,0.600,NUMBER_RANGE,71088,1,8,{ROUTE_CODE_STYLE}
BP - MJT LOC,PASSENGER,REVIEW,0.550,NUMBER_RANGE,30112,1,19,{LIKELY_TRUNCATED}
BP -SDAH LOC,PASSENGER,REVIEW,0.550,NUMBER_RANGE,31226,2,18,{LIKELY_TRUNCATED}
BP-BBDB LOCA,PASSENGER,REVIEW,0.550,NUMBER_RANGE,30116,1,14,{LIKELY_TRUNCATED}
BP-DDJ LOCAL,PASSENGER,REVIEW,0.550,NUMBER_RANGE,33232,1,7,{LIKELY_TRUNCATED}
BP-SDAH,PASSENGER,REVIEW,0.550,NUMBER_RANGE,31240,1,9,{ROUTE_CODE_STYLE}
BP-SDAH LOCA,PASSENGER,REVIEW,0.550,NUMBER_RANGE,31212,12,102,{LIKELY_TRUNCATED}
BPB - DLCR P,PASSENGER,REVIEW,0.600,NUMBER_RANGE,55690,1,15,{LIKELY_TRUNCATED}
BPL - NDLS S,SUPERFAST,REVIEW,0.700,NUMBER_RANGE,12001,1,10,{LIKELY_TRUNCATED}
BPL BINA MEM,PASSENGER,REVIEW,0.600,NUMBER_RANGE,61631,1,16,{LIKELY_TRUNCATED}
BPL INDB EXP,EXPRESS,REVIEW,0.650,NUMBER_RANGE,19304,1,17,{LIKELY_TRUNCATED}
BPL JAIPUR E,EXPRESS,REVIEW,0.650,NUMBER_RANGE,19712,1,34,{LIKELY_TRUNCATED}
BPL UJJAIN P,PASSENGER,REVIEW,0.600,NUMBER_RANGE,59320,1,25,{LIKELY_TRUNCATED}
BPL-BSP EXP,EXPRESS,REVIEW,0.650,NUMBER_RANGE,18235,1,67,{ROUTE_CODE_STYLE}
BPL-DURG AMA,SUPERFAST,REVIEW,0.700,NUMBER_RANGE,12854,1,31,{LIKELY_TRUNCATED}
BPL-GWL-INTE,SUPERFAST,REVIEW,0.700,NUMBER_RANGE,12197,1,11,{LIKELY_TRUNCATED}
BPL-KURJ MAH,SUPERFAST,REVIEW,0.700,NUMBER_RANGE,22163,1,9,{LIKELY_TRUNCATED}
BPL-LJN-EXP,SUPERFAST,REVIEW,0.700,NUMBER_RANGE,12594,1,6,{ROUTE_CODE_STYLE}
BPL-PBH SUF,SUPERFAST,REVIEW,0.700,NUMBER_RANGE,12183,1,11,{ROUTE_CODE_STYLE}
BPL-SGRL SF,SUPERFAST,REVIEW,0.700,NUMBER_RANGE,22165,1,11,{ROUTE_CODE_STYLE}
BPO  BGY LOC,PASSENGER,REVIEW,0.600,NUMBER_RANGE,78019,1,5,{LIKELY_TRUNCATED}
BPO BLS LOCA,PASSENGER,REVIEW,0.600,NUMBER_RANGE,78018,1,5,{LIKELY_TRUNCATED}
BPO-BGY PASS,PASSENGER,REVIEW,0.600,NUMBER_RANGE,78015,1,5,{LIKELY_TRUNCATED}
BPO-BLS DEMU,PASSENGER,REVIEW,0.600,NUMBER_RANGE,78016,1,10,{LIKELY_TRUNCATED}
BPO-SHM SIML,EXPRESS,REVIEW,0.650,NUMBER_RANGE,18008,1,13,{LIKELY_TRUNCATED}
BPQ - G PASS,PASSENGER,REVIEW,0.600,NUMBER_RANGE,58801,2,56,{LIKELY_TRUNCATED}
BPQ-G DEMU,PASSENGER,REVIEW,0.600,NUMBER_RANGE,78819,1,28,{}
BPQ-SC BHAGY,EXPRESS,REVIEW,0.650,NUMBER_RANGE,17234,1,34,{LIKELY_TRUNCATED}
BPQ-WR PASSE,PASSENGER,REVIEW,0.600,NUMBER_RANGE,51196,1,16,{LIKELY_TRUNCATED}
BQA - MSAE L,PASSENGER,REVIEW,0.600,NUMBER_RANGE,78056,1,26,{LIKELY_TRUNCATED}
BQA ADRA LOC,PASSENGER,REVIEW,0.600,NUMBER_RANGE,68081,1,8,{LIKELY_TRUNCATED}
BQA MEAE DEM,PASSENGER,REVIEW,0.600,NUMBER_RANGE,78054,1,26,{LIKELY_TRUNCATED}
BQA MSAE  DE,PASSENGER,REVIEW,0.600,NUMBER_RANGE,78052,1,26,{LIKELY_TRUNCATED}
BQA SONA DEM,PASSENGER,REVIEW,0.600,NUMBER_RANGE,78058,1,8,{LIKELY_TRUNCATED}
BQA-MSAE DEM,PASSENGER,REVIEW,0.600,NUMBER_RANGE,78060,1,26,{LIKELY_TRUNCATED}
BR 11,EMU,REVIEW,0.750,NUMBER_RANGE,98313,1,2,{}
BR 13,EMU,REVIEW,0.750,NUMBER_RANGE,98315,1,2,{}
BR 15,EMU,REVIEW,0.750,NUMBER_RANGE,98317,1,2,{}
BR 27,EMU,REVIEW,0.750,NUMBER_RANGE,98333,1,2,{}
BR 29,EMU,REVIEW,0.750,NUMBER_RANGE,98335,1,2,{}
BR 31,EMU,REVIEW,0.750,NUMBER_RANGE,98337,1,2,{}
BR 35,EMU,REVIEW,0.750,NUMBER_RANGE,98341,1,2,{}
BR 37,EMU,REVIEW,0.750,NUMBER_RANGE,98343,1,2,{}
BR 39,EMU,REVIEW,0.750,NUMBER_RANGE,98345,1,2,{}
BR 41,EMU,REVIEW,0.750,NUMBER_RANGE,98347,1,2,{}
BR 43,EMU,REVIEW,0.750,NUMBER_RANGE,98349,1,2,{}
BR 45,EMU,REVIEW,0.750,NUMBER_RANGE,98351,1,2,{}
BR 47,EMU,REVIEW,0.750,NUMBER_RANGE,98353,1,2,{}
BR 53,EMU,REVIEW,0.750,NUMBER_RANGE,98361,1,2,{}
BR 55,EMU,REVIEW,0.750,NUMBER_RANGE,98363,1,2,{}
BR 57,EMU,REVIEW,0.750,NUMBER_RANGE,98365,1,2,{}
BR 63,EMU,REVIEW,0.750,NUMBER_RANGE,98373,1,2,{}
BR 65,EMU,REVIEW,0.750,NUMBER_RANGE,98375,1,2,{}
BR 67,EMU,REVIEW,0.750,NUMBER_RANGE,98377,1,2,{}
BR 69,EMU,REVIEW,0.750,NUMBER_RANGE,98379,1,2,{}
BR 71,EMU,REVIEW,0.750,NUMBER_RANGE,98381,1,2,{}
BR1,EMU,REVIEW,0.750,NUMBER_RANGE,98301,1,2,{COACH_CODE_AS_NAME}
BR10,EMU,REVIEW,0.750,NUMBER_RANGE,98308,1,2,{COACH_CODE_AS_NAME}
BR12,EMU,REVIEW,0.750,NUMBER_RANGE,98310,1,2,{COACH_CODE_AS_NAME}
BR14,EMU,REVIEW,0.750,NUMBER_RANGE,98312,1,2,{COACH_CODE_AS_NAME}
BR16,EMU,REVIEW,0.750,NUMBER_RANGE,98314,1,2,{COACH_CODE_AS_NAME}
BR17,EMU,REVIEW,0.750,NUMBER_RANGE,98319,1,2,{COACH_CODE_AS_NAME}
BR18,EMU,REVIEW,0.750,NUMBER_RANGE,98316,1,2,{COACH_CODE_AS_NAME}
BR19,EMU,REVIEW,0.750,NUMBER_RANGE,98323,1,2,{COACH_CODE_AS_NAME}
BR2,EMU,REVIEW,0.750,NUMBER_RANGE,98300,1,2,{COACH_CODE_AS_NAME}
BR20,EMU,REVIEW,0.750,NUMBER_RANGE,98318,1,2,{COACH_CODE_AS_NAME}
BR21,EMU,REVIEW,0.750,NUMBER_RANGE,98325,1,2,{COACH_CODE_AS_NAME}
BR22,EMU,REVIEW,0.750,NUMBER_RANGE,98320,1,2,{COACH_CODE_AS_NAME}
BR23,EMU,REVIEW,0.750,NUMBER_RANGE,98327,1,2,{COACH_CODE_AS_NAME}
BR24,EMU,REVIEW,0.750,NUMBER_RANGE,98322,1,2,{COACH_CODE_AS_NAME}
BR25,EMU,REVIEW,0.750,NUMBER_RANGE,98331,1,2,{COACH_CODE_AS_NAME}
BR26,EMU,REVIEW,0.750,NUMBER_RANGE,98324,1,2,{COACH_CODE_AS_NAME}
BR28,EMU,REVIEW,0.750,NUMBER_RANGE,98326,1,2,{COACH_CODE_AS_NAME}
BR3,EMU,REVIEW,0.750,NUMBER_RANGE,98303,1,2,{COACH_CODE_AS_NAME}
BR30,EMU,REVIEW,0.750,NUMBER_RANGE,98328,1,2,{COACH_CODE_AS_NAME}
BR32,EMU,REVIEW,0.750,NUMBER_RANGE,98330,1,2,{COACH_CODE_AS_NAME}
BR33,EMU,REVIEW,0.750,NUMBER_RANGE,98339,1,2,{COACH_CODE_AS_NAME}
BR34,EMU,REVIEW,0.750,NUMBER_RANGE,98332,1,2,{COACH_CODE_AS_NAME}
BR36,EMU,REVIEW,0.750,NUMBER_RANGE,98336,1,2,{COACH_CODE_AS_NAME}
BR38,EMU,REVIEW,0.750,NUMBER_RANGE,98342,1,2,{COACH_CODE_AS_NAME}
BR4,EMU,REVIEW,0.750,NUMBER_RANGE,98302,1,2,{COACH_CODE_AS_NAME}
BR40,EMU,REVIEW,0.750,NUMBER_RANGE,98344,1,2,{COACH_CODE_AS_NAME}
BR42,EMU,REVIEW,0.750,NUMBER_RANGE,98346,1,2,{COACH_CODE_AS_NAME}
BR44,EMU,REVIEW,0.750,NUMBER_RANGE,98348,1,2,{COACH_CODE_AS_NAME}
BR46,EMU,REVIEW,0.750,NUMBER_RANGE,98350,1,2,{COACH_CODE_AS_NAME}
BR48,EMU,REVIEW,0.750,NUMBER_RANGE,98352,1,2,{COACH_CODE_AS_NAME}
BR49,EMU,REVIEW,0.750,NUMBER_RANGE,98357,1,2,{COACH_CODE_AS_NAME}
BR5,EMU,REVIEW,0.750,NUMBER_RANGE,98305,1,2,{COACH_CODE_AS_NAME}
BR50,EMU,REVIEW,0.750,NUMBER_RANGE,98354,1,2,{COACH_CODE_AS_NAME}
BR51,EMU,REVIEW,0.750,NUMBER_RANGE,98359,1,2,{COACH_CODE_AS_NAME}
BR52,EMU,REVIEW,0.750,NUMBER_RANGE,98356,1,2,{COACH_CODE_AS_NAME}
BR54,EMU,REVIEW,0.750,NUMBER_RANGE,98358,1,2,{COACH_CODE_AS_NAME}
BR56,EMU,REVIEW,0.750,NUMBER_RANGE,98360,1,2,{COACH_CODE_AS_NAME}
BR58,EMU,REVIEW,0.750,NUMBER_RANGE,98362,1,2,{COACH_CODE_AS_NAME}
BR59,EMU,REVIEW,0.750,NUMBER_RANGE,98369,1,2,{COACH_CODE_AS_NAME}
BR6,EMU,REVIEW,0.750,NUMBER_RANGE,98304,1,2,{COACH_CODE_AS_NAME}
BR60,EMU,REVIEW,0.750,NUMBER_RANGE,98366,1,2,{COACH_CODE_AS_NAME}
BR61,EMU,REVIEW,0.750,NUMBER_RANGE,98371,1,2,{COACH_CODE_AS_NAME}
BR62,EMU,REVIEW,0.750,NUMBER_RANGE,98368,1,2,{COACH_CODE_AS_NAME}
BR64,EMU,REVIEW,0.750,NUMBER_RANGE,98370,1,2,{COACH_CODE_AS_NAME}
BR66,EMU,REVIEW,0.750,NUMBER_RANGE,98372,1,2,{COACH_CODE_AS_NAME}
BR68,EMU,REVIEW,0.750,NUMBER_RANGE,98374,1,2,{COACH_CODE_AS_NAME}
BR7,EMU,REVIEW,0.750,NUMBER_RANGE,98307,1,2,{COACH_CODE_AS_NAME}
BR70,EMU,REVIEW,0.750,NUMBER_RANGE,98376,1,2,{COACH_CODE_AS_NAME}
BR72,EMU,REVIEW,0.750,NUMBER_RANGE,98378,1,2,{COACH_CODE_AS_NAME}
BR74,EMU,REVIEW,0.750,NUMBER_RANGE,98380,1,2,{COACH_CODE_AS_NAME}
BR76,EMU,REVIEW,0.750,NUMBER_RANGE,98382,1,2,{COACH_CODE_AS_NAME}
BR78,EMU,REVIEW,0.750,NUMBER_RANGE,98386,1,2,{COACH_CODE_AS_NAME}
BR8,EMU,REVIEW,0.750,NUMBER_RANGE,98306,1,2,{COACH_CODE_AS_NAME}
BR80,EMU,REVIEW,0.750,NUMBER_RANGE,98388,1,2,{COACH_CODE_AS_NAME}
BR82,EMU,REVIEW,0.750,NUMBER_RANGE,98390,1,2,{COACH_CODE_AS_NAME}
BR84,EMU,REVIEW,0.750,NUMBER_RANGE,98392,1,2,{COACH_CODE_AS_NAME}
BR86,EMU,REVIEW,0.750,NUMBER_RANGE,98394,1,2,{COACH_CODE_AS_NAME}
BR9,EMU,REVIEW,0.750,NUMBER_RANGE,98311,1,2,{COACH_CODE_AS_NAME}
BRAHMAPUTRA,EXPRESS,REVIEW,0.650,NUMBER_RANGE,14055,1,62,{}
BRAHMPUTRA M,EXPRESS,REVIEW,0.650,NUMBER_RANGE,14056,1,61,{LIKELY_TRUNCATED}
BRC - ADI ME,PASSENGER,REVIEW,0.600,NUMBER_RANGE,69107,1,20,{LIKELY_TRUNCATED}
BRC - CTD,PASSENGER,REVIEW,0.600,NUMBER_RANGE,59119,1,19,{}
BRC - DHD ME,PASSENGER,REVIEW,0.600,NUMBER_RANGE,69117,1,21,{LIKELY_TRUNCATED}
BRC - GDA ME,PASSENGER,REVIEW,0.600,NUMBER_RANGE,69121,1,11,{LIKELY_TRUNCATED}
BRC - ST MEM,PASSENGER,REVIEW,0.600,NUMBER_RANGE,69112,1,23,{LIKELY_TRUNCATED}
BRC ADI INTE,EXPRESS,REVIEW,0.650,NUMBER_RANGE,19035,1,10,{LIKELY_TRUNCATED}
BRC ANND MEM,PASSENGER,REVIEW,0.600,NUMBER_RANGE,69137,1,8,{LIKELY_TRUNCATED}
BRC BLD EXP,SUPERFAST,REVIEW,0.700,NUMBER_RANGE,22930,1,14,{}
BRC KATHANA,PASSENGER,REVIEW,0.600,NUMBER_RANGE,59101,2,22,{}
BRC-ADI MEMU,PASSENGER,REVIEW,0.600,NUMBER_RANGE,69101,3,60,{LIKELY_TRUNCATED}
BRC-CTD DEMU,PASSENGER,REVIEW,0.600,NUMBER_RANGE,79455,1,19,{LIKELY_TRUNCATED}
BRC-DHD MEMU,PASSENGER,REVIEW,0.600,NUMBER_RANGE,69119,1,21,{LIKELY_TRUNCATED}
BRC-KOTA PAR,PASSENGER,REVIEW,0.600,NUMBER_RANGE,59831,1,64,{LIKELY_TRUNCATED}
BRC-ST MEMU,PASSENGER,REVIEW,0.600,NUMBER_RANGE,69110,1,24,{ROUTE_CODE_STYLE}
BRK-MLN PASS,PASSENGER,REVIEW,0.600,NUMBER_RANGE,52241,5,89,{LIKELY_TRUNCATED}
BRK-NPR  PAS,PASSENGER,REVIEW,0.600,NUMBER_RANGE,52265,1,6,{LIKELY_TRUNCATED}
BRK-NPR PASS,PASSENGER,REVIEW,0.600,NUMBER_RANGE,52267,1,6,{LIKELY_TRUNCATED}
BRKA-BSB PAS,PASSENGER,REVIEW,0.600,NUMBER_RANGE,53525,1,63,{LIKELY_TRUNCATED}
BRKA-DOS PAS,PASSENGER,REVIEW,0.600,NUMBER_RANGE,53357,1,43,{LIKELY_TRUNCATED}
BRKA-HZBN-KQ,PASSENGER,REVIEW,0.600,NUMBER_RANGE,53372,2,32,{LIKELY_TRUNCATED}
BRMH - HWH L,PASSENGER,REVIEW,0.550,NUMBER_RANGE,37112,6,18,{LIKELY_TRUNCATED}
BRML-BAHL DE,PASSENGER,REVIEW,0.600,NUMBER_RANGE,74614,1,17,{LIKELY_TRUNCATED}
BRML-BAHL DM,PASSENGER,REVIEW,0.600,NUMBER_RANGE,74620,4,60,{LIKELY_TRUNCATED}
BRML-BDGM DE,PASSENGER,REVIEW,0.600,NUMBER_RANGE,74616,1,6,{LIKELY_TRUNCATED}
BRML-BDGM DM,PASSENGER,REVIEW,0.600,NUMBER_RANGE,74618,2,12,{LIKELY_TRUNCATED}
BRML-BDGM-DM,PASSENGER,REVIEW,0.600,NUMBER_RANGE,74622,1,6,{LIKELY_TRUNCATED}
BRMP BXF PAS,PASSENGER,REVIEW,0.600,NUMBER_RANGE,58151,1,12,{LIKELY_TRUNCATED}
BRMT-DD PASS,PASSENGER,REVIEW,0.600,NUMBER_RANGE,51348,1,6,{LIKELY_TRUNCATED}
BRMT-PUNE DE,PASSENGER,REVIEW,0.600,NUMBER_RANGE,71402,2,32,{LIKELY_TRUNCATED}
BRP - LKPR L,PASSENGER,REVIEW,0.550,NUMBER_RANGE,34332,1,13,{LIKELY_TRUNCATED}
BRP - SDAH L,PASSENGER,REVIEW,0.550,NUMBER_RANGE,34601,20,220,{LIKELY_TRUNCATED}
BRP - SPR LO,PASSENGER,REVIEW,0.550,NUMBER_RANGE,34311,2,8,{LIKELY_TRUNCATED}
BRP-LKPR LOC,PASSENGER,REVIEW,0.550,NUMBER_RANGE,34334,1,13,{LIKELY_TRUNCATED}
BRPA - SDAH,PASSENGER,REVIEW,0.550,NUMBER_RANGE,32412,1,13,{}
BRPA-HWH LOC,PASSENGER,REVIEW,0.550,NUMBER_RANGE,36012,1,9,{LIKELY_TRUNCATED}
BRPA-SDAH LO,PASSENGER,REVIEW,0.550,NUMBER_RANGE,32414,1,13,{LIKELY_TRUNCATED}
BRPL2,EMU,REVIEW,0.750,NUMBER_RANGE,98208,1,2,{}
BRPL4,EMU,REVIEW,0.750,NUMBER_RANGE,98196,1,2,{}
BRPL6,EMU,REVIEW,0.750,NUMBER_RANGE,98214,1,2,{}
BRVD1,EMU,REVIEW,0.750,NUMBER_RANGE,98309,1,2,{}
BRVD10,EMU,REVIEW,0.750,NUMBER_RANGE,98384,1,2,{}
BRVD2,EMU,REVIEW,0.750,NUMBER_RANGE,98334,1,2,{}
BRVD3,EMU,REVIEW,0.750,NUMBER_RANGE,98321,1,2,{}
BRVD4,EMU,REVIEW,0.750,NUMBER_RANGE,98338,1,2,{}
BRVD5,EMU,REVIEW,0.750,NUMBER_RANGE,98329,1,2,{}
BRVD6,EMU,REVIEW,0.750,NUMBER_RANGE,98340,1,2,{}
BRVD7,EMU,REVIEW,0.750,NUMBER_RANGE,98355,1,2,{}
BRVD8,EMU,REVIEW,0.750,NUMBER_RANGE,98364,1,2,{}
BRVD9,EMU,REVIEW,0.750,NUMBER_RANGE,98367,1,2,{}
BRWD-CAR PAS,PASSENGER,REVIEW,0.600,NUMBER_RANGE,53351,1,31,{LIKELY_TRUNCATED}
BRWD-DOS PAS,PASSENGER,REVIEW,0.600,NUMBER_RANGE,53349,2,48,{LIKELY_TRUNCATED}
BRWD-GMO PAS,PASSENGER,REVIEW,0.600,NUMBER_RANGE,53348,1,35,{LIKELY_TRUNCATED}
BSB ADI EXP,EXPRESS,REVIEW,0.650,NUMBER_RANGE,19408,1,21,{}
BSB ASN PASS,PASSENGER,REVIEW,0.600,NUMBER_RANGE,63554,1,83,{LIKELY_TRUNCATED}
BSB BHARATDA,SPECIAL,REVIEW,0.500,NUMBER_RANGE,401,1,12,{LIKELY_TRUNCATED}
BSB DDN EXP,EXPRESS,REVIEW,0.650,NUMBER_RANGE,14265,1,49,{}
BSB LKO INTE,EXPRESS,REVIEW,0.650,NUMBER_RANGE,14203,1,14,{LIKELY_TRUNCATED}
BSB LTT SUP,SUPERFAST,REVIEW,0.700,NUMBER_RANGE,12166,1,16,{}
BSB OKHA SF,SUPERFAST,REVIEW,0.700,NUMBER_RANGE,22970,1,23,{}
BSB RNC EXPR,EXPRESS,REVIEW,0.650,NUMBER_RANGE,18612,1,30,{LIKELY_TRUNCATED}
BSB SDAH EXP,EXPRESS,REVIEW,0.650,NUMBER_RANGE,13134,1,84,{LIKELY_TRUNCATED}
BSB UDN EXP,EXPRESS,REVIEW,0.650,NUMBER_RANGE,19058,1,13,{}
BSB- ALY  PA,PASSENGER,REVIEW,0.600,NUMBER_RANGE,55127,1,22,{LIKELY_TRUNCATED}
BSB-ALY PASS,PASSENGER,REVIEW,0.600,NUMBER_RANGE,55129,1,22,{LIKELY_TRUNCATED}
BSB-ANVT GAR,SUPERFAST,REVIEW,0.700,NUMBER_RANGE,22407,1,9,{LIKELY_TRUNCATED}
BSB-BRKA PAS,PASSENGER,REVIEW,0.600,NUMBER_RANGE,53526,1,62,{LIKELY_TRUNCATED}
BSB-GCT-DMU,PASSENGER,REVIEW,0.600,NUMBER_RANGE,75112,1,25,{ROUTE_CODE_STYLE}
BSB-GD INTER,EXPRESS,REVIEW,0.650,NUMBER_RANGE,14213,2,24,{LIKELY_TRUNCATED}
BSB-GKP PASS,PASSENGER,REVIEW,0.600,NUMBER_RANGE,55120,1,34,{LIKELY_TRUNCATED}
BSB-JAT EXP.,SUPERFAST,REVIEW,0.700,NUMBER_RANGE,12237,1,13,{LIKELY_TRUNCATED}
BSB-LKO EXPR,EXPRESS,REVIEW,0.650,NUMBER_RANGE,14219,1,12,{LIKELY_TRUNCATED}
BSB-LKO PASS,PASSENGER,REVIEW,0.600,NUMBER_RANGE,54255,2,89,{LIKELY_TRUNCATED}
BSB-LTT SF E,SUPERFAST,REVIEW,0.700,NUMBER_RANGE,12168,1,13,{LIKELY_TRUNCATED}
BSB-MGS PASS,PASSENGER,REVIEW,0.600,NUMBER_RANGE,54268,1,4,{LIKELY_TRUNCATED}
BSB-MGSPASSE,PASSENGER,REVIEW,0.600,NUMBER_RANGE,54270,1,4,{LIKELY_TRUNCATED}
BSB-PBH PASS,PASSENGER,REVIEW,0.600,NUMBER_RANGE,54291,1,18,{LIKELY_TRUNCATED}
BSB-PNBE MEM,PASSENGER,REVIEW,0.600,NUMBER_RANGE,63226,1,39,{LIKELY_TRUNCATED}
BSB-SBP BI-W,EXPRESS,REVIEW,0.650,NUMBER_RANGE,18312,1,37,{LIKELY_TRUNCATED}
BSB-SGRL INT,EXPRESS,REVIEW,0.650,NUMBER_RANGE,13345,1,9,{LIKELY_TRUNCATED}
BSB-SLN PASS,PASSENGER,REVIEW,0.600,NUMBER_RANGE,54263,2,42,{LIKELY_TRUNCATED}
BSB-UBL WEEK,EXPRESS,REVIEW,0.650,NUMBER_RANGE,17324,1,24,{LIKELY_TRUNCATED}
BSC-TKJ PASS,PASSENGER,REVIEW,0.600,NUMBER_RANGE,64567,1,20,{LIKELY_TRUNCATED}
BSL ET PASS,PASSENGER,REVIEW,0.600,NUMBER_RANGE,51157,1,37,{}
BSL KTE PASS,PASSENGER,REVIEW,0.600,NUMBER_RANGE,51187,1,71,{LIKELY_TRUNCATED}
BSL MUMBAI P,PASSENGER,REVIEW,0.600,NUMBER_RANGE,51154,1,47,{LIKELY_TRUNCATED}
BSL NGP PASS,PASSENGER,REVIEW,0.600,NUMBER_RANGE,51285,1,46,{LIKELY_TRUNCATED}
BSL ST BCT P,PASSENGER,REVIEW,0.600,NUMBER_RANGE,59076,1,44,{LIKELY_TRUNCATED}
BSL-DVL PASS,PASSENGER,REVIEW,0.600,NUMBER_RANGE,51182,1,30,{LIKELY_TRUNCATED}
BSL-NGP INTE,SUPERFAST,REVIEW,0.700,NUMBER_RANGE,22111,1,20,{LIKELY_TRUNCATED}
BSL-NRKR PAS,PASSENGER,REVIEW,0.600,NUMBER_RANGE,51183,1,36,{LIKELY_TRUNCATED}
BSL-PUNE EXP,EXPRESS,REVIEW,0.650,NUMBER_RANGE,11025,1,19,{LIKELY_TRUNCATED}
BSL-WR PASSE,PASSENGER,REVIEW,0.600,NUMBER_RANGE,51197,1,35,{LIKELY_TRUNCATED}
BSP - CHRM P,PASSENGER,REVIEW,0.600,NUMBER_RANGE,58219,1,29,{LIKELY_TRUNCATED}
BSP - ERS SF,SUPERFAST,REVIEW,0.700,NUMBER_RANGE,22815,1,23,{LIKELY_TRUNCATED}
BSP - MAS SF,SUPERFAST,REVIEW,0.700,NUMBER_RANGE,12851,1,17,{LIKELY_TRUNCATED}
BSP - NGP IN,SUPERFAST,REVIEW,0.700,NUMBER_RANGE,12855,1,16,{LIKELY_TRUNCATED}
BSP - PNBE S,SUPERFAST,REVIEW,0.700,NUMBER_RANGE,22843,1,22,{LIKELY_TRUNCATED}
BSP - PUNE S,SUPERFAST,REVIEW,0.700,NUMBER_RANGE,12849,1,18,{LIKELY_TRUNCATED}
BSP HAPA EXP,SUPERFAST,REVIEW,0.700,NUMBER_RANGE,22940,1,23,{LIKELY_TRUNCATED}
BSP TATA PAS,PASSENGER,REVIEW,0.600,NUMBER_RANGE,58114,1,61,{LIKELY_TRUNCATED}
BSP TEN  WEE,SUPERFAST,REVIEW,0.700,NUMBER_RANGE,22619,1,30,{LIKELY_TRUNCATED}
BSP- RIG MEM,PASSENGER,REVIEW,0.600,NUMBER_RANGE,68738,1,15,{LIKELY_TRUNCATED}
BSP-ASR CHHA,EXPRESS,REVIEW,0.650,NUMBER_RANGE,18237,1,85,{LIKELY_TRUNCATED}
BSP-BGKT EXP,EXPRESS,REVIEW,0.650,NUMBER_RANGE,18243,1,33,{LIKELY_TRUNCATED}
BSP-BKN EXP,EXPRESS,REVIEW,0.650,NUMBER_RANGE,18245,1,33,{ROUTE_CODE_STYLE}
BSP-BPL PASS,EXPRESS,REVIEW,0.650,NUMBER_RANGE,18236,1,67,{LIKELY_TRUNCATED}
BSP-GAD MEMU,PASSENGER,REVIEW,0.600,NUMBER_RANGE,68732,2,30,{LIKELY_TRUNCATED}
BSP-GAD PASS,PASSENGER,REVIEW,0.600,NUMBER_RANGE,58210,2,30,{LIKELY_TRUNCATED}
BSP-INDB NAR,EXPRESS,REVIEW,0.650,NUMBER_RANGE,18234,1,74,{LIKELY_TRUNCATED}
BSP-KTE MEMU,PASSENGER,REVIEW,0.600,NUMBER_RANGE,68747,1,37,{LIKELY_TRUNCATED}
BSP-NDLS,SUPERFAST,REVIEW,0.700,NUMBER_RANGE,12441,1,10,{ROUTE_CODE_STYLE}
BSP-PND LOCA,PASSENGER,REVIEW,0.600,NUMBER_RANGE,68740,1,13,{LIKELY_TRUNCATED}
BSP-R MEMU L,PASSENGER,REVIEW,0.600,NUMBER_RANGE,68719,2,30,{LIKELY_TRUNCATED}
BSP-R PASSEN,PASSENGER,REVIEW,0.600,NUMBER_RANGE,58201,1,15,{LIKELY_TRUNCATED}
BSP-REWA,EXPRESS,REVIEW,0.650,NUMBER_RANGE,18247,1,39,{ROUTE_CODE_STYLE}
BSP-RIG MEMU,PASSENGER,REVIEW,0.600,NUMBER_RANGE,68736,1,17,{LIKELY_TRUNCATED}
BSP-TIG PASS,PASSENGER,REVIEW,0.600,NUMBER_RANGE,58214,1,48,{LIKELY_TRUNCATED}
BSP-TPTY  EX,EXPRESS,REVIEW,0.650,NUMBER_RANGE,17481,1,65,{LIKELY_TRUNCATED}
BSR - PNVL M,PASSENGER,REVIEW,0.600,NUMBER_RANGE,69166,2,22,{LIKELY_TRUNCATED}
BSR-DIVA DMU,PASSENGER,REVIEW,0.600,NUMBER_RANGE,71093,1,6,{LIKELY_TRUNCATED}
BSR-DIVA PAS,PASSENGER,REVIEW,0.600,NUMBER_RANGE,71081,3,18,{LIKELY_TRUNCATED}
BST-ALD,EXPRESS,REVIEW,0.650,NUMBER_RANGE,14118,1,10,{ROUTE_CODE_STYLE}
BT - DDJ LOC,PASSENGER,REVIEW,0.550,NUMBER_RANGE,33262,1,9,{LIKELY_TRUNCATED}
BT - HB LOCA,PASSENGER,REVIEW,0.550,NUMBER_RANGE,33351,1,7,{LIKELY_TRUNCATED}
BT - HNB LOC,PASSENGER,REVIEW,0.550,NUMBER_RANGE,33317,3,57,{LIKELY_TRUNCATED}
BT - SDAH LO,PASSENGER,REVIEW,0.550,NUMBER_RANGE,33434,1,11,{LIKELY_TRUNCATED}
BT -BNJ LOCA,PASSENGER,REVIEW,0.550,NUMBER_RANGE,33363,1,12,{LIKELY_TRUNCATED}
BT -PPGT LOC,PASSENGER,REVIEW,0.550,NUMBER_RANGE,30312,1,21,{LIKELY_TRUNCATED}
BT -SDAH LOC,PASSENGER,REVIEW,0.550,NUMBER_RANGE,33436,3,33,{LIKELY_TRUNCATED}
BT HNB LOCAL,PASSENGER,REVIEW,0.550,NUMBER_RANGE,33325,1,19,{LIKELY_TRUNCATED}
BT-BNJ LOCAL,PASSENGER,REVIEW,0.550,NUMBER_RANGE,33361,3,39,{LIKELY_TRUNCATED}
BT-DTK LOCAL,PASSENGER,REVIEW,0.550,NUMBER_RANGE,33357,1,3,{LIKELY_TRUNCATED}
BT-HNB LOCAL,PASSENGER,REVIEW,0.550,NUMBER_RANGE,33311,4,76,{LIKELY_TRUNCATED}
BT-SDAH LOCA,PASSENGER,REVIEW,0.550,NUMBER_RANGE,33432,1,11,{LIKELY_TRUNCATED}
BT-SDAH MATR,PASSENGER,REVIEW,0.550,NUMBER_RANGE,33402,1,11,{LIKELY_TRUNCATED}
BTD - BVC PA,PASSENGER,REVIEW,0.600,NUMBER_RANGE,59227,1,12,{LIKELY_TRUNCATED}
BTD - SUNR P,PASSENGER,REVIEW,0.600,NUMBER_RANGE,59232,2,30,{LIKELY_TRUNCATED}
BTDF - ADI M,PASSENGER,REVIEW,0.600,NUMBER_RANGE,52938,1,14,{LIKELY_TRUNCATED}
BTDF - GG  M,PASSENGER,REVIEW,0.600,NUMBER_RANGE,52934,2,38,{LIKELY_TRUNCATED}
BTDF - GG MG,PASSENGER,REVIEW,0.600,NUMBER_RANGE,52940,2,32,{LIKELY_TRUNCATED}
BTE-IDH DMU,PASSENGER,REVIEW,0.600,NUMBER_RANGE,71902,1,8,{ROUTE_CODE_STYLE}
BTE-IDH SHUT,PASSENGER,REVIEW,0.600,NUMBER_RANGE,71906,1,8,{LIKELY_TRUNCATED}
BTE-KSJ  PAS,PASSENGER,REVIEW,0.600,NUMBER_RANGE,55342,1,22,{LIKELY_TRUNCATED}
BTH-GKP PASS,PASSENGER,REVIEW,0.600,NUMBER_RANGE,55079,1,28,{LIKELY_TRUNCATED}
BTI - FZR  P,PASSENGER,REVIEW,0.600,NUMBER_RANGE,54561,1,13,{LIKELY_TRUNCATED}
BTI - FZR PA,PASSENGER,REVIEW,0.600,NUMBER_RANGE,54563,1,13,{LIKELY_TRUNCATED}
BTI - UMB PA,PASSENGER,REVIEW,0.600,NUMBER_RANGE,54552,2,50,{LIKELY_TRUNCATED}
BTI JAT EXP,EXPRESS,REVIEW,0.650,NUMBER_RANGE,19225,1,24,{}
BTI LGH PASN,PASSENGER,REVIEW,0.600,NUMBER_RANGE,54701,1,31,{LIKELY_TRUNCATED}
BTI- SOG  PA,PASSENGER,REVIEW,0.600,NUMBER_RANGE,59711,1,17,{LIKELY_TRUNCATED}
BTI-DUI PASS,PASSENGER,REVIEW,0.600,NUMBER_RANGE,54766,1,11,{LIKELY_TRUNCATED}
BTI-FKA,PASSENGER,REVIEW,0.600,NUMBER_RANGE,54559,1,12,{ROUTE_CODE_STYLE}
BTI-FKA-DMU,PASSENGER,REVIEW,0.600,NUMBER_RANGE,74985,2,33,{ROUTE_CODE_STYLE}
BTI-JAT EXPR,EXPRESS,REVIEW,0.650,NUMBER_RANGE,14501,1,13,{LIKELY_TRUNCATED}
BTI-RE PAASE,PASSENGER,REVIEW,0.600,NUMBER_RANGE,54781,1,38,{LIKELY_TRUNCATED}
BTI-SGNR PAS,PASSENGER,REVIEW,0.600,NUMBER_RANGE,54753,2,36,{LIKELY_TRUNCATED}
BTT-BCY DEMU,PASSENGER,REVIEW,0.600,NUMBER_RANGE,75113,1,24,{LIKELY_TRUNCATED}
BTT-BCY PASS,PASSENGER,REVIEW,0.600,NUMBER_RANGE,55123,1,24,{LIKELY_TRUNCATED}
BTT-BHJ  PAS,PASSENGER,REVIEW,0.600,NUMBER_RANGE,55101,2,14,{LIKELY_TRUNCATED}
BTT-CPR- PAS,PASSENGER,REVIEW,0.600,NUMBER_RANGE,55009,1,17,{LIKELY_TRUNCATED}
BTU-DLI DEMU,PASSENGER,REVIEW,0.600,NUMBER_RANGE,74028,1,15,{LIKELY_TRUNCATED}
BUI - BCY  P,PASSENGER,REVIEW,0.600,NUMBER_RANGE,55133,1,22,{LIKELY_TRUNCATED}
BUI - SHG  P,PASSENGER,REVIEW,0.600,NUMBER_RANGE,55137,1,26,{LIKELY_TRUNCATED}
BUI SDAH EXP,EXPRESS,REVIEW,0.650,NUMBER_RANGE,13106,1,30,{LIKELY_TRUNCATED}
BUI- SHG PAS,PASSENGER,REVIEW,0.600,NUMBER_RANGE,55139,1,26,{LIKELY_TRUNCATED}
BUI-ANVT SUF,SUPERFAST,REVIEW,0.700,NUMBER_RANGE,22427,1,11,{LIKELY_TRUNCATED}
BUI-BCY DEMU,PASSENGER,REVIEW,0.600,NUMBER_RANGE,75101,1,22,{LIKELY_TRUNCATED}
BUNDELKHAND,EXPRESS,REVIEW,0.650,NUMBER_RANGE,11107,2,68,{}
BUW-SPC  PAS,PASSENGER,REVIEW,0.600,NUMBER_RANGE,55037,1,16,{LIKELY_TRUNCATED}
BVC - BTD PA,PASSENGER,REVIEW,0.600,NUMBER_RANGE,59228,1,12,{LIKELY_TRUNCATED}
BVC - DHG PA,PASSENGER,REVIEW,0.600,NUMBER_RANGE,59230,1,24,{LIKELY_TRUNCATED}
BVC - MHV PA,PASSENGER,REVIEW,0.600,NUMBER_RANGE,59225,1,25,{LIKELY_TRUNCATED}
BVC - PIT PA,PASSENGER,REVIEW,0.600,NUMBER_RANGE,59202,4,32,{LIKELY_TRUNCATED}
BVC - SUNR P,PASSENGER,REVIEW,0.600,NUMBER_RANGE,59272,1,18,{LIKELY_TRUNCATED}
BVC ASANSOL,SUPERFAST,REVIEW,0.700,NUMBER_RANGE,12941,1,32,{}
BVC BDTS EXP,SUPERFAST,REVIEW,0.700,NUMBER_RANGE,12972,1,20,{LIKELY_TRUNCATED}
BVC BDTS SF,SUPERFAST,REVIEW,0.700,NUMBER_RANGE,22964,1,18,{}
BVC KCVL EXP,EXPRESS,REVIEW,0.650,NUMBER_RANGE,19260,1,41,{LIKELY_TRUNCATED}
BVC OKHA PAS,PASSENGER,REVIEW,0.600,NUMBER_RANGE,59207,1,60,{LIKELY_TRUNCATED}
BVC-CCT EXP,EXPRESS,REVIEW,0.650,NUMBER_RANGE,17203,1,31,{ROUTE_CODE_STYLE}
BVC-SUNR FAS,PASSENGER,REVIEW,0.600,NUMBER_RANGE,59204,1,22,{LIKELY_TRUNCATED}
BVH-NDLS EMU,PASSENGER,REVIEW,0.600,NUMBER_RANGE,64071,1,14,{LIKELY_TRUNCATED}
BVI ST MEMU,PASSENGER,REVIEW,0.600,NUMBER_RANGE,69139,1,34,{}
BVI-DRD,EMU,REVIEW,0.750,NUMBER_RANGE,93013,1,2,{ROUTE_CODE_STYLE}
BVJ - SHM EX,SUPERFAST,REVIEW,0.700,NUMBER_RANGE,22829,1,31,{LIKELY_TRUNCATED}
BVRM PASS,PASSENGER,REVIEW,0.600,NUMBER_RANGE,77266,2,57,{}
BVRM/VSKP PA,PASSENGER,REVIEW,0.600,NUMBER_RANGE,57264,1,7,{LIKELY_TRUNCATED}
BWN - BHW PA,PASSENGER,REVIEW,0.600,NUMBER_RANGE,53063,1,31,{LIKELY_TRUNCATED}
BWN - HWH LO,PASSENGER,REVIEW,0.550,NUMBER_RANGE,37834,8,259,{LIKELY_TRUNCATED}
BWN - RPH DM,PASSENGER,REVIEW,0.600,NUMBER_RANGE,73011,1,19,{LIKELY_TRUNCATED}
BWN BGNA LOC,PASSENGER,REVIEW,0.550,NUMBER_RANGE,35011,4,36,{LIKELY_TRUNCATED}
BWN SPS LOCA,PASSENGER,REVIEW,0.550,NUMBER_RANGE,35017,1,15,{LIKELY_TRUNCATED}
BWN-ASN PGR.,PASSENGER,REVIEW,0.600,NUMBER_RANGE,63505,11,154,{LIKELY_TRUNCATED}
BWN-BDC LOCA,PASSENGER,REVIEW,0.550,NUMBER_RANGE,37782,3,54,{LIKELY_TRUNCATED}
BWN-HWH LOCA,PASSENGER,REVIEW,0.550,NUMBER_RANGE,37812,13,377,{LIKELY_TRUNCATED}
BWN-HWH MAIN,PASSENGER,REVIEW,0.550,NUMBER_RANGE,37852,1,34,{LIKELY_TRUNCATED}
BWN-HWH NON,PASSENGER,REVIEW,0.550,NUMBER_RANGE,37854,1,34,{ROUTE_CODE_STYLE}
BWN-HWH(CHOR,PASSENGER,REVIEW,0.550,NUMBER_RANGE,36812,25,691,{LIKELY_TRUNCATED}
BWN-MLDT PAS,PASSENGER,REVIEW,0.600,NUMBER_RANGE,53417,1,39,{LIKELY_TRUNCATED}
BWN-RANCHI P,PASSENGER,REVIEW,0.600,NUMBER_RANGE,53061,1,50,{LIKELY_TRUNCATED}
BWN-RPH PASS,PASSENGER,REVIEW,0.600,NUMBER_RANGE,53069,3,57,{LIKELY_TRUNCATED}
BWN-RPH TRI-,EXPRESS,REVIEW,0.650,NUMBER_RANGE,13013,1,6,{LIKELY_TRUNCATED}
BWN-SDAH LOC,PASSENGER,REVIEW,0.550,NUMBER_RANGE,31152,1,35,{LIKELY_TRUNCATED}
BWT-BNC DEMU,PASSENGER,REVIEW,0.600,NUMBER_RANGE,76508,1,11,{LIKELY_TRUNCATED}
BWT-BYPL PAS,PASSENGER,REVIEW,0.600,NUMBER_RANGE,66533,1,14,{LIKELY_TRUNCATED}
BWT-KPN MEMU,PASSENGER,REVIEW,0.600,NUMBER_RANGE,66528,1,5,{LIKELY_TRUNCATED}
BWT-KQZ DEMU,PASSENGER,REVIEW,0.600,NUMBER_RANGE,76501,1,2,{LIKELY_TRUNCATED}
BWT-KQZ RBUS,PASSENGER,REVIEW,0.600,NUMBER_RANGE,76503,1,2,{LIKELY_TRUNCATED}
BWT-MKM  PAS,PASSENGER,REVIEW,0.600,NUMBER_RANGE,66518,1,6,{LIKELY_TRUNCATED}
BWT-MKM MEMU,PASSENGER,REVIEW,0.600,NUMBER_RANGE,66513,1,6,{LIKELY_TRUNCATED}
BWT-MKM PASS,PASSENGER,REVIEW,0.600,NUMBER_RANGE,56505,2,12,{LIKELY_TRUNCATED}
BWT-SBC EXP,EXPRESS,REVIEW,0.650,NUMBER_RANGE,16521,1,8,{ROUTE_CODE_STYLE}
BWT-SBC PASS,PASSENGER,REVIEW,0.600,NUMBER_RANGE,66531,1,12,{LIKELY_TRUNCATED}
BXF  BRMP PA,PASSENGER,REVIEW,0.600,NUMBER_RANGE,58152,1,12,{LIKELY_TRUNCATED}
BXN-AGC,PASSENGER,REVIEW,0.600,NUMBER_RANGE,64951,1,15,{ROUTE_CODE_STYLE}
BXN-JAB PASS,PASSENGER,REVIEW,0.600,NUMBER_RANGE,59357,1,16,{LIKELY_TRUNCATED}
BXN-JP PASSE,PASSENGER,REVIEW,0.600,NUMBER_RANGE,59806,1,22,{LIKELY_TRUNCATED}
BXN-MTJ PASS,PASSENGER,REVIEW,0.600,NUMBER_RANGE,59359,1,9,{LIKELY_TRUNCATED}
BXR - FUT ME,PASSENGER,REVIEW,0.600,NUMBER_RANGE,63262,1,24,{LIKELY_TRUNCATED}
BXR-MGS MEMU,PASSENGER,REVIEW,0.600,NUMBER_RANGE,63235,1,11,{LIKELY_TRUNCATED}
BXR-PNBE MEM,PASSENGER,REVIEW,0.600,NUMBER_RANGE,63232,1,18,{LIKELY_TRUNCATED}
BXT - APDJ P,PASSENGER,REVIEW,0.600,NUMBER_RANGE,55466,1,14,{LIKELY_TRUNCATED}
BXT - SGUJ D,PASSENGER,REVIEW,0.600,NUMBER_RANGE,75718,1,29,{LIKELY_TRUNCATED}
BXT - SGUJ P,PASSENGER,REVIEW,0.600,NUMBER_RANGE,55468,1,34,{LIKELY_TRUNCATED}
BXY-CWA PASS,PASSENGER,REVIEW,0.600,NUMBER_RANGE,51255,1,12,{LIKELY_TRUNCATED}
BYNDOOR-KGQ,PASSENGER,REVIEW,0.600,NUMBER_RANGE,56666,1,20,{}
BYPL-KPN PAS,PASSENGER,REVIEW,0.600,NUMBER_RANGE,66534,1,13,{LIKELY_TRUNCATED}
BYPL-MKM MEM,PASSENGER,REVIEW,0.600,NUMBER_RANGE,66515,1,14,{LIKELY_TRUNCATED}
BZA HWH HUMS,EXPRESS,REVIEW,0.650,NUMBER_RANGE,20890,1,8,{LIKELY_TRUNCATED}
BZA PASS,PASSENGER,REVIEW,0.600,NUMBER_RANGE,77291,1,23,{}
BZA-BDCR PAS,PASSENGER,REVIEW,0.600,NUMBER_RANGE,77292,1,25,{LIKELY_TRUNCATED}
BZA-DMM TRI-,EXPRESS,REVIEW,0.650,NUMBER_RANGE,17215,1,16,{LIKELY_TRUNCATED}
BZA-GDR PASS,PASSENGER,REVIEW,0.600,NUMBER_RANGE,67298,1,25,{LIKELY_TRUNCATED}
BZA-GNT,PASSENGER,REVIEW,0.600,NUMBER_RANGE,77284,1,6,{ROUTE_CODE_STYLE}
BZA-KZJ PASS,PASSENGER,REVIEW,0.600,NUMBER_RANGE,57238,1,29,{LIKELY_TRUNCATED}
BZA-MAS PINA,SUPERFAST,REVIEW,0.700,NUMBER_RANGE,12711,1,14,{LIKELY_TRUNCATED}
BZA-MAS-JAN,SUPERFAST,REVIEW,0.700,NUMBER_RANGE,12078,1,10,{ROUTE_CODE_STYLE}
BZA-MTM PASS,PASSENGER,REVIEW,0.600,NUMBER_RANGE,77261,1,18,{LIKELY_TRUNCATED}
BZA-RGDA PAS,PASSENGER,REVIEW,0.600,NUMBER_RANGE,57271,1,68,{LIKELY_TRUNCATED}
BZA-RJY PASS,PASSENGER,REVIEW,0.600,NUMBER_RANGE,67300,1,28,{LIKELY_TRUNCATED}
BZA-SC SATAV,SUPERFAST,REVIEW,0.700,NUMBER_RANGE,12713,1,9,{LIKELY_TRUNCATED}
BZA-SC SUP E,SUPERFAST,REVIEW,0.700,NUMBER_RANGE,12795,1,4,{LIKELY_TRUNCATED}
BZA-SNSI EXP,EXPRESS,REVIEW,0.650,NUMBER_RANGE,17208,1,32,{LIKELY_TRUNCATED}
BZA-TEL,PASSENGER,REVIEW,0.600,NUMBER_RANGE,77281,2,16,{ROUTE_CODE_STYLE}
BZA-UBL  PAS,PASSENGER,REVIEW,0.600,NUMBER_RANGE,56501,1,66,{LIKELY_TRUNCATED}
BZA-UBL AMAR,EXPRESS,REVIEW,0.650,NUMBER_RANGE,17225,1,26,{LIKELY_TRUNCATED}
BZA-VSKP  RA,SUPERFAST,REVIEW,0.700,NUMBER_RANGE,12718,1,13,{LIKELY_TRUNCATED}
BZA-VSKP-PAS,PASSENGER,REVIEW,0.600,NUMBER_RANGE,57225,1,58,{LIKELY_TRUNCATED}
BZA-YPR  PAS,PASSENGER,REVIEW,0.600,NUMBER_RANGE,56504,1,79,{LIKELY_TRUNCATED}
BZAPASS,PASSENGER,REVIEW,0.600,NUMBER_RANGE,67297,1,25,{}
BZN - HWH SU,PASSENGER,REVIEW,0.550,NUMBER_RANGE,38202,1,16,{LIKELY_TRUNCATED}
BZN HWH LOCA,PASSENGER,REVIEW,0.550,NUMBER_RANGE,38204,1,16,{LIKELY_TRUNCATED}
BZN-SRC EMU,PASSENGER,REVIEW,0.550,NUMBER_RANGE,38206,1,12,{ROUTE_CODE_STYLE}
BZU AMLA PAS,PASSENGER,REVIEW,0.600,NUMBER_RANGE,51240,1,4,{LIKELY_TRUNCATED}
BZU- CWA PAS,PASSENGER,REVIEW,0.600,NUMBER_RANGE,59395,1,13,{LIKELY_TRUNCATED}
C 12,EMU,REVIEW,0.750,NUMBER_RANGE,97612,1,10,{}
C 38,EMU,REVIEW,0.750,NUMBER_RANGE,97638,1,10,{}
C 40,EMU,REVIEW,0.750,NUMBER_RANGE,97640,1,10,{}
C1,EMU,REVIEW,0.750,NUMBER_RANGE,97601,1,10,{COACH_CODE_AS_NAME}
C10,EMU,REVIEW,0.750,NUMBER_RANGE,97610,1,10,{COACH_CODE_AS_NAME}
C11,EMU,REVIEW,0.750,NUMBER_RANGE,97611,1,10,{COACH_CODE_AS_NAME}
C13,EMU,REVIEW,0.750,NUMBER_RANGE,97613,1,10,{COACH_CODE_AS_NAME}
C14,EMU,REVIEW,0.750,NUMBER_RANGE,97614,1,10,{COACH_CODE_AS_NAME}
C15,EMU,REVIEW,0.750,NUMBER_RANGE,97615,1,10,{COACH_CODE_AS_NAME}
C16,EMU,REVIEW,0.750,NUMBER_RANGE,97616,1,10,{COACH_CODE_AS_NAME}
C17,EMU,REVIEW,0.750,NUMBER_RANGE,97617,1,10,{COACH_CODE_AS_NAME}
C18,EMU,REVIEW,0.750,NUMBER_RANGE,97618,1,10,{COACH_CODE_AS_NAME}
C19,EMU,REVIEW,0.750,NUMBER_RANGE,97619,1,10,{COACH_CODE_AS_NAME}
C2,EMU,REVIEW,0.750,NUMBER_RANGE,97602,1,10,{COACH_CODE_AS_NAME}
C20,EMU,REVIEW,0.750,NUMBER_RANGE,97620,1,10,{COACH_CODE_AS_NAME}
C21,EMU,REVIEW,0.750,NUMBER_RANGE,97621,1,10,{COACH_CODE_AS_NAME}
C22,EMU,REVIEW,0.750,NUMBER_RANGE,97622,1,10,{COACH_CODE_AS_NAME}
C23,EMU,REVIEW,0.750,NUMBER_RANGE,97623,1,10,{COACH_CODE_AS_NAME}
C24,EMU,REVIEW,0.750,NUMBER_RANGE,97624,1,10,{COACH_CODE_AS_NAME}
C25,EMU,REVIEW,0.750,NUMBER_RANGE,97625,1,10,{COACH_CODE_AS_NAME}
C26,EMU,REVIEW,0.750,NUMBER_RANGE,97626,1,10,{COACH_CODE_AS_NAME}
C27,EMU,REVIEW,0.750,NUMBER_RANGE,97627,1,10,{COACH_CODE_AS_NAME}
C28,EMU,REVIEW,0.750,NUMBER_RANGE,97628,1,10,{COACH_CODE_AS_NAME}
C29,EMU,REVIEW,0.750,NUMBER_RANGE,97629,1,10,{COACH_CODE_AS_NAME}
C3,EMU,REVIEW,0.750,NUMBER_RANGE,97603,1,10,{COACH_CODE_AS_NAME}
C30,EMU,REVIEW,0.750,NUMBER_RANGE,97630,1,10,{COACH_CODE_AS_NAME}
C31,EMU,REVIEW,0.750,NUMBER_RANGE,97631,1,10,{COACH_CODE_AS_NAME}
C32,EMU,REVIEW,0.750,NUMBER_RANGE,97632,1,10,{COACH_CODE_AS_NAME}
C33,EMU,REVIEW,0.750,NUMBER_RANGE,97633,1,10,{COACH_CODE_AS_NAME}
C34,EMU,REVIEW,0.750,NUMBER_RANGE,97634,1,10,{COACH_CODE_AS_NAME}
C35,EMU,REVIEW,0.750,NUMBER_RANGE,97635,1,10,{COACH_CODE_AS_NAME}
C36,EMU,REVIEW,0.750,NUMBER_RANGE,97636,1,10,{COACH_CODE_AS_NAME}
C37,EMU,REVIEW,0.750,NUMBER_RANGE,97637,1,10,{COACH_CODE_AS_NAME}
C39,EMU,REVIEW,0.750,NUMBER_RANGE,97639,1,10,{COACH_CODE_AS_NAME}
C4,EMU,REVIEW,0.750,NUMBER_RANGE,97604,1,10,{COACH_CODE_AS_NAME}
C41,EMU,REVIEW,0.750,NUMBER_RANGE,97641,1,10,{COACH_CODE_AS_NAME}
C42,EMU,REVIEW,0.750,NUMBER_RANGE,97642,1,10,{COACH_CODE_AS_NAME}
C43,EMU,REVIEW,0.750,NUMBER_RANGE,97643,1,10,{COACH_CODE_AS_NAME}
C44,EMU,REVIEW,0.750,NUMBER_RANGE,97644,1,10,{COACH_CODE_AS_NAME}
C45,EMU,REVIEW,0.750,NUMBER_RANGE,97645,1,10,{COACH_CODE_AS_NAME}
C46,EMU,REVIEW,0.750,NUMBER_RANGE,97646,1,10,{COACH_CODE_AS_NAME}
C47,EMU,REVIEW,0.750,NUMBER_RANGE,97647,1,10,{COACH_CODE_AS_NAME}
C48,EMU,REVIEW,0.750,NUMBER_RANGE,97648,1,10,{COACH_CODE_AS_NAME}
C49,EMU,REVIEW,0.750,NUMBER_RANGE,97649,1,10,{COACH_CODE_AS_NAME}
C5,EMU,REVIEW,0.750,NUMBER_RANGE,97605,1,10,{COACH_CODE_AS_NAME}
C51,EMU,REVIEW,0.750,NUMBER_RANGE,97651,1,10,{COACH_CODE_AS_NAME}
C53,EMU,REVIEW,0.750,NUMBER_RANGE,97653,1,10,{COACH_CODE_AS_NAME}
C55,EMU,REVIEW,0.750,NUMBER_RANGE,97655,1,10,{COACH_CODE_AS_NAME}
C6,EMU,REVIEW,0.750,NUMBER_RANGE,97606,1,10,{COACH_CODE_AS_NAME}
C7,EMU,REVIEW,0.750,NUMBER_RANGE,97607,1,10,{COACH_CODE_AS_NAME}
C8,EMU,REVIEW,0.750,NUMBER_RANGE,97608,1,10,{COACH_CODE_AS_NAME}
C9,EMU,REVIEW,0.750,NUMBER_RANGE,97609,1,10,{COACH_CODE_AS_NAME}
CAF - G PASS,PASSENGER,REVIEW,0.600,NUMBER_RANGE,58805,1,27,{LIKELY_TRUNCATED}
CAN - TVC JA,SUPERFAST,REVIEW,0.700,NUMBER_RANGE,12081,1,15,{LIKELY_TRUNCATED}
CAN-ALLEPPEY,EXPRESS,REVIEW,0.650,NUMBER_RANGE,16308,1,28,{LIKELY_TRUNCATED}
CAN-ALLP EXP,EXPRESS,REVIEW,0.650,NUMBER_RANGE,16314,1,26,{LIKELY_TRUNCATED}
CAN-CBE PASS,PASSENGER,REVIEW,0.600,NUMBER_RANGE,56650,1,40,{LIKELY_TRUNCATED}
CAN-CHV PASE,PASSENGER,REVIEW,0.600,NUMBER_RANGE,56659,1,11,{LIKELY_TRUNCATED}
CAN-CLT PASS,PASSENGER,REVIEW,0.600,NUMBER_RANGE,56652,1,20,{LIKELY_TRUNCATED}
CAN-ERS INTE,EXPRESS,REVIEW,0.650,NUMBER_RANGE,16306,1,17,{LIKELY_TRUNCATED}
CAN-KAWR-SBC,EXPRESS,REVIEW,0.650,NUMBER_RANGE,16518,1,20,{LIKELY_TRUNCATED}
CAN-MAQ PASS,PASSENGER,REVIEW,0.600,NUMBER_RANGE,56655,1,22,{LIKELY_TRUNCATED}
CAN-SRR PASS,PASSENGER,REVIEW,0.600,NUMBER_RANGE,56602,1,35,{LIKELY_TRUNCATED}
CAN-YPR EXP,EXPRESS,REVIEW,0.650,NUMBER_RANGE,16528,1,18,{ROUTE_CODE_STYLE}
CAPE - DBRG,EXPRESS,REVIEW,0.650,NUMBER_RANGE,15905,1,57,{}
CAPE HWH EXP,SUPERFAST,REVIEW,0.700,NUMBER_RANGE,12666,1,32,{LIKELY_TRUNCATED}
CAPE MUMBAI,EXPRESS,REVIEW,0.650,NUMBER_RANGE,16382,1,62,{}
CAPE TEN PAS,PASSENGER,REVIEW,0.600,NUMBER_RANGE,56717,1,9,{LIKELY_TRUNCATED}
CAPE- NZM TI,SUPERFAST,REVIEW,0.700,NUMBER_RANGE,12641,1,25,{LIKELY_TRUNCATED}
CAPE-MS EXP.,SUPERFAST,REVIEW,0.700,NUMBER_RANGE,12634,1,18,{LIKELY_TRUNCATED}
CAPE-PDY WKL,EXPRESS,REVIEW,0.650,NUMBER_RANGE,16862,1,23,{LIKELY_TRUNCATED}
CAPE-QLN PAS,PASSENGER,REVIEW,0.600,NUMBER_RANGE,66305,1,32,{LIKELY_TRUNCATED}
CAPE-RMM SUP,SUPERFAST,REVIEW,0.700,NUMBER_RANGE,22622,1,12,{LIKELY_TRUNCATED}
CAPE-SBC EXP,EXPRESS,REVIEW,0.650,NUMBER_RANGE,16525,1,46,{LIKELY_TRUNCATED}
CAPE-SVDK HI,EXPRESS,REVIEW,0.650,NUMBER_RANGE,16317,1,71,{LIKELY_TRUNCATED}
CAR-ALD PASS,PASSENGER,REVIEW,0.600,NUMBER_RANGE,54103,1,16,{LIKELY_TRUNCATED}
CAR-BRWD PAS,PASSENGER,REVIEW,0.600,NUMBER_RANGE,53352,1,31,{LIKELY_TRUNCATED}
CBE BKN AC S,SUPERFAST,REVIEW,0.700,NUMBER_RANGE,22476,1,34,{LIKELY_TRUNCATED}
CBE JAIPUR E,SUPERFAST,REVIEW,0.700,NUMBER_RANGE,12969,1,39,{LIKELY_TRUNCATED}
CBE MTP PASS,PASSENGER,REVIEW,0.600,NUMBER_RANGE,56144,1,4,{LIKELY_TRUNCATED}
CBE-CAN PASS,PASSENGER,REVIEW,0.600,NUMBER_RANGE,56651,1,40,{LIKELY_TRUNCATED}
CBE-ED PASSR,PASSENGER,REVIEW,0.600,NUMBER_RANGE,66600,1,15,{LIKELY_TRUNCATED}
CBE-MAQ INTE,SUPERFAST,REVIEW,0.700,NUMBER_RANGE,22610,1,14,{LIKELY_TRUNCATED}
CBE-MAQ PASS,PASSENGER,REVIEW,0.600,NUMBER_RANGE,56323,1,54,{LIKELY_TRUNCATED}
CBE-MAS  SHA,SUPERFAST,REVIEW,0.700,NUMBER_RANGE,12244,1,6,{LIKELY_TRUNCATED}
CBE-MAS CHER,SUPERFAST,REVIEW,0.700,NUMBER_RANGE,12674,1,9,{LIKELY_TRUNCATED}
CBE-MAS INTE,SUPERFAST,REVIEW,0.700,NUMBER_RANGE,12680,1,12,{LIKELY_TRUNCATED}
CBE-MAS KOVA,SUPERFAST,REVIEW,0.700,NUMBER_RANGE,12676,1,12,{LIKELY_TRUNCATED}
CBE-MTP PASS,PASSENGER,REVIEW,0.600,NUMBER_RANGE,56146,3,12,{LIKELY_TRUNCATED}
CBE-MV JAN S,SUPERFAST,REVIEW,0.700,NUMBER_RANGE,12084,1,10,{LIKELY_TRUNCATED}
CBE-NCJ PASS,PASSENGER,REVIEW,0.600,NUMBER_RANGE,56320,1,46,{LIKELY_TRUNCATED}
CBE-NCJ SUPE,SUPERFAST,REVIEW,0.700,NUMBER_RANGE,22668,1,14,{LIKELY_TRUNCATED}
CBE-RMM WKLY,EXPRESS,REVIEW,0.650,NUMBER_RANGE,16618,1,15,{LIKELY_TRUNCATED}
CBE-SA PASS,PASSENGER,REVIEW,0.600,NUMBER_RANGE,66602,1,22,{ROUTE_CODE_STYLE}
CBE-SRR PASS,PASSENGER,REVIEW,0.600,NUMBER_RANGE,66605,1,14,{LIKELY_TRUNCATED}
CBE-TCR PASS,PASSENGER,REVIEW,0.600,NUMBER_RANGE,56605,1,20,{LIKELY_TRUNCATED}
CBE-TN LINK,SUPERFAST,REVIEW,0.700,NUMBER_RANGE,22670,1,4,{ROUTE_CODE_STYLE}
CBE-TPTY EXP,SUPERFAST,REVIEW,0.700,NUMBER_RANGE,22616,1,8,{LIKELY_TRUNCATED}
CBL1,EMU,REVIEW,0.750,NUMBER_RANGE,96201,1,5,{}
CBL2,EMU,REVIEW,0.750,NUMBER_RANGE,96232,1,3,{}
CBY - ANND D,PASSENGER,REVIEW,0.600,NUMBER_RANGE,79414,1,13,{LIKELY_TRUNCATED}
CBY-ANND DMU,PASSENGER,REVIEW,0.600,NUMBER_RANGE,79416,7,91,{LIKELY_TRUNCATED}
CCG DRD EMU,EMU,REVIEW,0.750,NUMBER_RANGE,93025,2,4,{}
CCG-DRD,EMU,REVIEW,0.750,NUMBER_RANGE,93007,2,4,{ROUTE_CODE_STYLE}
CCG-DRD EMU,EMU,REVIEW,0.750,NUMBER_RANGE,93005,1,2,{ROUTE_CODE_STYLE}
CCG-VR,EMU,REVIEW,0.750,NUMBER_RANGE,90981,1,2,{ROUTE_CODE_STYLE}
CCT-SC COCAN,SUPERFAST,REVIEW,0.700,NUMBER_RANGE,12775,1,11,{LIKELY_TRUNCATED}
CDAE-HWH LOC,PASSENGER,REVIEW,0.550,NUMBER_RANGE,36032,4,56,{LIKELY_TRUNCATED}
CDG  INDB  E,EXPRESS,REVIEW,0.650,NUMBER_RANGE,19308,1,19,{LIKELY_TRUNCATED}
CDG - BDTS E,SUPERFAST,REVIEW,0.700,NUMBER_RANGE,22452,1,24,{LIKELY_TRUNCATED}
CDG - LKO EX,SUPERFAST,REVIEW,0.700,NUMBER_RANGE,12232,1,16,{LIKELY_TRUNCATED}
CDG - PPTA S,SUPERFAST,REVIEW,0.700,NUMBER_RANGE,22356,1,16,{LIKELY_TRUNCATED}
CDG AII G RA,SUPERFAST,REVIEW,0.700,NUMBER_RANGE,12984,1,15,{LIKELY_TRUNCATED}
CDG JP INTER,EXPRESS,REVIEW,0.650,NUMBER_RANGE,19718,1,17,{LIKELY_TRUNCATED}
CDG-ASR INTE,SUPERFAST,REVIEW,0.700,NUMBER_RANGE,12411,1,9,{LIKELY_TRUNCATED}
CDG-ASR SUPE,SUPERFAST,REVIEW,0.700,NUMBER_RANGE,12241,1,6,{LIKELY_TRUNCATED}
CDG-DBRG EXP,EXPRESS,REVIEW,0.650,NUMBER_RANGE,15904,1,35,{LIKELY_TRUNCATED}
CDG-FZR EXP,EXPRESS,REVIEW,0.650,NUMBER_RANGE,14613,1,8,{ROUTE_CODE_STYLE}
CDG-MAS LINK,SUPERFAST,REVIEW,0.700,NUMBER_RANGE,22688,1,4,{LIKELY_TRUNCATED}
CDG-NDLS SHA,SUPERFAST,REVIEW,0.700,NUMBER_RANGE,12046,1,4,{LIKELY_TRUNCATED}
CDG-YPR BI W,SUPERFAST,REVIEW,0.700,NUMBER_RANGE,22686,1,18,{LIKELY_TRUNCATED}
CEN-BBS WEEK,SUPERFAST,REVIEW,0.700,NUMBER_RANGE,12829,1,21,{LIKELY_TRUNCATED}
CG - BT LOCA,PASSENGER,REVIEW,0.550,NUMBER_RANGE,33061,1,26,{LIKELY_TRUNCATED}
CG - SDAH  L,PASSENGER,REVIEW,0.550,NUMBER_RANGE,34501,24,404,{LIKELY_TRUNCATED}
CG - SPR LOC,PASSENGER,REVIEW,0.550,NUMBER_RANGE,34353,1,9,{LIKELY_TRUNCATED}
CG- SPR  LOC,PASSENGER,REVIEW,0.550,NUMBER_RANGE,34355,1,7,{LIKELY_TRUNCATED}
CG-SDAH LOCA,PASSENGER,REVIEW,0.550,NUMBER_RANGE,34557,1,17,{LIKELY_TRUNCATED}
CG-SPR LOCAL,PASSENGER,REVIEW,0.550,NUMBER_RANGE,34351,1,10,{LIKELY_TRUNCATED}
CGL-AJJ PASS,PASSENGER,REVIEW,0.600,NUMBER_RANGE,56004,2,9,{LIKELY_TRUNCATED}
CGL-COA CIRC,EXPRESS,REVIEW,0.650,NUMBER_RANGE,17643,1,36,{LIKELY_TRUNCATED}
CGL-KCG EXP,EXPRESS,REVIEW,0.650,NUMBER_RANGE,17651,1,21,{ROUTE_CODE_STYLE}
CGL-MSB EMU,PASSENGER,REVIEW,0.550,NUMBER_RANGE,40502,65,270,{ROUTE_CODE_STYLE}
CGL-TMLP EMU,PASSENGER,REVIEW,0.550,NUMBER_RANGE,40901,1,10,{LIKELY_TRUNCATED}
CH-RKSH PASS,PASSENGER,REVIEW,0.600,NUMBER_RANGE,54463,1,38,{LIKELY_TRUNCATED}
CHALUKYA EXP,EXPRESS,REVIEW,0.650,NUMBER_RANGE,11006,1,38,{LIKELY_TRUNCATED}
CHAMBAL EXP,SUPERFAST,REVIEW,0.700,NUMBER_RANGE,12175,3,99,{}
CHAMBAL EXPR,SUPERFAST,REVIEW,0.700,NUMBER_RANGE,12176,1,31,{LIKELY_TRUNCATED}
CHAMUNDI EXP,EXPRESS,REVIEW,0.650,NUMBER_RANGE,16216,1,10,{LIKELY_TRUNCATED}
CHANDAUSI MO,PASSENGER,REVIEW,0.600,NUMBER_RANGE,54313,1,9,{LIKELY_TRUNCATED}
CHANDIGARH E,EXPRESS,REVIEW,0.650,NUMBER_RANGE,19307,1,19,{LIKELY_TRUNCATED}
CHAURICHAURA,EXPRESS,REVIEW,0.650,NUMBER_RANGE,15003,2,59,{LIKELY_TRUNCATED}
CHD - CHRM P,PASSENGER,REVIEW,0.600,NUMBER_RANGE,58222,1,20,{LIKELY_TRUNCATED}
CHDL-UMB PAS,PASSENGER,REVIEW,0.600,NUMBER_RANGE,74992,1,23,{LIKELY_TRUNCATED}
CHEMMOZHI EX,EXPRESS,REVIEW,0.650,NUMBER_RANGE,16616,1,9,{LIKELY_TRUNCATED}
CHENNAI - LT,EXPRESS,REVIEW,0.650,NUMBER_RANGE,11074,1,17,{LIKELY_TRUNCATED}
CHENNAI ADI,SUPERFAST,REVIEW,0.700,NUMBER_RANGE,22919,1,12,{}
CHENNAI EXP,SUPERFAST,REVIEW,0.700,NUMBER_RANGE,12164,3,51,{}
CHENNAI EXPR,SUPERFAST,REVIEW,0.700,NUMBER_RANGE,12163,2,50,{LIKELY_TRUNCATED}
CHENNAI MAIL,SUPERFAST,REVIEW,0.700,NUMBER_RANGE,12602,2,55,{LIKELY_TRUNCATED}
CHENNAI- VAS,EXPRESS,REVIEW,0.650,NUMBER_RANGE,17311,1,24,{LIKELY_TRUNCATED}
CHENNAI-EGMO,SUPERFAST,REVIEW,0.700,NUMBER_RANGE,12390,1,17,{LIKELY_TRUNCATED}
CHETAK EXP,SUPERFAST,REVIEW,0.700,NUMBER_RANGE,12981,2,42,{}
CHHAPRA EXPR,EXPRESS,REVIEW,0.650,NUMBER_RANGE,11059,1,24,{LIKELY_TRUNCATED}
CHHAPRA-CPA,EXPRESS,REVIEW,0.650,NUMBER_RANGE,18191,1,33,{}
chhapra-math,SUPERFAST,REVIEW,0.700,NUMBER_RANGE,22531,1,22,{LIKELY_TRUNCATED}
CHITRAKOOT E,EXPRESS,REVIEW,0.650,NUMBER_RANGE,15205,2,55,{LIKELY_TRUNCATED}
CHJEMMOZHI D,EXPRESS,REVIEW,0.650,NUMBER_RANGE,16615,1,10,{LIKELY_TRUNCATED}
CHOLAN EXP,EXPRESS,REVIEW,0.650,NUMBER_RANGE,16853,2,38,{}
CHOPAN BARWA,EXPRESS,REVIEW,0.650,NUMBER_RANGE,14372,1,10,{LIKELY_TRUNCATED}
CHRM - BSP P,PASSENGER,REVIEW,0.600,NUMBER_RANGE,58220,1,29,{LIKELY_TRUNCATED}
CHRM - CHD P,PASSENGER,REVIEW,0.600,NUMBER_RANGE,58221,1,20,{LIKELY_TRUNCATED}
CHRM-APR PAS,PASSENGER,REVIEW,0.600,NUMBER_RANGE,51755,1,11,{LIKELY_TRUNCATED}
CHRM-KMZ PAS,PASSENGER,REVIEW,0.600,NUMBER_RANGE,51606,1,28,{LIKELY_TRUNCATED}
CHRM-REWA PA,PASSENGER,REVIEW,0.600,NUMBER_RANGE,51754,1,30,{LIKELY_TRUNCATED}
CHT - MJT LO,PASSENGER,REVIEW,0.550,NUMBER_RANGE,30511,1,14,{LIKELY_TRUNCATED}
CHV-MAQ PASS,PASSENGER,REVIEW,0.600,NUMBER_RANGE,56661,1,13,{LIKELY_TRUNCATED}
CI-MHC PASSE,PASSENGER,REVIEW,0.600,NUMBER_RANGE,55183,1,27,{LIKELY_TRUNCATED}
CI-THE PASSE,PASSENGER,REVIEW,0.600,NUMBER_RANGE,55184,1,27,{LIKELY_TRUNCATED}
CJ-MSB EMU L,PASSENGER,REVIEW,0.550,NUMBER_RANGE,40802,2,20,{LIKELY_TRUNCATED}
CK1,EMU,REVIEW,0.750,NUMBER_RANGE,97001,1,14,{COACH_CODE_AS_NAME}
CK10,EMU,REVIEW,0.750,NUMBER_RANGE,97148,1,15,{COACH_CODE_AS_NAME}
CK11,EMU,REVIEW,0.750,NUMBER_RANGE,97013,1,13,{COACH_CODE_AS_NAME}
CK13,EMU,REVIEW,0.750,NUMBER_RANGE,97051,1,15,{COACH_CODE_AS_NAME}
CK15,EMU,REVIEW,0.750,NUMBER_RANGE,97077,1,15,{COACH_CODE_AS_NAME}
CK17,EMU,REVIEW,0.750,NUMBER_RANGE,97097,1,15,{COACH_CODE_AS_NAME}
CK19,EMU,REVIEW,0.750,NUMBER_RANGE,97099,1,14,{COACH_CODE_AS_NAME}
CK2,EMU,REVIEW,0.750,NUMBER_RANGE,97042,1,15,{COACH_CODE_AS_NAME}
CK21,EMU,REVIEW,0.750,NUMBER_RANGE,97109,1,14,{COACH_CODE_AS_NAME}
CK23,EMU,REVIEW,0.750,NUMBER_RANGE,97131,1,15,{COACH_CODE_AS_NAME}
CK3,EMU,REVIEW,0.750,NUMBER_RANGE,97003,1,14,{COACH_CODE_AS_NAME}
CK4,EMU,REVIEW,0.750,NUMBER_RANGE,97064,1,15,{COACH_CODE_AS_NAME}
CK5,EMU,REVIEW,0.750,NUMBER_RANGE,97005,1,14,{COACH_CODE_AS_NAME}
CK6,EMU,REVIEW,0.750,NUMBER_RANGE,97116,1,15,{COACH_CODE_AS_NAME}
CK7,EMU,REVIEW,0.750,NUMBER_RANGE,97007,1,14,{COACH_CODE_AS_NAME}
CK8,EMU,REVIEW,0.750,NUMBER_RANGE,97140,1,15,{COACH_CODE_AS_NAME}
CK9,EMU,REVIEW,0.750,NUMBER_RANGE,97009,1,14,{COACH_CODE_AS_NAME}
CKP GMO PASS,PASSENGER,REVIEW,0.600,NUMBER_RANGE,68018,1,39,{LIKELY_TRUNCATED}
CKP TATA PAS,PASSENGER,REVIEW,0.600,NUMBER_RANGE,68010,1,9,{LIKELY_TRUNCATED}
CKP-ADRA-HWH,PASSENGER,REVIEW,0.600,NUMBER_RANGE,58012,1,45,{LIKELY_TRUNCATED}
CKP-BBN EXPR,EXPRESS,REVIEW,0.650,NUMBER_RANGE,18403,1,6,{LIKELY_TRUNCATED}
CKP-ROU SARA,PASSENGER,REVIEW,0.600,NUMBER_RANGE,78101,1,15,{LIKELY_TRUNCATED}
CKU - TATA P,PASSENGER,REVIEW,0.600,NUMBER_RANGE,58031,1,9,{LIKELY_TRUNCATED}
CLR-MRJ PASS,PASSENGER,REVIEW,0.600,NUMBER_RANGE,51406,1,24,{LIKELY_TRUNCATED}
CLT - T VC J,SUPERFAST,REVIEW,0.700,NUMBER_RANGE,12075,1,12,{LIKELY_TRUNCATED}
CLT -SRR PAS,PASSENGER,REVIEW,0.600,NUMBER_RANGE,56600,1,16,{LIKELY_TRUNCATED}
CLT-CAN PASS,PASSENGER,REVIEW,0.600,NUMBER_RANGE,56653,2,40,{LIKELY_TRUNCATED}
CLT-TCR PASS,PASSENGER,REVIEW,0.600,NUMBER_RANGE,56664,1,22,{LIKELY_TRUNCATED}
CM1,EMU,REVIEW,0.750,NUMBER_RANGE,98605,1,2,{COACH_CODE_AS_NAME}
CM2,EMU,REVIEW,0.750,NUMBER_RANGE,98604,1,2,{COACH_CODE_AS_NAME}
CMGR-YPR FAS,PASSENGER,REVIEW,0.600,NUMBER_RANGE,56277,1,20,{LIKELY_TRUNCATED}
CMNR-MYS,PASSENGER,REVIEW,0.600,NUMBER_RANGE,56207,1,13,{ROUTE_CODE_STYLE}
CMNR-MYS PAS,PASSENGER,REVIEW,0.600,NUMBER_RANGE,56201,3,39,{LIKELY_TRUNCATED}
CMNR-SBC FAS,PASSENGER,REVIEW,0.600,NUMBER_RANGE,56281,1,27,{LIKELY_TRUNCATED}
CNB - BLM PA,PASSENGER,REVIEW,0.600,NUMBER_RANGE,54336,1,20,{LIKELY_TRUNCATED}
CNB - DURG B,EXPRESS,REVIEW,0.650,NUMBER_RANGE,18204,1,21,{LIKELY_TRUNCATED}
CNB ASR SUPE,SUPERFAST,REVIEW,0.700,NUMBER_RANGE,22445,1,14,{LIKELY_TRUNCATED}
CNB FBD PASS,PASSENGER,REVIEW,0.600,NUMBER_RANGE,54155,1,27,{LIKELY_TRUNCATED}
CNB NDLS SHT,SUPERFAST,REVIEW,0.700,NUMBER_RANGE,12033,1,5,{LIKELY_TRUNCATED}
CNB SPC BLM,PASSENGER,REVIEW,0.600,NUMBER_RANGE,54325,1,30,{}
CNB-ALD,PASSENGER,REVIEW,0.600,NUMBER_RANGE,64592,1,31,{ROUTE_CODE_STYLE}
CNB-ALD-INTE,SUPERFAST,REVIEW,0.700,NUMBER_RANGE,22442,1,9,{LIKELY_TRUNCATED}
CNB-ANVT-EXP,EXPRESS,REVIEW,0.650,NUMBER_RANGE,14151,1,13,{LIKELY_TRUNCATED}
CNB-BBK MEMU,PASSENGER,REVIEW,0.600,NUMBER_RANGE,64236,1,17,{LIKELY_TRUNCATED}
CNB-BDTS EXP,SUPERFAST,REVIEW,0.700,NUMBER_RANGE,22443,1,22,{LIKELY_TRUNCATED}
CNB-CKTD EXP,EXPRESS,REVIEW,0.650,NUMBER_RANGE,14110,1,12,{LIKELY_TRUNCATED}
CNB-ETW MEMU,PASSENGER,REVIEW,0.600,NUMBER_RANGE,64153,1,16,{LIKELY_TRUNCATED}
CNB-FBD PASS,PASSENGER,REVIEW,0.600,NUMBER_RANGE,55327,1,27,{LIKELY_TRUNCATED}
CNB-FTP MEMU,PASSENGER,REVIEW,0.600,NUMBER_RANGE,64594,1,13,{LIKELY_TRUNCATED}
CNB-FTP-PASS,PASSENGER,REVIEW,0.600,NUMBER_RANGE,54152,1,13,{LIKELY_TRUNCATED}
CNB-JAT EXPR,SUPERFAST,REVIEW,0.700,NUMBER_RANGE,12469,1,14,{LIKELY_TRUNCATED}
CNB-JHS-PASS,PASSENGER,REVIEW,0.600,NUMBER_RANGE,51804,1,26,{LIKELY_TRUNCATED}
CNB-KGM GARI,SUPERFAST,REVIEW,0.700,NUMBER_RANGE,12209,1,12,{LIKELY_TRUNCATED}
CNB-KSJ-EXP,EXPRESS,REVIEW,0.650,NUMBER_RANGE,15037,1,20,{ROUTE_CODE_STYLE}
CNB-KURJ-PAS,PASSENGER,REVIEW,0.600,NUMBER_RANGE,54162,1,28,{LIKELY_TRUNCATED}
CNB-LJN MEMU,PASSENGER,REVIEW,0.600,NUMBER_RANGE,64252,2,26,{LIKELY_TRUNCATED}
CNB-LKO MEMU,PASSENGER,REVIEW,0.600,NUMBER_RANGE,64202,6,78,{LIKELY_TRUNCATED}
CNB-LTT EXPR,SUPERFAST,REVIEW,0.700,NUMBER_RANGE,12174,1,13,{LIKELY_TRUNCATED}
CNB-PHD MEMU,PASSENGER,REVIEW,0.600,NUMBER_RANGE,64159,2,22,{LIKELY_TRUNCATED}
CNB-PNK MEMU,PASSENGER,REVIEW,0.600,NUMBER_RANGE,64163,1,3,{LIKELY_TRUNCATED}
CNB-PRG EXP,EXPRESS,REVIEW,0.650,NUMBER_RANGE,14102,1,13,{ROUTE_CODE_STYLE}
CNB-TDL MEMU,PASSENGER,REVIEW,0.600,NUMBER_RANGE,64587,1,29,{LIKELY_TRUNCATED}
CNB-UCR-RBL,PASSENGER,REVIEW,0.600,NUMBER_RANGE,54154,1,27,{ROUTE_CODE_STYLE}
COA PASS,PASSENGER,REVIEW,0.600,NUMBER_RANGE,57231,1,27,{}
COA-BVC EXP,EXPRESS,REVIEW,0.650,NUMBER_RANGE,17204,1,32,{ROUTE_CODE_STYLE}
COA-BZA-GNT,PASSENGER,REVIEW,0.600,NUMBER_RANGE,57232,1,27,{ROUTE_CODE_STYLE}
COA-CGL CIRC,EXPRESS,REVIEW,0.650,NUMBER_RANGE,17644,1,36,{LIKELY_TRUNCATED}
COA-LTT EXP,EXPRESS,REVIEW,0.650,NUMBER_RANGE,17221,1,23,{ROUTE_CODE_STYLE}
COA-SC GOWTA,SUPERFAST,REVIEW,0.700,NUMBER_RANGE,12737,1,21,{LIKELY_TRUNCATED}
COA-SNSI EXP,EXPRESS,REVIEW,0.650,NUMBER_RANGE,17206,1,39,{LIKELY_TRUNCATED}
COA-TPTY PAS,PASSENGER,REVIEW,0.600,NUMBER_RANGE,57258,1,90,{LIKELY_TRUNCATED}
COA-VSKP PSG,PASSENGER,REVIEW,0.600,NUMBER_RANGE,57255,1,23,{LIKELY_TRUNCATED}
COALFIELD EX,SUPERFAST,REVIEW,0.700,NUMBER_RANGE,12339,2,26,{LIKELY_TRUNCATED}
COIMBATORE E,EXPRESS,REVIEW,0.650,NUMBER_RANGE,11013,1,34,{LIKELY_TRUNCATED}
COR-RTM PASS,EXPRESS,REVIEW,0.650,NUMBER_RANGE,19328,1,16,{LIKELY_TRUNCATED}
COR-UDZ PASS,PASSENGER,REVIEW,0.600,NUMBER_RANGE,59605,1,13,{LIKELY_TRUNCATED}
COROMANDEL E,SUPERFAST,REVIEW,0.700,NUMBER_RANGE,12842,1,17,{LIKELY_TRUNCATED}
CP - LGL PAS,PASSENGER,REVIEW,0.600,NUMBER_RANGE,53179,1,35,{LIKELY_TRUNCATED}
CPA-CPR EXP,EXPRESS,REVIEW,0.650,NUMBER_RANGE,18192,1,31,{ROUTE_CODE_STYLE}
CPA-FD EXPRE,EXPRESS,REVIEW,0.650,NUMBER_RANGE,14222,1,9,{LIKELY_TRUNCATED}
CPJ-GKP PASS,PASSENGER,REVIEW,0.600,NUMBER_RANGE,55055,1,6,{LIKELY_TRUNCATED}
CPJ-THE-DMU,PASSENGER,REVIEW,0.600,NUMBER_RANGE,75010,1,18,{ROUTE_CODE_STYLE}
CPR LTT EXPR,EXPRESS,REVIEW,0.650,NUMBER_RANGE,11060,1,24,{LIKELY_TRUNCATED}
CPR-BCY- INT,EXPRESS,REVIEW,0.650,NUMBER_RANGE,15111,1,14,{LIKELY_TRUNCATED}
CPR-BSB PASS,PASSENGER,REVIEW,0.600,NUMBER_RANGE,55013,2,66,{LIKELY_TRUNCATED}
CPR-BTT PASS,PASSENGER,REVIEW,0.600,NUMBER_RANGE,55010,1,17,{LIKELY_TRUNCATED}
CPR-DDA PASS,PASSENGER,REVIEW,0.600,NUMBER_RANGE,55165,1,8,{LIKELY_TRUNCATED}
CPR-GKP PASS,PASSENGER,REVIEW,0.600,NUMBER_RANGE,55019,1,27,{LIKELY_TRUNCATED}
CPR-LJN-EXP,EXPRESS,REVIEW,0.650,NUMBER_RANGE,15053,1,13,{ROUTE_CODE_STYLE}
CPR-MAS GANG,SUPERFAST,REVIEW,0.700,NUMBER_RANGE,12670,1,24,{LIKELY_TRUNCATED}
CPR-SEE DEMU,PASSENGER,REVIEW,0.600,NUMBER_RANGE,75202,2,25,{LIKELY_TRUNCATED}
CPR-SV PASSE,PASSENGER,REVIEW,0.600,NUMBER_RANGE,55115,1,17,{LIKELY_TRUNCATED}
CPR-TATA EXP,EXPRESS,REVIEW,0.650,NUMBER_RANGE,18182,1,37,{LIKELY_TRUNCATED}
CPT-KQZ DEMU,PASSENGER,REVIEW,0.600,NUMBER_RANGE,76525,1,31,{LIKELY_TRUNCATED}
CPU KTE FAST,PASSENGER,REVIEW,0.600,NUMBER_RANGE,51676,1,34,{LIKELY_TRUNCATED}
CPU-ALD PASS,PASSENGER,REVIEW,0.600,NUMBER_RANGE,53345,1,23,{LIKELY_TRUNCATED}
CPU-GMO PASS,PASSENGER,REVIEW,0.600,NUMBER_RANGE,53344,1,58,{LIKELY_TRUNCATED}
CPU-KTE PASS,PASSENGER,REVIEW,0.600,NUMBER_RANGE,51680,1,36,{LIKELY_TRUNCATED}
CRP BJE LOCA,PASSENGER,REVIEW,0.600,NUMBER_RANGE,68080,1,7,{LIKELY_TRUNCATED}
CSMT -MAS EX,EXPRESS,REVIEW,0.650,NUMBER_RANGE,11041,1,36,{LIKELY_TRUNCATED}
CSMT HWH MAI,SUPERFAST,REVIEW,0.700,NUMBER_RANGE,12809,1,44,{LIKELY_TRUNCATED}
CSMT- ASANSO,SUPERFAST,REVIEW,0.700,NUMBER_RANGE,12362,1,21,{LIKELY_TRUNCATED}
CSMT- NCJ EX,EXPRESS,REVIEW,0.650,NUMBER_RANGE,16351,1,47,{LIKELY_TRUNCATED}
CSMT-AMI SF,SUPERFAST,REVIEW,0.700,NUMBER_RANGE,12111,1,14,{ROUTE_CODE_STYLE}
CSMT-BIDAR E,SUPERFAST,REVIEW,0.700,NUMBER_RANGE,22143,1,17,{LIKELY_TRUNCATED}
CSMT-GKP -WE,SUPERFAST,REVIEW,0.700,NUMBER_RANGE,12598,1,13,{LIKELY_TRUNCATED}
CSMT-HWH DUR,SUPERFAST,REVIEW,0.700,NUMBER_RANGE,12261,1,7,{LIKELY_TRUNCATED}
CSMT-HWH WEE,SUPERFAST,REVIEW,0.700,NUMBER_RANGE,12869,1,20,{LIKELY_TRUNCATED}
CSMT-HYB HUS,SUPERFAST,REVIEW,0.700,NUMBER_RANGE,12701,1,16,{LIKELY_TRUNCATED}
CSMT-MAJN EX,SUPERFAST,REVIEW,0.700,NUMBER_RANGE,12133,1,14,{LIKELY_TRUNCATED}
CSMT-MAS MAI,EXPRESS,REVIEW,0.650,NUMBER_RANGE,11027,1,52,{LIKELY_TRUNCATED}
CSMT-MMR RAJ,SUPERFAST,REVIEW,0.700,NUMBER_RANGE,22101,1,7,{LIKELY_TRUNCATED}
CSMT-NCJ  EX,EXPRESS,REVIEW,0.650,NUMBER_RANGE,16339,1,40,{LIKELY_TRUNCATED}
CSMT-NED TAP,EXPRESS,REVIEW,0.650,NUMBER_RANGE,17617,1,20,{LIKELY_TRUNCATED}
CSMT-NGP DUR,SUPERFAST,REVIEW,0.700,NUMBER_RANGE,12289,1,4,{LIKELY_TRUNCATED}
CSMT-SC DEVA,EXPRESS,REVIEW,0.650,NUMBER_RANGE,17057,1,30,{LIKELY_TRUNCATED}
CSN DHI MIX,PASSENGER,REVIEW,0.600,NUMBER_RANGE,51111,3,27,{}
CSTM-KRMI TE,SUPERFAST,REVIEW,0.700,NUMBER_RANGE,22119,1,7,{LIKELY_TRUNCATED}
CSTM-SUR SID,SUPERFAST,REVIEW,0.700,NUMBER_RANGE,12115,1,14,{LIKELY_TRUNCATED}
CTA-HRR PASS,PASSENGER,REVIEW,0.600,NUMBER_RANGE,56517,1,13,{LIKELY_TRUNCATED}
CTA-JRU PASS,PASSENGER,REVIEW,0.600,NUMBER_RANGE,56520,1,5,{LIKELY_TRUNCATED}
CTC-BAM FAST,PASSENGER,REVIEW,0.600,NUMBER_RANGE,58433,1,18,{LIKELY_TRUNCATED}
CTC-BHC,PASSENGER,REVIEW,0.600,NUMBER_RANGE,58424,2,46,{ROUTE_CODE_STYLE}
CTC-PRDP,PASSENGER,REVIEW,0.600,NUMBER_RANGE,58401,3,39,{ROUTE_CODE_STYLE}
CTC-PSA PASS,PASSENGER,REVIEW,0.600,NUMBER_RANGE,58533,1,43,{LIKELY_TRUNCATED}
CTC-PURI PAS,PASSENGER,REVIEW,0.600,NUMBER_RANGE,58415,1,21,{LIKELY_TRUNCATED}
CTD - BRC,PASSENGER,REVIEW,0.600,NUMBER_RANGE,59118,1,19,{}
CTD - BRC DE,PASSENGER,REVIEW,0.600,NUMBER_RANGE,79456,1,19,{LIKELY_TRUNCATED}
CTD - PRTN P,PASSENGER,REVIEW,0.600,NUMBER_RANGE,59120,1,18,{LIKELY_TRUNCATED}
CTKD-CNB EXP,EXPRESS,REVIEW,0.650,NUMBER_RANGE,14109,1,12,{LIKELY_TRUNCATED}
CTL1,EMU,REVIEW,0.750,NUMBER_RANGE,96601,1,4,{}
CTL3,EMU,REVIEW,0.750,NUMBER_RANGE,96603,1,4,{}
CTL5,EMU,REVIEW,0.750,NUMBER_RANGE,96609,1,4,{}
CTO-KCG VENK,SUPERFAST,REVIEW,0.700,NUMBER_RANGE,12798,1,24,{LIKELY_TRUNCATED}
CUPJ-TPJ PAS,PASSENGER,REVIEW,0.600,NUMBER_RANGE,76841,1,26,{LIKELY_TRUNCATED}
CUR BKN PASS,PASSENGER,REVIEW,0.600,NUMBER_RANGE,74832,1,19,{LIKELY_TRUNCATED}
CUR SIKR DEM,PASSENGER,REVIEW,0.600,NUMBER_RANGE,74858,1,9,{LIKELY_TRUNCATED}
CWA - BZU PA,PASSENGER,REVIEW,0.600,NUMBER_RANGE,59396,1,15,{LIKELY_TRUNCATED}
CWA AMLA PAS,PASSENGER,REVIEW,0.600,NUMBER_RANGE,51254,1,12,{LIKELY_TRUNCATED}
CWA-BXY PASS,PASSENGER,REVIEW,0.600,NUMBER_RANGE,51256,1,12,{LIKELY_TRUNCATED}
DA1,EMU,REVIEW,0.750,NUMBER_RANGE,95301,1,4,{COACH_CODE_AS_NAME}
DA2,EMU,REVIEW,0.750,NUMBER_RANGE,95322,1,2,{COACH_CODE_AS_NAME}
DA3,EMU,REVIEW,0.750,NUMBER_RANGE,95329,1,4,{COACH_CODE_AS_NAME}
DA4,EMU,REVIEW,0.750,NUMBER_RANGE,95340,1,2,{COACH_CODE_AS_NAME}
DA5,EMU,REVIEW,0.750,NUMBER_RANGE,96339,1,4,{COACH_CODE_AS_NAME}
DA6,EMU,REVIEW,0.750,NUMBER_RANGE,95342,1,2,{COACH_CODE_AS_NAME}
DAB-MMR MARA,EXPRESS,REVIEW,0.650,NUMBER_RANGE,17688,1,24,{LIKELY_TRUNCATED}
DADAR BHUJ E,SUPERFAST,REVIEW,0.700,NUMBER_RANGE,12959,1,20,{LIKELY_TRUNCATED}
DADAR TEN EX,SUPERFAST,REVIEW,0.700,NUMBER_RANGE,22629,1,26,{LIKELY_TRUNCATED}
DADN INDB DE,PASSENGER,REVIEW,0.600,NUMBER_RANGE,79307,1,6,{LIKELY_TRUNCATED}
DADN INDB DM,PASSENGER,REVIEW,0.600,NUMBER_RANGE,79311,1,6,{LIKELY_TRUNCATED}
DADN RTM DEM,PASSENGER,REVIEW,0.600,NUMBER_RANGE,79305,3,60,{LIKELY_TRUNCATED}
DADN RTM DMU,PASSENGER,REVIEW,0.600,NUMBER_RANGE,79313,1,20,{LIKELY_TRUNCATED}
DADN SWD MG,PASSENGER,REVIEW,0.600,NUMBER_RANGE,52963,4,32,{}
DAL-JEA PASS,PASSENGER,REVIEW,0.600,NUMBER_RANGE,55032,1,55,{LIKELY_TRUNCATED}
DAMOH-BHOPAL,SUPERFAST,REVIEW,0.700,NUMBER_RANGE,22162,1,11,{LIKELY_TRUNCATED}
DANAPUR EXP,SUPERFAST,REVIEW,0.700,NUMBER_RANGE,12352,1,23,{}
DANAPUR EXPR,SUPERFAST,REVIEW,0.700,NUMBER_RANGE,12351,2,41,{LIKELY_TRUNCATED}
DAND INDB DM,PASSENGER,REVIEW,0.600,NUMBER_RANGE,79315,1,6,{LIKELY_TRUNCATED}
DARBHANGA-KO,EXPRESS,REVIEW,0.650,NUMBER_RANGE,15234,1,10,{LIKELY_TRUNCATED}
DARJEELING M,SUPERFAST,REVIEW,0.700,NUMBER_RANGE,12343,2,12,{LIKELY_TRUNCATED}
DASF - JLR,PASSENGER,REVIEW,0.600,NUMBER_RANGE,52932,1,11,{}
DASF - JLRF,PASSENGER,REVIEW,0.600,NUMBER_RANGE,52948,1,11,{}
DASF - VRLF,PASSENGER,REVIEW,0.600,NUMBER_RANGE,52930,2,34,{}
DBB - KYQ FA,PASSENGER,REVIEW,0.600,NUMBER_RANGE,55811,1,21,{LIKELY_TRUNCATED}
DBB - SGUJ I,EXPRESS,REVIEW,0.650,NUMBER_RANGE,15766,1,19,{LIKELY_TRUNCATED}
DBG  LTT EXP,EXPRESS,REVIEW,0.650,NUMBER_RANGE,11062,1,39,{LIKELY_TRUNCATED}
DBG - BIRL D,PASSENGER,REVIEW,0.600,NUMBER_RANGE,75279,1,7,{LIKELY_TRUNCATED}
DBG - BIRL P,PASSENGER,REVIEW,0.600,NUMBER_RANGE,55575,1,5,{LIKELY_TRUNCATED}
DBG - MFP DE,PASSENGER,REVIEW,0.600,NUMBER_RANGE,75255,1,14,{LIKELY_TRUNCATED}
DBG - SPJ DE,PASSENGER,REVIEW,0.600,NUMBER_RANGE,75254,1,8,{LIKELY_TRUNCATED}
DBG-ADI JANS,EXPRESS,REVIEW,0.650,NUMBER_RANGE,15559,1,27,{LIKELY_TRUNCATED}
DBG-ASR JANN,EXPRESS,REVIEW,0.650,NUMBER_RANGE,15211,1,48,{LIKELY_TRUNCATED}
DBG-HWH EXPR,EXPRESS,REVIEW,0.650,NUMBER_RANGE,15236,1,11,{LIKELY_TRUNCATED}
DBG-JYG PASS,PASSENGER,REVIEW,0.600,NUMBER_RANGE,55517,1,9,{LIKELY_TRUNCATED}
DBG-KIR PASS,PASSENGER,REVIEW,0.600,NUMBER_RANGE,55224,1,41,{LIKELY_TRUNCATED}
DBG-PUNE EXP,EXPRESS,REVIEW,0.650,NUMBER_RANGE,11034,1,30,{LIKELY_TRUNCATED}
DBG-RXL DEMU,PASSENGER,REVIEW,0.600,NUMBER_RANGE,75229,1,16,{LIKELY_TRUNCATED}
DBL1,EMU,REVIEW,0.750,NUMBER_RANGE,95227,1,5,{}
DBL2,EMU,REVIEW,0.750,NUMBER_RANGE,95214,1,3,{}
DBL3,EMU,REVIEW,0.750,NUMBER_RANGE,96227,1,5,{}
DBNK-ASR DMU,PASSENGER,REVIEW,0.600,NUMBER_RANGE,74651,7,58,{LIKELY_TRUNCATED}
DBNK-VKA DMU,PASSENGER,REVIEW,0.600,NUMBER_RANGE,74654,1,8,{LIKELY_TRUNCATED}
DBRG - CAPE,EXPRESS,REVIEW,0.650,NUMBER_RANGE,15906,1,58,{}
DBRG - KOAA,SUPERFAST,REVIEW,0.700,NUMBER_RANGE,12526,1,23,{}
DBRG - RNY S,EXPRESS,REVIEW,0.650,NUMBER_RANGE,15968,1,31,{LIKELY_TRUNCATED}
DBRG KYQ IC,EXPRESS,REVIEW,0.650,NUMBER_RANGE,15606,1,20,{}
DBRG-ASR EXP,EXPRESS,REVIEW,0.650,NUMBER_RANGE,15933,1,38,{LIKELY_TRUNCATED}
DBRG-CDG EXP,EXPRESS,REVIEW,0.650,NUMBER_RANGE,15903,1,35,{LIKELY_TRUNCATED}
DBRG-GHY SHA,SUPERFAST,REVIEW,0.700,NUMBER_RANGE,12086,1,10,{LIKELY_TRUNCATED}
DBRG-JAJ EXP,EXPRESS,REVIEW,0.650,NUMBER_RANGE,15942,1,32,{LIKELY_TRUNCATED}
DBRG-TBM EXP,EXPRESS,REVIEW,0.650,NUMBER_RANGE,15930,1,51,{LIKELY_TRUNCATED}
DBRT - LEDO,PASSENGER,REVIEW,0.600,NUMBER_RANGE,75906,1,14,{}
DBRT - LLO P,PASSENGER,REVIEW,0.600,NUMBER_RANGE,75903,1,14,{LIKELY_TRUNCATED}
DBRT - NDLS,SUPERFAST,REVIEW,0.700,NUMBER_RANGE,12435,1,26,{}
DBRT - SLGR,PASSENGER,REVIEW,0.600,NUMBER_RANGE,55910,1,13,{}
DBRT - TSK P,PASSENGER,REVIEW,0.600,NUMBER_RANGE,75908,1,4,{LIKELY_TRUNCATED}
DBRT-NDLS RA,SUPERFAST,REVIEW,0.700,NUMBER_RANGE,12423,1,22,{LIKELY_TRUNCATED}
DCTL-BOR PAS,PASSENGER,REVIEW,0.600,NUMBER_RANGE,71082,1,13,{LIKELY_TRUNCATED}
DD PUNE PASS,PASSENGER,REVIEW,0.600,NUMBER_RANGE,51452,1,16,{LIKELY_TRUNCATED}
DD-BRMT DEMU,PASSENGER,REVIEW,0.600,NUMBER_RANGE,71401,2,12,{LIKELY_TRUNCATED}
DD-NED PASS,PASSENGER,REVIEW,0.600,NUMBER_RANGE,57515,1,57,{ROUTE_CODE_STYLE}
DD-PUNE DEMU,PASSENGER,REVIEW,0.600,NUMBER_RANGE,71410,1,11,{LIKELY_TRUNCATED}
DD-PUNE DMU,PASSENGER,REVIEW,0.600,NUMBER_RANGE,71408,1,11,{ROUTE_CODE_STYLE}
DD-PUNE PASS,PASSENGER,REVIEW,0.600,NUMBER_RANGE,51350,1,11,{LIKELY_TRUNCATED}
DDA-CPR PASS,PASSENGER,REVIEW,0.600,NUMBER_RANGE,55166,1,8,{LIKELY_TRUNCATED}
DDA-MGZ PASS,PASSENGER,REVIEW,0.600,NUMBER_RANGE,55171,5,10,{LIKELY_TRUNCATED}
DDA-SV PASSE,PASSENGER,REVIEW,0.600,NUMBER_RANGE,55167,2,6,{LIKELY_TRUNCATED}
DDC-SDAH LOC,PASSENGER,REVIEW,0.550,NUMBER_RANGE,33412,1,4,{LIKELY_TRUNCATED}
DDG-PNBE-PTG,PASSENGER,REVIEW,0.600,NUMBER_RANGE,73214,1,12,{LIKELY_TRUNCATED}
DDJ - GBG LO,PASSENGER,REVIEW,0.550,NUMBER_RANGE,33271,1,18,{LIKELY_TRUNCATED}
DDJ - SDAH L,PASSENGER,REVIEW,0.550,NUMBER_RANGE,33212,1,3,{LIKELY_TRUNCATED}
DDJ- BP LOCA,PASSENGER,REVIEW,0.550,NUMBER_RANGE,33231,1,7,{LIKELY_TRUNCATED}
DDJ-DKAE LOC,PASSENGER,REVIEW,0.550,NUMBER_RANGE,33291,1,7,{LIKELY_TRUNCATED}
DDL1,EMU,REVIEW,0.750,NUMBER_RANGE,97235,1,15,{}
DDL2,EMU,REVIEW,0.750,NUMBER_RANGE,97212,1,15,{}
DDL3,EMU,REVIEW,0.750,NUMBER_RANGE,97237,1,15,{}
DDL4,EMU,REVIEW,0.750,NUMBER_RANGE,97234,1,15,{}
DDL5,EMU,REVIEW,0.750,NUMBER_RANGE,97247,1,15,{}
DDL6,EMU,REVIEW,0.750,NUMBER_RANGE,97254,1,15,{}
DDL8,EMU,REVIEW,0.750,NUMBER_RANGE,97260,1,15,{}
DDN - ALD LI,EXPRESS,REVIEW,0.650,NUMBER_RANGE,14114,1,16,{LIKELY_TRUNCATED}
DDN - SRE PA,PASSENGER,REVIEW,0.600,NUMBER_RANGE,54342,1,21,{LIKELY_TRUNCATED}
DDN ASR EXPR,EXPRESS,REVIEW,0.650,NUMBER_RANGE,14631,1,27,{LIKELY_TRUNCATED}
DDN BSB EXPR,EXPRESS,REVIEW,0.650,NUMBER_RANGE,14266,1,51,{LIKELY_TRUNCATED}
DDN GKP EXP,EXPRESS,REVIEW,0.650,NUMBER_RANGE,15006,1,16,{}
DDN JANSHATA,SUPERFAST,REVIEW,0.700,NUMBER_RANGE,12055,1,9,{LIKELY_TRUNCATED}
DDN KCVL SUP,SUPERFAST,REVIEW,0.700,NUMBER_RANGE,22660,1,27,{LIKELY_TRUNCATED}
DDN MFP EXP,EXPRESS,REVIEW,0.650,NUMBER_RANGE,15002,1,26,{}
DDN-KGM EXP.,EXPRESS,REVIEW,0.650,NUMBER_RANGE,14120,1,11,{LIKELY_TRUNCATED}
DDN-NDLS SHA,SUPERFAST,REVIEW,0.700,NUMBER_RANGE,12018,1,8,{LIKELY_TRUNCATED}
DDN/CDG-MAS,SUPERFAST,REVIEW,0.700,NUMBER_RANGE,12688,1,31,{}
DDR AII SF E,SUPERFAST,REVIEW,0.700,NUMBER_RANGE,12989,1,23,{LIKELY_TRUNCATED}
DDR BHUJ EXP,EXPRESS,REVIEW,0.650,NUMBER_RANGE,19115,1,29,{LIKELY_TRUNCATED}
DDR BIKANER,SUPERFAST,REVIEW,0.700,NUMBER_RANGE,12490,1,22,{}
DDR DRD EMU,EMU,REVIEW,0.750,NUMBER_RANGE,93029,1,2,{}
DDR-DRD,EMU,REVIEW,0.750,NUMBER_RANGE,93027,2,19,{ROUTE_CODE_STYLE}
DECCAN EXPRE,EXPRESS,REVIEW,0.650,NUMBER_RANGE,11007,2,23,{LIKELY_TRUNCATED}
DECCAN QUEEN,SUPERFAST,REVIEW,0.700,NUMBER_RANGE,12123,2,9,{LIKELY_TRUNCATED}
DEE BGKT SF,SUPERFAST,REVIEW,0.700,NUMBER_RANGE,22421,1,22,{}
DEE BKN  S F,SUPERFAST,REVIEW,0.700,NUMBER_RANGE,12457,1,14,{LIKELY_TRUNCATED}
DEE BKN SF E,SUPERFAST,REVIEW,0.700,NUMBER_RANGE,22472,1,14,{LIKELY_TRUNCATED}
DEE DOUBLE D,SUPERFAST,REVIEW,0.700,NUMBER_RANGE,12985,1,6,{LIKELY_TRUNCATED}
DEE JU SF EX,SUPERFAST,REVIEW,0.700,NUMBER_RANGE,22482,1,19,{LIKELY_TRUNCATED}
DEE PORBNDR,EXPRESS,REVIEW,0.650,NUMBER_RANGE,19264,1,32,{}
DEE RJT EXP,EXPRESS,REVIEW,0.650,NUMBER_RANGE,19580,1,24,{}
DEE SIKAR EX,EXPRESS,REVIEW,0.650,NUMBER_RANGE,14812,1,12,{LIKELY_TRUNCATED}
DEE SIKR,EXPRESS,REVIEW,0.650,NUMBER_RANGE,14021,1,18,{}
DEE- BKN EXP,SUPERFAST,REVIEW,0.700,NUMBER_RANGE,12455,1,21,{LIKELY_TRUNCATED}
DEE-BDTS GAR,SUPERFAST,REVIEW,0.700,NUMBER_RANGE,12215,1,18,{LIKELY_TRUNCATED}
DEE-FN DMU,PASSENGER,REVIEW,0.600,NUMBER_RANGE,74033,2,22,{ROUTE_CODE_STYLE}
DEE-FZR INTE,EXPRESS,REVIEW,0.650,NUMBER_RANGE,14625,1,18,{LIKELY_TRUNCATED}
DEE-JAT DURO,SUPERFAST,REVIEW,0.700,NUMBER_RANGE,12265,1,3,{LIKELY_TRUNCATED}
DEE-UHP AC E,SUPERFAST,REVIEW,0.700,NUMBER_RANGE,22401,1,8,{LIKELY_TRUNCATED}
DEE-YPR DURA,SUPERFAST,REVIEW,0.700,NUMBER_RANGE,12213,1,7,{LIKELY_TRUNCATED}
DEE-YPR DURO,SUPERFAST,REVIEW,0.700,NUMBER_RANGE,12214,1,6,{LIKELY_TRUNCATED}
DEHRADUN EXP,EXPRESS,REVIEW,0.650,NUMBER_RANGE,19019,2,190,{LIKELY_TRUNCATED}
DEHRADUN IND,EXPRESS,REVIEW,0.650,NUMBER_RANGE,14318,1,30,{LIKELY_TRUNCATED}
DELHI AMBALA,PASSENGER,REVIEW,0.600,NUMBER_RANGE,54539,1,42,{LIKELY_TRUNCATED}
DELHI BHIWAN,PASSENGER,REVIEW,0.600,NUMBER_RANGE,54005,1,23,{LIKELY_TRUNCATED}
DELHI JIND J,PASSENGER,REVIEW,0.600,NUMBER_RANGE,54035,1,35,{LIKELY_TRUNCATED}
DELHI JIND P,PASSENGER,REVIEW,0.600,NUMBER_RANGE,54031,2,54,{LIKELY_TRUNCATED}
DELHI MORADA,PASSENGER,REVIEW,0.600,NUMBER_RANGE,54308,1,23,{LIKELY_TRUNCATED}
DELHI SHAJAN,PASSENGER,REVIEW,0.600,NUMBER_RANGE,54076,1,44,{LIKELY_TRUNCATED}
DELHI SMQL P,PASSENGER,REVIEW,0.600,NUMBER_RANGE,54057,1,24,{LIKELY_TRUNCATED}
DELHI SR EXP,EXPRESS,REVIEW,0.650,NUMBER_RANGE,19263,1,28,{LIKELY_TRUNCATED}
DELHI-AMBALA,EXPRESS,REVIEW,0.650,NUMBER_RANGE,14521,1,14,{LIKELY_TRUNCATED}
DELHI-HARIDW,PASSENGER,REVIEW,0.600,NUMBER_RANGE,74023,1,24,{LIKELY_TRUNCATED}
DELHI-SHAMLI,PASSENGER,REVIEW,0.600,NUMBER_RANGE,74025,1,24,{LIKELY_TRUNCATED}
DEMU,PASSENGER,REVIEW,0.600,NUMBER_RANGE,57403,1,14,{}
DG - MDU PAS,PASSENGER,REVIEW,0.600,NUMBER_RANGE,56707,1,8,{LIKELY_TRUNCATED}
DG-TPJ PASS,PASSENGER,REVIEW,0.600,NUMBER_RANGE,56704,1,11,{ROUTE_CODE_STYLE}
DGG- G MEMU,PASSENGER,REVIEW,0.600,NUMBER_RANGE,68723,1,9,{}
DGG-BSP MEMU,PASSENGER,REVIEW,0.600,NUMBER_RANGE,68706,1,33,{LIKELY_TRUNCATED}
DGG-G MEMU L,PASSENGER,REVIEW,0.600,NUMBER_RANGE,68711,1,9,{LIKELY_TRUNCATED}
DGG-R MEMU L,PASSENGER,REVIEW,0.600,NUMBER_RANGE,68710,2,38,{LIKELY_TRUNCATED}
DGHA -HWHKAN,SUPERFAST,REVIEW,0.700,NUMBER_RANGE,22898,1,9,{LIKELY_TRUNCATED}
DGHA-HWH SUP,SUPERFAST,REVIEW,0.700,NUMBER_RANGE,12848,1,5,{LIKELY_TRUNCATED}
DGHA-MCA LOC,PASSENGER,REVIEW,0.600,NUMBER_RANGE,68690,1,22,{LIKELY_TRUNCATED}
DGHA-PKU DEM,PASSENGER,REVIEW,0.600,NUMBER_RANGE,68686,1,18,{LIKELY_TRUNCATED}
DGHA-PKU EMU,PASSENGER,REVIEW,0.600,NUMBER_RANGE,68688,1,18,{LIKELY_TRUNCATED}
DGHA-PURI S/,SUPERFAST,REVIEW,0.700,NUMBER_RANGE,22889,1,13,{LIKELY_TRUNCATED}
DGHA-VSKP S/,SUPERFAST,REVIEW,0.700,NUMBER_RANGE,22873,1,17,{LIKELY_TRUNCATED}
DGR-ASN PGR.,PASSENGER,REVIEW,0.600,NUMBER_RANGE,63527,1,6,{LIKELY_TRUNCATED}
DH - SDAH LO,PASSENGER,REVIEW,0.550,NUMBER_RANGE,34811,23,531,{LIKELY_TRUNCATED}
DH BRP LOCAL,PASSENGER,REVIEW,0.550,NUMBER_RANGE,34891,1,14,{LIKELY_TRUNCATED}
DH SDAH LOCA,PASSENGER,REVIEW,0.550,NUMBER_RANGE,34859,1,24,{LIKELY_TRUNCATED}
DH SONARPUR,PASSENGER,REVIEW,0.550,NUMBER_RANGE,34881,1,17,{}
DH-SDAH LOCA,PASSENGER,REVIEW,0.550,NUMBER_RANGE,34857,1,21,{LIKELY_TRUNCATED}
DHAKA-KOLKAT,EXPRESS,REVIEW,0.650,NUMBER_RANGE,13110,1,2,{LIKELY_TRUNCATED}
DHAMTARI-KEN,PASSENGER,REVIEW,0.600,NUMBER_RANGE,58712,3,24,{LIKELY_TRUNCATED}
DHANBAD - AL,EXPRESS,REVIEW,0.650,NUMBER_RANGE,13351,1,96,{LIKELY_TRUNCATED}
DHD - BL  IN,SUPERFAST,REVIEW,0.700,NUMBER_RANGE,12930,1,19,{LIKELY_TRUNCATED}
DHD - RTM ME,PASSENGER,REVIEW,0.600,NUMBER_RANGE,69181,1,14,{LIKELY_TRUNCATED}
DHD HBJ FAST,PASSENGER,REVIEW,0.600,NUMBER_RANGE,59393,1,50,{LIKELY_TRUNCATED}
DHD-ANND MEM,PASSENGER,REVIEW,0.600,NUMBER_RANGE,69190,1,23,{LIKELY_TRUNCATED}
DHD-BRC MEMU,PASSENGER,REVIEW,0.600,NUMBER_RANGE,69118,2,42,{LIKELY_TRUNCATED}
DHD-RTM MEMU,PASSENGER,REVIEW,0.600,NUMBER_RANGE,69187,1,14,{LIKELY_TRUNCATED}
DHG - BVC PA,PASSENGER,REVIEW,0.600,NUMBER_RANGE,59229,1,23,{LIKELY_TRUNCATED}
DHG - SUNR D,PASSENGER,REVIEW,0.600,NUMBER_RANGE,79458,2,4,{LIKELY_TRUNCATED}
DHH - SGUJ P,PASSENGER,REVIEW,0.600,NUMBER_RANGE,75716,1,30,{LIKELY_TRUNCATED}
DHI CSN MIX,PASSENGER,REVIEW,0.600,NUMBER_RANGE,51112,2,18,{}
DHI-CSN PASS,PASSENGER,REVIEW,0.600,NUMBER_RANGE,51116,1,9,{LIKELY_TRUNCATED}
DHN - ASN PA,PASSENGER,REVIEW,0.600,NUMBER_RANGE,63546,2,25,{LIKELY_TRUNCATED}
DHN -RNC INT,EXPRESS,REVIEW,0.650,NUMBER_RANGE,13303,1,10,{LIKELY_TRUNCATED}
DHN BQA  LOC,PASSENGER,REVIEW,0.600,NUMBER_RANGE,68088,1,19,{LIKELY_TRUNCATED}
DHN-ASN PASS,PASSENGER,REVIEW,0.600,NUMBER_RANGE,53524,1,35,{LIKELY_TRUNCATED}
DHN-GAYA INT,EXPRESS,REVIEW,0.650,NUMBER_RANGE,13305,1,17,{LIKELY_TRUNCATED}
DHN-HZD MEMU,PASSENGER,REVIEW,0.600,NUMBER_RANGE,63547,1,15,{LIKELY_TRUNCATED}
DHN-PNBE INT,EXPRESS,REVIEW,0.650,NUMBER_RANGE,13331,1,22,{LIKELY_TRUNCATED}
DHN-SNDT PAS,PASSENGER,REVIEW,0.600,NUMBER_RANGE,53324,2,13,{LIKELY_TRUNCATED}
DHNE PASS,PASSENGER,REVIEW,0.600,NUMBER_RANGE,57328,1,36,{}
DHO-SRMT,PASSENGER,REVIEW,0.600,NUMBER_RANGE,52179,1,9,{ROUTE_CODE_STYLE}
DHO-TPO-PASS,PASSENGER,REVIEW,0.600,NUMBER_RANGE,52181,1,9,{LIKELY_TRUNCATED}
DHURI -SSA P,PASSENGER,REVIEW,0.600,NUMBER_RANGE,54632,1,27,{LIKELY_TRUNCATED}
DIGHA-ASANSO,EXPRESS,REVIEW,0.650,NUMBER_RANGE,13505,2,28,{LIKELY_TRUNCATED}
DIGHA-MLDT W,EXPRESS,REVIEW,0.650,NUMBER_RANGE,13417,1,16,{LIKELY_TRUNCATED}
DIGHA-R BLOC,PASSENGER,REVIEW,0.600,NUMBER_RANGE,73215,1,7,{LIKELY_TRUNCATED}
DIKSHABHOOMI,EXPRESS,REVIEW,0.650,NUMBER_RANGE,11045,1,39,{LIKELY_TRUNCATED}
DIKSHABHUMI,EXPRESS,REVIEW,0.650,NUMBER_RANGE,11046,1,39,{}
DIT-IAA RAIL,PASSENGER,REVIEW,0.600,NUMBER_RANGE,72204,4,24,{LIKELY_TRUNCATED}
DIVA SWV PAS,PASSENGER,REVIEW,0.600,NUMBER_RANGE,50105,1,49,{LIKELY_TRUNCATED}
DIVA-BSR DMU,PASSENGER,REVIEW,0.600,NUMBER_RANGE,71094,1,6,{LIKELY_TRUNCATED}
DIVA-BSR PAS,PASSENGER,REVIEW,0.600,NUMBER_RANGE,71084,2,12,{LIKELY_TRUNCATED}
DIVA-PNVL PA,PASSENGER,REVIEW,0.600,NUMBER_RANGE,50119,1,6,{LIKELY_TRUNCATED}
DIVA-ROHA PA,PASSENGER,REVIEW,0.600,NUMBER_RANGE,71089,2,26,{LIKELY_TRUNCATED}
DJ - GHUM -,PASSENGER,REVIEW,0.600,NUMBER_RANGE,52591,6,18,{}
DJ - KGN - N,PASSENGER,REVIEW,0.600,NUMBER_RANGE,52540,1,12,{LIKELY_TRUNCATED}
DJ - KGN PAS,PASSENGER,REVIEW,0.600,NUMBER_RANGE,52588,1,5,{LIKELY_TRUNCATED}
DJ-GHUM-DJ J,PASSENGER,REVIEW,0.600,NUMBER_RANGE,52595,3,9,{LIKELY_TRUNCATED}
DJ-KGN RED P,PASSENGER,REVIEW,0.600,NUMBER_RANGE,52570,1,5,{LIKELY_TRUNCATED}
DK - ANND,PASSENGER,REVIEW,0.600,NUMBER_RANGE,69134,1,6,{}
DK -ANND,PASSENGER,REVIEW,0.600,NUMBER_RANGE,69136,1,6,{}
DK1,EMU,REVIEW,0.750,NUMBER_RANGE,97023,1,17,{COACH_CODE_AS_NAME}
DK10,EMU,REVIEW,0.750,NUMBER_RANGE,95722,1,6,{COACH_CODE_AS_NAME}
DK11,EMU,REVIEW,0.750,NUMBER_RANGE,97063,1,17,{COACH_CODE_AS_NAME}
DK12,EMU,REVIEW,0.750,NUMBER_RANGE,97050,1,17,{COACH_CODE_AS_NAME}
DK13,EMU,REVIEW,0.750,NUMBER_RANGE,97087,1,17,{COACH_CODE_AS_NAME}
DK14,EMU,REVIEW,0.750,NUMBER_RANGE,97072,1,17,{COACH_CODE_AS_NAME}
DK15,EMU,REVIEW,0.750,NUMBER_RANGE,95723,1,7,{COACH_CODE_AS_NAME}
DK16,EMU,REVIEW,0.750,NUMBER_RANGE,97092,1,17,{COACH_CODE_AS_NAME}
DK17,EMU,REVIEW,0.750,NUMBER_RANGE,95725,1,7,{COACH_CODE_AS_NAME}
DK18,EMU,REVIEW,0.750,NUMBER_RANGE,97098,1,17,{COACH_CODE_AS_NAME}
DK19,EMU,REVIEW,0.750,NUMBER_RANGE,97107,1,17,{COACH_CODE_AS_NAME}
DK2,EMU,REVIEW,0.750,NUMBER_RANGE,97012,1,17,{COACH_CODE_AS_NAME}
DK20,EMU,REVIEW,0.750,NUMBER_RANGE,95730,1,6,{COACH_CODE_AS_NAME}
DK21,EMU,REVIEW,0.750,NUMBER_RANGE,95729,1,12,{COACH_CODE_AS_NAME}
DK22,EMU,REVIEW,0.750,NUMBER_RANGE,95734,1,6,{COACH_CODE_AS_NAME}
DK23,EMU,REVIEW,0.750,NUMBER_RANGE,97115,1,17,{COACH_CODE_AS_NAME}
DK24,EMU,REVIEW,0.750,NUMBER_RANGE,97110,1,17,{COACH_CODE_AS_NAME}
DK25,EMU,REVIEW,0.750,NUMBER_RANGE,97121,1,17,{COACH_CODE_AS_NAME}
DK26,EMU,REVIEW,0.750,NUMBER_RANGE,97120,1,17,{COACH_CODE_AS_NAME}
DK27,EMU,REVIEW,0.750,NUMBER_RANGE,95735,1,12,{COACH_CODE_AS_NAME}
DK28,EMU,REVIEW,0.750,NUMBER_RANGE,97126,1,17,{COACH_CODE_AS_NAME}
DK29,EMU,REVIEW,0.750,NUMBER_RANGE,97123,1,17,{COACH_CODE_AS_NAME}
DK3,EMU,REVIEW,0.750,NUMBER_RANGE,97035,1,17,{COACH_CODE_AS_NAME}
DK30,EMU,REVIEW,0.750,NUMBER_RANGE,97132,1,17,{COACH_CODE_AS_NAME}
DK31,EMU,REVIEW,0.750,NUMBER_RANGE,97135,1,17,{COACH_CODE_AS_NAME}
DK32,EMU,REVIEW,0.750,NUMBER_RANGE,97134,1,17,{COACH_CODE_AS_NAME}
DK33,EMU,REVIEW,0.750,NUMBER_RANGE,97137,1,17,{COACH_CODE_AS_NAME}
DK34,EMU,REVIEW,0.750,NUMBER_RANGE,97138,1,17,{COACH_CODE_AS_NAME}
DK35,EMU,REVIEW,0.750,NUMBER_RANGE,97141,1,17,{COACH_CODE_AS_NAME}
DK37,EMU,REVIEW,0.750,NUMBER_RANGE,97143,1,17,{COACH_CODE_AS_NAME}
DK39,EMU,REVIEW,0.750,NUMBER_RANGE,97145,1,17,{COACH_CODE_AS_NAME}
DK4,EMU,REVIEW,0.750,NUMBER_RANGE,95706,1,12,{COACH_CODE_AS_NAME}
DK41,EMU,REVIEW,0.750,NUMBER_RANGE,97155,1,17,{COACH_CODE_AS_NAME}
DK5,EMU,REVIEW,0.750,NUMBER_RANGE,95713,1,6,{COACH_CODE_AS_NAME}
DK6,EMU,REVIEW,0.750,NUMBER_RANGE,97026,1,17,{COACH_CODE_AS_NAME}
DK7,EMU,REVIEW,0.750,NUMBER_RANGE,97043,1,17,{COACH_CODE_AS_NAME}
DK8,EMU,REVIEW,0.750,NUMBER_RANGE,97028,1,17,{COACH_CODE_AS_NAME}
DK9,EMU,REVIEW,0.750,NUMBER_RANGE,97045,1,17,{COACH_CODE_AS_NAME}
DKAE-SDAH LO,PASSENGER,REVIEW,0.550,NUMBER_RANGE,32212,21,189,{LIKELY_TRUNCATED}
DKDE-DLI 12C,PASSENGER,REVIEW,0.600,NUMBER_RANGE,64107,1,10,{LIKELY_TRUNCATED}
DKDE-SSB 12C,PASSENGER,REVIEW,0.600,NUMBER_RANGE,64109,2,37,{LIKELY_TRUNCATED}
DKGN - BHNG,PASSENGER,REVIEW,0.600,NUMBER_RANGE,55719,1,8,{}
DKGN - MZS P,PASSENGER,REVIEW,0.600,NUMBER_RANGE,55813,1,42,{LIKELY_TRUNCATED}
DKGN - RNY P,PASSENGER,REVIEW,0.600,NUMBER_RANGE,55722,1,18,{LIKELY_TRUNCATED}
DKGN - RPAN,PASSENGER,REVIEW,0.600,NUMBER_RANGE,55824,1,4,{}
DKGN-KYQ INT,EXPRESS,REVIEW,0.650,NUMBER_RANGE,15816,1,12,{LIKELY_TRUNCATED}
DKGN-RNY PAS,PASSENGER,REVIEW,0.600,NUMBER_RANGE,55862,1,18,{LIKELY_TRUNCATED}
DL 28,EMU,REVIEW,0.750,NUMBER_RANGE,95808,1,11,{}
DL1,EMU,REVIEW,0.750,NUMBER_RANGE,97201,1,22,{COACH_CODE_AS_NAME}
DL10,EMU,REVIEW,0.750,NUMBER_RANGE,97208,1,22,{COACH_CODE_AS_NAME}
DL11,EMU,REVIEW,0.750,NUMBER_RANGE,97211,1,22,{COACH_CODE_AS_NAME}
DL12,EMU,REVIEW,0.750,NUMBER_RANGE,97210,1,22,{COACH_CODE_AS_NAME}
DL13,EMU,REVIEW,0.750,NUMBER_RANGE,97213,1,22,{COACH_CODE_AS_NAME}
DL14,EMU,REVIEW,0.750,NUMBER_RANGE,97214,1,22,{COACH_CODE_AS_NAME}
DL15,EMU,REVIEW,0.750,NUMBER_RANGE,97215,1,22,{COACH_CODE_AS_NAME}
DL16,EMU,REVIEW,0.750,NUMBER_RANGE,97216,1,22,{COACH_CODE_AS_NAME}
DL17,EMU,REVIEW,0.750,NUMBER_RANGE,97217,1,22,{COACH_CODE_AS_NAME}
DL18,EMU,REVIEW,0.750,NUMBER_RANGE,97218,1,22,{COACH_CODE_AS_NAME}
DL19,EMU,REVIEW,0.750,NUMBER_RANGE,97219,1,22,{COACH_CODE_AS_NAME}
DL2,EMU,REVIEW,0.750,NUMBER_RANGE,97202,1,22,{COACH_CODE_AS_NAME}
DL20,EMU,REVIEW,0.750,NUMBER_RANGE,97220,1,22,{COACH_CODE_AS_NAME}
DL21,EMU,REVIEW,0.750,NUMBER_RANGE,97221,1,22,{COACH_CODE_AS_NAME}
DL22,EMU,REVIEW,0.750,NUMBER_RANGE,97222,1,22,{COACH_CODE_AS_NAME}
DL23,EMU,REVIEW,0.750,NUMBER_RANGE,97223,1,22,{COACH_CODE_AS_NAME}
DL24,EMU,REVIEW,0.750,NUMBER_RANGE,97224,1,22,{COACH_CODE_AS_NAME}
DL25,EMU,REVIEW,0.750,NUMBER_RANGE,97225,1,22,{COACH_CODE_AS_NAME}
DL26,EMU,REVIEW,0.750,NUMBER_RANGE,95804,2,33,{COACH_CODE_AS_NAME}
DL27,EMU,REVIEW,0.750,NUMBER_RANGE,97227,1,22,{COACH_CODE_AS_NAME}
DL28,EMU,REVIEW,0.750,NUMBER_RANGE,97228,1,22,{COACH_CODE_AS_NAME}
DL29,EMU,REVIEW,0.750,NUMBER_RANGE,97229,1,22,{COACH_CODE_AS_NAME}
DL3,EMU,REVIEW,0.750,NUMBER_RANGE,97203,1,22,{COACH_CODE_AS_NAME}
DL30,EMU,REVIEW,0.750,NUMBER_RANGE,97230,1,22,{COACH_CODE_AS_NAME}
DL31,EMU,REVIEW,0.750,NUMBER_RANGE,97231,1,22,{COACH_CODE_AS_NAME}
DL32,EMU,REVIEW,0.750,NUMBER_RANGE,97232,1,22,{COACH_CODE_AS_NAME}
DL33,EMU,REVIEW,0.750,NUMBER_RANGE,97233,1,22,{COACH_CODE_AS_NAME}
DL34,EMU,REVIEW,0.750,NUMBER_RANGE,97236,1,22,{COACH_CODE_AS_NAME}
DL35,EMU,REVIEW,0.750,NUMBER_RANGE,95801,1,11,{COACH_CODE_AS_NAME}
DL36,EMU,REVIEW,0.750,NUMBER_RANGE,97238,1,22,{COACH_CODE_AS_NAME}
DL37,EMU,REVIEW,0.750,NUMBER_RANGE,97239,1,22,{COACH_CODE_AS_NAME}
DL38,EMU,REVIEW,0.750,NUMBER_RANGE,97240,1,22,{COACH_CODE_AS_NAME}
DL39,EMU,REVIEW,0.750,NUMBER_RANGE,97241,1,22,{COACH_CODE_AS_NAME}
DL4,EMU,REVIEW,0.750,NUMBER_RANGE,97204,1,22,{COACH_CODE_AS_NAME}
DL40,EMU,REVIEW,0.750,NUMBER_RANGE,97242,1,22,{COACH_CODE_AS_NAME}
DL41,EMU,REVIEW,0.750,NUMBER_RANGE,97243,1,22,{COACH_CODE_AS_NAME}
DL42,EMU,REVIEW,0.750,NUMBER_RANGE,97244,1,22,{COACH_CODE_AS_NAME}
DL43,EMU,REVIEW,0.750,NUMBER_RANGE,97245,1,22,{COACH_CODE_AS_NAME}
DL44,EMU,REVIEW,0.750,NUMBER_RANGE,97246,1,22,{COACH_CODE_AS_NAME}
DL45,EMU,REVIEW,0.750,NUMBER_RANGE,97249,1,22,{COACH_CODE_AS_NAME}
DL46,EMU,REVIEW,0.750,NUMBER_RANGE,97248,1,22,{COACH_CODE_AS_NAME}
DL47,EMU,REVIEW,0.750,NUMBER_RANGE,97251,1,22,{COACH_CODE_AS_NAME}
DL48,EMU,REVIEW,0.750,NUMBER_RANGE,97250,1,22,{COACH_CODE_AS_NAME}
DL49,EMU,REVIEW,0.750,NUMBER_RANGE,95805,2,36,{COACH_CODE_AS_NAME}
DL5,EMU,REVIEW,0.750,NUMBER_RANGE,97205,1,22,{COACH_CODE_AS_NAME}
DL50,EMU,REVIEW,0.750,NUMBER_RANGE,97252,1,22,{COACH_CODE_AS_NAME}
DL51,EMU,REVIEW,0.750,NUMBER_RANGE,97255,1,22,{COACH_CODE_AS_NAME}
DL52,EMU,REVIEW,0.750,NUMBER_RANGE,97256,1,22,{COACH_CODE_AS_NAME}
DL54,EMU,REVIEW,0.750,NUMBER_RANGE,97258,1,22,{COACH_CODE_AS_NAME}
DL6,EMU,REVIEW,0.750,NUMBER_RANGE,97206,1,22,{COACH_CODE_AS_NAME}
DL7,EMU,REVIEW,0.750,NUMBER_RANGE,97207,1,22,{COACH_CODE_AS_NAME}
DL8,EMU,REVIEW,0.750,NUMBER_RANGE,95802,1,12,{COACH_CODE_AS_NAME}
DL9,EMU,REVIEW,0.750,NUMBER_RANGE,97209,1,22,{COACH_CODE_AS_NAME}
DLCR - BPB P,PASSENGER,REVIEW,0.600,NUMBER_RANGE,55689,1,15,{LIKELY_TRUNCATED}
DLCR - SCL P,PASSENGER,REVIEW,0.600,NUMBER_RANGE,55687,1,10,{LIKELY_TRUNCATED}
DLI - HW PAS,PASSENGER,REVIEW,0.600,NUMBER_RANGE,54475,2,100,{LIKELY_TRUNCATED}
DLI - JSM EX,EXPRESS,REVIEW,0.650,NUMBER_RANGE,14659,1,39,{LIKELY_TRUNCATED}
DLI - RKSH P,PASSENGER,REVIEW,0.600,NUMBER_RANGE,54471,1,45,{LIKELY_TRUNCATED}
DLI - SRE ME,PASSENGER,REVIEW,0.600,NUMBER_RANGE,64559,1,28,{LIKELY_TRUNCATED}
DLI FKA EXP,EXPRESS,REVIEW,0.650,NUMBER_RANGE,14731,1,29,{}
DLI PTK EXPR,EXPRESS,REVIEW,0.650,NUMBER_RANGE,14035,1,19,{LIKELY_TRUNCATED}
DLI SDAH EXP,EXPRESS,REVIEW,0.650,NUMBER_RANGE,13120,1,91,{LIKELY_TRUNCATED}
DLI SMQL PAS,PASSENGER,REVIEW,0.600,NUMBER_RANGE,54059,1,16,{LIKELY_TRUNCATED}
DLI SRE EXP,EXPRESS,REVIEW,0.650,NUMBER_RANGE,14545,1,27,{}
DLI SRE PASS,PASSENGER,REVIEW,0.600,NUMBER_RANGE,54473,1,33,{LIKELY_TRUNCATED}
DLI--SMQL-SR,PASSENGER,REVIEW,0.600,NUMBER_RANGE,51909,1,36,{LIKELY_TRUNCATED}
DLI-AGC PASS,PASSENGER,REVIEW,0.600,NUMBER_RANGE,51902,1,32,{LIKELY_TRUNCATED}
DLI-ALJN 12C,PASSENGER,REVIEW,0.600,NUMBER_RANGE,64102,1,21,{LIKELY_TRUNCATED}
DLI-ALJN MEM,PASSENGER,REVIEW,0.600,NUMBER_RANGE,64152,1,21,{LIKELY_TRUNCATED}
DLI-ATT LINK,EXPRESS,REVIEW,0.650,NUMBER_RANGE,14001,1,2,{LIKELY_TRUNCATED}
DLI-BNW  PAS,PASSENGER,REVIEW,0.600,NUMBER_RANGE,54423,1,23,{LIKELY_TRUNCATED}
DLI-BTU DEMU,PASSENGER,REVIEW,0.600,NUMBER_RANGE,74027,1,15,{LIKELY_TRUNCATED}
DLI-BVH EMU,PASSENGER,REVIEW,0.600,NUMBER_RANGE,64062,1,13,{ROUTE_CODE_STYLE}
DLI-DKDE 12C,PASSENGER,REVIEW,0.600,NUMBER_RANGE,64104,2,25,{LIKELY_TRUNCATED}
DLI-FD EXPRE,EXPRESS,REVIEW,0.650,NUMBER_RANGE,14206,1,11,{LIKELY_TRUNCATED}
DLI-FN PASSE,PASSENGER,REVIEW,0.600,NUMBER_RANGE,51915,1,12,{LIKELY_TRUNCATED}
DLI-FZR PASS,PASSENGER,REVIEW,0.600,NUMBER_RANGE,54641,1,60,{LIKELY_TRUNCATED}
DLI-GZB 12CA,PASSENGER,REVIEW,0.600,NUMBER_RANGE,64402,6,38,{LIKELY_TRUNCATED}
DLI-GZB EMU,PASSENGER,REVIEW,0.600,NUMBER_RANGE,64414,1,5,{ROUTE_CODE_STYLE}
DLI-GZB MEMU,PASSENGER,REVIEW,0.600,NUMBER_RANGE,64412,2,15,{LIKELY_TRUNCATED}
DLI-HRF MEMU,PASSENGER,REVIEW,0.600,NUMBER_RANGE,64582,1,26,{LIKELY_TRUNCATED}
DLI-HSX EXPR,EXPRESS,REVIEW,0.650,NUMBER_RANGE,14011,1,9,{LIKELY_TRUNCATED}
DLI-KKDE DMU,PASSENGER,REVIEW,0.600,NUMBER_RANGE,74013,1,41,{LIKELY_TRUNCATED}
DLI-KLK PASS,PASSENGER,REVIEW,0.600,NUMBER_RANGE,54303,1,41,{LIKELY_TRUNCATED}
DLI-KRJ 12CA,PASSENGER,REVIEW,0.600,NUMBER_RANGE,64106,1,15,{LIKELY_TRUNCATED}
DLI-PNP 12CA,PASSENGER,REVIEW,0.600,NUMBER_RANGE,64453,1,18,{LIKELY_TRUNCATED}
DLI-PNP MEMU,PASSENGER,REVIEW,0.600,NUMBER_RANGE,64001,3,54,{LIKELY_TRUNCATED}
DLI-PNP PASS,PASSENGER,REVIEW,0.600,NUMBER_RANGE,64531,1,17,{LIKELY_TRUNCATED}
DLI-PTK EXP,SUPERFAST,REVIEW,0.700,NUMBER_RANGE,22429,1,15,{ROUTE_CODE_STYLE}
DLI-RE DMU,PASSENGER,REVIEW,0.600,NUMBER_RANGE,74001,2,36,{ROUTE_CODE_STYLE}
DLI-RE PASSA,PASSENGER,REVIEW,0.600,NUMBER_RANGE,54085,1,18,{LIKELY_TRUNCATED}
DLI-RE PASSE,PASSENGER,REVIEW,0.600,NUMBER_RANGE,54309,4,72,{LIKELY_TRUNCATED}
DLI-ROK DMU,PASSENGER,REVIEW,0.600,NUMBER_RANGE,74011,1,17,{ROUTE_CODE_STYLE}
DLI-ROK MEMU,PASSENGER,REVIEW,0.600,NUMBER_RANGE,64913,3,51,{LIKELY_TRUNCATED}
DLI-SMQL PAS,PASSENGER,REVIEW,0.600,NUMBER_RANGE,51906,1,16,{LIKELY_TRUNCATED}
DLI-SMQL-SRE,PASSENGER,REVIEW,0.600,NUMBER_RANGE,51911,2,68,{LIKELY_TRUNCATED}
DLI-SRE DMU,PASSENGER,REVIEW,0.600,NUMBER_RANGE,74021,1,36,{ROUTE_CODE_STYLE}
DLI-SRE MEMU,PASSENGER,REVIEW,0.600,NUMBER_RANGE,64557,1,28,{LIKELY_TRUNCATED}
DLI-TDL MEMU,PASSENGER,REVIEW,0.600,NUMBER_RANGE,64584,1,32,{LIKELY_TRUNCATED}
DLI-UMB MEMU,PASSENGER,REVIEW,0.600,NUMBER_RANGE,64561,1,40,{LIKELY_TRUNCATED}
DLJ - MHV PA,PASSENGER,REVIEW,0.600,NUMBER_RANGE,59235,1,22,{LIKELY_TRUNCATED}
DLN -MGS-PAS,PASSENGER,REVIEW,0.600,NUMBER_RANGE,53641,1,9,{LIKELY_TRUNCATED}
DLN-TRG PASS,PASSENGER,REVIEW,0.600,NUMBER_RANGE,53643,3,12,{LIKELY_TRUNCATED}
DMH-SHC PASS,PASSENGER,REVIEW,0.600,NUMBER_RANGE,55569,1,3,{LIKELY_TRUNCATED}
DMKA JSME PA,PASSENGER,REVIEW,0.600,NUMBER_RANGE,53556,1,9,{LIKELY_TRUNCATED}
DMM-BZA TRI-,EXPRESS,REVIEW,0.650,NUMBER_RANGE,17216,1,16,{LIKELY_TRUNCATED}
DMO-BINA PAS,PASSENGER,REVIEW,0.600,NUMBER_RANGE,51886,1,18,{LIKELY_TRUNCATED}
DMR - AGTL P,PASSENGER,REVIEW,0.600,NUMBER_RANGE,55676,2,28,{LIKELY_TRUNCATED}
DMR - SCL PA,PASSENGER,REVIEW,0.600,NUMBER_RANGE,55678,1,22,{LIKELY_TRUNCATED}
DMV - KYQ NA,EXPRESS,REVIEW,0.650,NUMBER_RANGE,15670,1,7,{LIKELY_TRUNCATED}
DMV-FKG-MXN,PASSENGER,REVIEW,0.600,NUMBER_RANGE,55903,1,23,{ROUTE_CODE_STYLE}
DMV-KYQ BG E,EXPRESS,REVIEW,0.650,NUMBER_RANGE,15666,1,9,{LIKELY_TRUNCATED}
DNGI - TSK D,PASSENGER,REVIEW,0.600,NUMBER_RANGE,75912,1,8,{LIKELY_TRUNCATED}
DNR - MKA ME,PASSENGER,REVIEW,0.600,NUMBER_RANGE,63218,1,18,{LIKELY_TRUNCATED}
DNR - RGD IN,EXPRESS,REVIEW,0.650,NUMBER_RANGE,13234,1,15,{LIKELY_TRUNCATED}
DNR - SBG IN,EXPRESS,REVIEW,0.650,NUMBER_RANGE,13236,1,29,{LIKELY_TRUNCATED}
DNR TATA EXP,EXPRESS,REVIEW,0.650,NUMBER_RANGE,18184,1,35,{LIKELY_TRUNCATED}
DNR UDHNA  E,EXPRESS,REVIEW,0.650,NUMBER_RANGE,19064,1,18,{LIKELY_TRUNCATED}
DNR-PUNE EXP,SUPERFAST,REVIEW,0.700,NUMBER_RANGE,12150,1,19,{LIKELY_TRUNCATED}
DNR-RGD PASS,PASSENGER,REVIEW,0.600,NUMBER_RANGE,53230,1,18,{LIKELY_TRUNCATED}
DNR-RPR MEMU,PASSENGER,REVIEW,0.600,NUMBER_RANGE,63219,1,14,{LIKELY_TRUNCATED}
DNR-SC EXP,SUPERFAST,REVIEW,0.700,NUMBER_RANGE,12792,1,28,{ROUTE_CODE_STYLE}
DNR-SHC JANH,EXPRESS,REVIEW,0.650,NUMBER_RANGE,13206,1,9,{LIKELY_TRUNCATED}
DNR-TIA PASS,PASSENGER,REVIEW,0.600,NUMBER_RANGE,53232,1,20,{LIKELY_TRUNCATED}
DNRE-JMP SRA,PASSENGER,REVIEW,0.600,NUMBER_RANGE,73904,1,2,{LIKELY_TRUNCATED}
DONYI POLO E,EXPRESS,REVIEW,0.650,NUMBER_RANGE,15617,2,28,{LIKELY_TRUNCATED}
DOON EXPRESS,EXPRESS,REVIEW,0.880,NAME_RULE,13009,2,155,{LIKELY_TRUNCATED}
DOS-BRKA PAS,PASSENGER,REVIEW,0.600,NUMBER_RANGE,53358,1,42,{LIKELY_TRUNCATED}
DOS-BRWD,PASSENGER,REVIEW,0.600,NUMBER_RANGE,53612,1,24,{ROUTE_CODE_STYLE}
DOS-BRWD PAS,PASSENGER,REVIEW,0.600,NUMBER_RANGE,53350,1,24,{LIKELY_TRUNCATED}
DOS-GAYA MEM,PASSENGER,REVIEW,0.600,NUMBER_RANGE,63290,2,28,{LIKELY_TRUNCATED}
DOS-GAYA PAS,PASSENGER,REVIEW,0.600,NUMBER_RANGE,53364,1,14,{LIKELY_TRUNCATED}
DOS-MGS MEMU,PASSENGER,REVIEW,0.600,NUMBER_RANGE,63293,1,18,{LIKELY_TRUNCATED}
DPJ-SBC PASS,PASSENGER,REVIEW,0.600,NUMBER_RANGE,76554,1,15,{LIKELY_TRUNCATED}
DR SAINAGAR,SUPERFAST,REVIEW,0.700,NUMBER_RANGE,12131,1,8,{}
DR-PDY EXPRE,EXPRESS,REVIEW,0.650,NUMBER_RANGE,11005,1,39,{LIKELY_TRUNCATED}
DR-SNSI SF E,SUPERFAST,REVIEW,0.700,NUMBER_RANGE,22147,1,8,{LIKELY_TRUNCATED}
DR-SWV TUTAR,EXPRESS,REVIEW,0.650,NUMBER_RANGE,11003,1,21,{LIKELY_TRUNCATED}
DR-TEN EXPRE,EXPRESS,REVIEW,0.650,NUMBER_RANGE,11021,1,40,{LIKELY_TRUNCATED}
DRD  CCG EMU,EMU,REVIEW,0.750,NUMBER_RANGE,93026,1,2,{LIKELY_TRUNCATED}
DRD  VR EMU,EMU,REVIEW,0.750,NUMBER_RANGE,93032,1,2,{}
DRD - PNVL,PASSENGER,REVIEW,0.600,NUMBER_RANGE,69164,1,19,{}
DRD BVI  MEM,PASSENGER,REVIEW,0.600,NUMBER_RANGE,69174,1,10,{LIKELY_TRUNCATED}
DRD DDR EMU,EMU,REVIEW,0.750,NUMBER_RANGE,93022,1,2,{}
DRD- VR  EMU,EMU,REVIEW,0.750,NUMBER_RANGE,93034,1,9,{LIKELY_TRUNCATED}
DRD-BVI,EMU,REVIEW,0.750,NUMBER_RANGE,93002,2,4,{ROUTE_CODE_STYLE}
DRD-CCG,EMU,REVIEW,0.750,NUMBER_RANGE,93004,7,14,{ROUTE_CODE_STYLE}
DRD-DDR,EMU,REVIEW,0.750,NUMBER_RANGE,93014,2,4,{ROUTE_CODE_STYLE}
DRD-VR,EMU,REVIEW,0.750,NUMBER_RANGE,93012,3,13,{ROUTE_CODE_STYLE}
DRD-VR MEMU,EMU,REVIEW,0.750,NUMBER_RANGE,93102,1,9,{ROUTE_CODE_STYLE}
DRZ - R DEMU,PASSENGER,REVIEW,0.600,NUMBER_RANGE,78816,1,18,{LIKELY_TRUNCATED}
DRZ-DURG,PASSENGER,REVIEW,0.600,NUMBER_RANGE,78826,1,10,{ROUTE_CODE_STYLE}
DRZ-DURG DMU,PASSENGER,REVIEW,0.600,NUMBER_RANGE,78825,1,10,{LIKELY_TRUNCATED}
DT1,EMU,REVIEW,0.750,NUMBER_RANGE,97375,1,10,{COACH_CODE_AS_NAME}
DT10,EMU,REVIEW,0.750,NUMBER_RANGE,97424,1,10,{COACH_CODE_AS_NAME}
DT12,EMU,REVIEW,0.750,NUMBER_RANGE,97430,1,10,{COACH_CODE_AS_NAME}
DT14,EMU,REVIEW,0.750,NUMBER_RANGE,97442,1,10,{COACH_CODE_AS_NAME}
DT2,EMU,REVIEW,0.750,NUMBER_RANGE,97384,1,10,{COACH_CODE_AS_NAME}
DT3,EMU,REVIEW,0.750,NUMBER_RANGE,97409,1,10,{COACH_CODE_AS_NAME}
DT4,EMU,REVIEW,0.750,NUMBER_RANGE,97406,1,10,{COACH_CODE_AS_NAME}
DT5,EMU,REVIEW,0.750,NUMBER_RANGE,97415,1,10,{COACH_CODE_AS_NAME}
DT6,EMU,REVIEW,0.750,NUMBER_RANGE,97410,1,10,{COACH_CODE_AS_NAME}
DT7,EMU,REVIEW,0.750,NUMBER_RANGE,97429,1,10,{COACH_CODE_AS_NAME}
DT8,EMU,REVIEW,0.750,NUMBER_RANGE,97420,1,10,{COACH_CODE_AS_NAME}
DTK - SDAH L,PASSENGER,REVIEW,0.550,NUMBER_RANGE,33616,1,13,{LIKELY_TRUNCATED}
DTK-MJT LOCA,PASSENGER,REVIEW,0.550,NUMBER_RANGE,30314,1,23,{LIKELY_TRUNCATED}
DTK-SDAH LOC,PASSENGER,REVIEW,0.550,NUMBER_RANGE,33612,9,115,{LIKELY_TRUNCATED}
DTL2,EMU,REVIEW,0.750,NUMBER_RANGE,96616,1,2,{}
DUI - BTI PA,PASSENGER,REVIEW,0.600,NUMBER_RANGE,54555,1,13,{LIKELY_TRUNCATED}
DUI JHL HSR,PASSENGER,REVIEW,0.600,NUMBER_RANGE,54631,1,24,{}
DUI-BTI PASS,PASSENGER,REVIEW,0.600,NUMBER_RANGE,54765,1,11,{LIKELY_TRUNCATED}
DUMK-HSDA PA,PASSENGER,REVIEW,0.600,NUMBER_RANGE,53451,1,6,{LIKELY_TRUNCATED}
DUMKA  JSME,PASSENGER,REVIEW,0.600,NUMBER_RANGE,53554,1,9,{}
DUMKA RANCHI,EXPRESS,REVIEW,0.650,NUMBER_RANGE,18620,1,17,{LIKELY_TRUNCATED}
DUMKA- JSME,PASSENGER,REVIEW,0.600,NUMBER_RANGE,53552,1,9,{}
DURG - AII E,EXPRESS,REVIEW,0.650,NUMBER_RANGE,18207,1,22,{LIKELY_TRUNCATED}
DURG - CNB B,EXPRESS,REVIEW,0.650,NUMBER_RANGE,18203,1,20,{LIKELY_TRUNCATED}
DURG - JAT E,EXPRESS,REVIEW,0.650,NUMBER_RANGE,18215,1,26,{LIKELY_TRUNCATED}
DURG - JAT S,SUPERFAST,REVIEW,0.700,NUMBER_RANGE,12549,1,18,{LIKELY_TRUNCATED}
DURG - JDB E,EXPRESS,REVIEW,0.650,NUMBER_RANGE,18211,1,15,{LIKELY_TRUNCATED}
DURG - JP EX,EXPRESS,REVIEW,0.650,NUMBER_RANGE,18213,1,20,{LIKELY_TRUNCATED}
DURG - NTV E,EXPRESS,REVIEW,0.650,NUMBER_RANGE,18201,2,49,{LIKELY_TRUNCATED}
DURG - PURI,EXPRESS,REVIEW,0.650,NUMBER_RANGE,18426,1,28,{}
DURG-ABKP EX,EXPRESS,REVIEW,0.650,NUMBER_RANGE,18241,1,32,{LIKELY_TRUNCATED}
DURG-BPL AMA,SUPERFAST,REVIEW,0.700,NUMBER_RANGE,12853,1,31,{LIKELY_TRUNCATED}
DURG-DRZ,PASSENGER,REVIEW,0.600,NUMBER_RANGE,78827,1,10,{ROUTE_CODE_STYLE}
DURG-DRZ DEM,PASSENGER,REVIEW,0.600,NUMBER_RANGE,78817,2,20,{LIKELY_TRUNCATED}
DURG-G MEMU,PASSENGER,REVIEW,0.600,NUMBER_RANGE,68741,2,34,{}
DURG-NZM CG,SUPERFAST,REVIEW,0.700,NUMBER_RANGE,12823,1,12,{ROUTE_CODE_STYLE}
DURG-NZM HUM,SUPERFAST,REVIEW,0.700,NUMBER_RANGE,22867,1,16,{LIKELY_TRUNCATED}
DURG-R MEMU,PASSENGER,REVIEW,0.600,NUMBER_RANGE,68702,5,50,{}
DURG-VSKP PA,PASSENGER,REVIEW,0.600,NUMBER_RANGE,58529,1,64,{LIKELY_TRUNCATED}
DURGIANA EXP,SUPERFAST,REVIEW,0.700,NUMBER_RANGE,12357,1,15,{LIKELY_TRUNCATED}
DVA - VRLF M,PASSENGER,REVIEW,0.600,NUMBER_RANGE,52950,1,12,{LIKELY_TRUNCATED}
DVA-JND  MG,PASSENGER,REVIEW,0.600,NUMBER_RANGE,52951,1,19,{ROUTE_CODE_STYLE}
DVL-BSL PASS,PASSENGER,REVIEW,0.600,NUMBER_RANGE,51181,1,30,{LIKELY_TRUNCATED}
DWARKA EXPRE,EXPRESS,REVIEW,0.650,NUMBER_RANGE,15635,2,88,{LIKELY_TRUNCATED}
DWR MYSORE E,EXPRESS,REVIEW,0.650,NUMBER_RANGE,17302,1,17,{LIKELY_TRUNCATED}
DWR-SUR PASS,PASSENGER,REVIEW,0.600,NUMBER_RANGE,56904,1,34,{LIKELY_TRUNCATED}
DWR-UBL PASS,PASSENGER,REVIEW,0.600,NUMBER_RANGE,51458,2,7,{LIKELY_TRUNCATED}
ED JTJ PASSR,PASSENGER,REVIEW,0.600,NUMBER_RANGE,56840,2,46,{LIKELY_TRUNCATED}
ED TPJ PASS,PASSENGER,REVIEW,0.600,NUMBER_RANGE,56842,1,25,{}
ED TPJ PASSR,PASSENGER,REVIEW,0.600,NUMBER_RANGE,56844,1,22,{LIKELY_TRUNCATED}
ED-CBE PASSR,PASSENGER,REVIEW,0.600,NUMBER_RANGE,66601,1,15,{LIKELY_TRUNCATED}
ED-JTJ PASS,PASSENGER,REVIEW,0.600,NUMBER_RANGE,56112,1,23,{ROUTE_CODE_STYLE}
ED-MTDM PASS,PASSENGER,REVIEW,0.600,NUMBER_RANGE,56100,1,11,{LIKELY_TRUNCATED}
ED-PGTN MEMU,PASSENGER,REVIEW,0.600,NUMBER_RANGE,66609,1,22,{LIKELY_TRUNCATED}
ED-TPJ PASS,PASSENGER,REVIEW,0.600,NUMBER_RANGE,56110,1,22,{ROUTE_CODE_STYLE}
ED/MV-TEN PA,PASSENGER,REVIEW,0.600,NUMBER_RANGE,56825,1,28,{LIKELY_TRUNCATED}
EDN-QLN PASS,PASSENGER,REVIEW,0.600,NUMBER_RANGE,56333,3,65,{LIKELY_TRUNCATED}
EE PASS,PASSENGER,REVIEW,0.600,NUMBER_RANGE,67299,1,27,{}
EMU,EMU,REVIEW,0.750,NUMBER_RANGE,99905,4,47,{}
ENR-TRL EMU,PASSENGER,REVIEW,0.550,NUMBER_RANGE,43861,1,13,{ROUTE_CODE_STYLE}
ERNAD EXPRES,EXPRESS,REVIEW,0.650,NUMBER_RANGE,16605,1,41,{LIKELY_TRUNCATED}
ERNAKULAM SF,SUPERFAST,REVIEW,0.700,NUMBER_RANGE,22608,1,14,{LIKELY_TRUNCATED}
ERS - BSP SF,SUPERFAST,REVIEW,0.700,NUMBER_RANGE,22816,1,23,{LIKELY_TRUNCATED}
ERS ALLP PAS,PASSENGER,REVIEW,0.600,NUMBER_RANGE,56303,1,12,{LIKELY_TRUNCATED}
ERS HTE DHAR,SUPERFAST,REVIEW,0.700,NUMBER_RANGE,22838,1,27,{LIKELY_TRUNCATED}
ERS PATNA EX,EXPRESS,REVIEW,0.650,NUMBER_RANGE,16359,1,44,{LIKELY_TRUNCATED}
ERS-ALLP PAS,PASSENGER,REVIEW,0.600,NUMBER_RANGE,56379,1,12,{LIKELY_TRUNCATED}
ERS-CANNANOR,EXPRESS,REVIEW,0.650,NUMBER_RANGE,16305,1,16,{LIKELY_TRUNCATED}
ERS-GUV PASS,PASSENGER,REVIEW,0.600,NUMBER_RANGE,56370,2,35,{LIKELY_TRUNCATED}
ERS-HWH ANTY,SUPERFAST,REVIEW,0.700,NUMBER_RANGE,22878,1,24,{LIKELY_TRUNCATED}
ERS-KIK EXP,EXPRESS,REVIEW,0.650,NUMBER_RANGE,16188,1,27,{ROUTE_CODE_STYLE}
ERS-KTYM,PASSENGER,REVIEW,0.600,NUMBER_RANGE,56385,1,12,{ROUTE_CODE_STYLE}
ERS-KTYM PAS,PASSENGER,REVIEW,0.600,NUMBER_RANGE,56389,1,10,{LIKELY_TRUNCATED}
ERS-KYJ PASS,PASSENGER,REVIEW,0.600,NUMBER_RANGE,56381,3,44,{LIKELY_TRUNCATED}
ERS-LTT DURO,SUPERFAST,REVIEW,0.700,NUMBER_RANGE,12224,1,6,{LIKELY_TRUNCATED}
ERS-MAO SPL,EXPRESS,REVIEW,0.650,NUMBER_RANGE,10216,1,13,{ROUTE_CODE_STYLE}
ERS-NIL PASS,PASSENGER,REVIEW,0.600,NUMBER_RANGE,56362,1,33,{LIKELY_TRUNCATED}
ERS-NZM  MIL,SUPERFAST,REVIEW,0.700,NUMBER_RANGE,12646,1,28,{LIKELY_TRUNCATED}
ERS-NZM DURO,SUPERFAST,REVIEW,0.700,NUMBER_RANGE,12283,1,11,{LIKELY_TRUNCATED}
ERS-NZM MILL,SUPERFAST,REVIEW,0.700,NUMBER_RANGE,12645,1,29,{LIKELY_TRUNCATED}
ERS-PGT MEMU,PASSENGER,REVIEW,0.600,NUMBER_RANGE,66612,1,28,{LIKELY_TRUNCATED}
ERS-PUNE SF,SUPERFAST,REVIEW,0.700,NUMBER_RANGE,22149,1,18,{ROUTE_CODE_STYLE}
ERS-QLN MEMU,PASSENGER,REVIEW,0.600,NUMBER_RANGE,66307,2,42,{LIKELY_TRUNCATED}
ERS-QLN PASS,PASSENGER,REVIEW,0.600,NUMBER_RANGE,56391,3,75,{LIKELY_TRUNCATED}
ERS-SBC EXP,SUPERFAST,REVIEW,0.700,NUMBER_RANGE,12683,1,14,{ROUTE_CODE_STYLE}
ERS-SBC INTE,SUPERFAST,REVIEW,0.700,NUMBER_RANGE,12678,1,14,{LIKELY_TRUNCATED}
ERS-SRR PASS,PASSENGER,REVIEW,0.600,NUMBER_RANGE,56364,1,22,{LIKELY_TRUNCATED}
ERS-TVC VANC,EXPRESS,REVIEW,0.650,NUMBER_RANGE,16303,1,19,{LIKELY_TRUNCATED}
ET -STA  FAS,PASSENGER,REVIEW,0.600,NUMBER_RANGE,51673,1,40,{LIKELY_TRUNCATED}
ET ALD PASS,PASSENGER,REVIEW,0.600,NUMBER_RANGE,51189,1,64,{}
ET BSL PASS,PASSENGER,REVIEW,0.600,NUMBER_RANGE,51158,1,37,{}
ET-JHS PASS,PASSENGER,REVIEW,0.600,NUMBER_RANGE,51827,1,44,{ROUTE_CODE_STYLE}
ET-KTE FAST,PASSENGER,REVIEW,0.600,NUMBER_RANGE,51671,1,44,{ROUTE_CODE_STYLE}
ET-NGP PASS,PASSENGER,REVIEW,0.600,NUMBER_RANGE,51830,1,30,{ROUTE_CODE_STYLE}
ETH-TDL,PASSENGER,REVIEW,0.600,NUMBER_RANGE,54468,1,10,{ROUTE_CODE_STYLE}
ETH-TDL PASS,PASSENGER,REVIEW,0.600,NUMBER_RANGE,54470,1,10,{LIKELY_TRUNCATED}
ETW-AGC DEMU,PASSENGER,REVIEW,0.600,NUMBER_RANGE,71910,1,15,{LIKELY_TRUNCATED}
ETW-AGC MEMU,PASSENGER,REVIEW,0.600,NUMBER_RANGE,64157,1,16,{LIKELY_TRUNCATED}
ETW-BIX PASS,PASSENGER,REVIEW,0.600,NUMBER_RANGE,59828,1,3,{LIKELY_TRUNCATED}
ETW-CNB MEMU,PASSENGER,REVIEW,0.600,NUMBER_RANGE,64156,1,16,{LIKELY_TRUNCATED}
ETW-JHS LINK,EXPRESS,REVIEW,0.650,NUMBER_RANGE,11802,1,6,{LIKELY_TRUNCATED}
ETW-TDL MEMU,PASSENGER,REVIEW,0.600,NUMBER_RANGE,64155,1,11,{LIKELY_TRUNCATED}
EXP,EXPRESS,REVIEW,0.650,NUMBER_RANGE,17242,2,17,{}
EXPRESS,EXPRESS,REVIEW,0.880,NAME_RULE,15215,3,34,{}
FARAKKA EXPR,EXPRESS,REVIEW,0.650,NUMBER_RANGE,13413,3,191,{LIKELY_TRUNCATED}
FARKKA EXPRE,EXPRESS,REVIEW,0.650,NUMBER_RANGE,13414,1,61,{LIKELY_TRUNCATED}
FAST PASSENG,PASSENGER,REVIEW,0.600,NUMBER_RANGE,51027,2,55,{LIKELY_TRUNCATED}
FBD-CNB PASS,PASSENGER,REVIEW,0.600,NUMBER_RANGE,54156,2,54,{LIKELY_TRUNCATED}
FBD-KSJ PASS,PASSENGER,REVIEW,0.600,NUMBER_RANGE,55331,1,17,{LIKELY_TRUNCATED}
FBD-KSJ-EXP,EXPRESS,REVIEW,0.650,NUMBER_RANGE,15039,2,17,{ROUTE_CODE_STYLE}
FBD-TDL PASS,PASSENGER,REVIEW,0.600,NUMBER_RANGE,54465,1,21,{LIKELY_TRUNCATED}
FD - LKO PAS,PASSENGER,REVIEW,0.600,NUMBER_RANGE,54233,1,18,{LIKELY_TRUNCATED}
FD-CPA EXPRE,EXPRESS,REVIEW,0.650,NUMBER_RANGE,14221,1,9,{LIKELY_TRUNCATED}
FD-DLI EXP,EXPRESS,REVIEW,0.650,NUMBER_RANGE,14205,1,11,{ROUTE_CODE_STYLE}
FD-LKO PASSE,PASSENGER,REVIEW,0.600,NUMBER_RANGE,54231,1,18,{LIKELY_TRUNCATED}
FD-LTT SUPER,SUPERFAST,REVIEW,0.700,NUMBER_RANGE,22104,1,17,{LIKELY_TRUNCATED}
FD-MUR PASS,PASSENGER,REVIEW,0.600,NUMBER_RANGE,54238,1,7,{ROUTE_CODE_STYLE}
FD-PRG PASSE,PASSENGER,REVIEW,0.600,NUMBER_RANGE,54372,2,42,{LIKELY_TRUNCATED}
FKA DLI EXP,EXPRESS,REVIEW,0.650,NUMBER_RANGE,14732,1,29,{}
FKA-BTI PASS,PASSENGER,REVIEW,0.600,NUMBER_RANGE,54560,1,12,{LIKELY_TRUNCATED}
FKA-BTI-DMU,PASSENGER,REVIEW,0.600,NUMBER_RANGE,74986,2,37,{ROUTE_CODE_STYLE}
FKA-FZR DMU,PASSENGER,REVIEW,0.600,NUMBER_RANGE,74971,4,56,{ROUTE_CODE_STYLE}
FKA-FZR PASS,PASSENGER,REVIEW,0.600,NUMBER_RANGE,54786,1,14,{LIKELY_TRUNCATED}
FKA-KKP DMU,PASSENGER,REVIEW,0.600,NUMBER_RANGE,74982,2,26,{ROUTE_CODE_STYLE}
FKA-RE PASSE,PASSENGER,REVIEW,0.600,NUMBER_RANGE,54783,1,60,{LIKELY_TRUNCATED}
FKD-CNB PASS,PASSENGER,REVIEW,0.600,NUMBER_RANGE,54158,1,26,{LIKELY_TRUNCATED}
FL-JP PASS,PASSENGER,REVIEW,0.600,NUMBER_RANGE,59713,1,10,{ROUTE_CODE_STYLE}
FL-RE PASSEN,PASSENGER,REVIEW,0.600,NUMBER_RANGE,59715,2,56,{LIKELY_TRUNCATED}
FL-RE SPL PA,PASSENGER,REVIEW,0.600,NUMBER_RANGE,59719,1,28,{LIKELY_TRUNCATED}
FLYING RANEE,SUPERFAST,REVIEW,0.700,NUMBER_RANGE,12921,2,28,{LIKELY_TRUNCATED}
FM PASS,PASSENGER,REVIEW,0.600,NUMBER_RANGE,57659,1,52,{}
FM-BHONGIR M,PASSENGER,REVIEW,0.600,NUMBER_RANGE,67275,1,16,{LIKELY_TRUNCATED}
FM-BMO DEMU,PASSENGER,REVIEW,0.600,NUMBER_RANGE,77605,1,21,{ROUTE_CODE_STYLE}
FM-HYB,PASSENGER,REVIEW,0.550,NUMBER_RANGE,47197,5,85,{ROUTE_CODE_STYLE}
FM-JANGAON,PASSENGER,REVIEW,0.600,NUMBER_RANGE,67277,1,21,{ROUTE_CODE_STYLE}
FM-LPI,PASSENGER,REVIEW,0.550,NUMBER_RANGE,47149,24,528,{ROUTE_CODE_STYLE}
FM-MED DEMU,PASSENGER,REVIEW,0.600,NUMBER_RANGE,77679,2,46,{ROUTE_CODE_STYLE}
FM-MOB DEMU,PASSENGER,REVIEW,0.600,NUMBER_RANGE,77609,1,26,{ROUTE_CODE_STYLE}
FM-SC,PASSENGER,REVIEW,0.550,NUMBER_RANGE,47168,4,66,{ROUTE_CODE_STYLE}
FM-UR DEMU,PASSENGER,REVIEW,0.600,NUMBER_RANGE,77631,6,24,{ROUTE_CODE_STYLE}
FN-DEE DMU,PASSENGER,REVIEW,0.600,NUMBER_RANGE,74032,2,22,{ROUTE_CODE_STYLE}
FN-DLI PASSE,PASSENGER,REVIEW,0.600,NUMBER_RANGE,51916,1,12,{LIKELY_TRUNCATED}
FN-GHH DMU,PASSENGER,REVIEW,0.600,NUMBER_RANGE,74034,2,6,{ROUTE_CODE_STYLE}
FPS-SIKR,PASSENGER,REVIEW,0.600,NUMBER_RANGE,59735,1,4,{ROUTE_CODE_STYLE}
FTP-CNB MEMU,PASSENGER,REVIEW,0.600,NUMBER_RANGE,64593,1,13,{LIKELY_TRUNCATED}
FTR TRAIN NO,SPECIAL,REVIEW,0.500,NUMBER_RANGE,477,1,14,{LIKELY_TRUNCATED}
FUT - BXR ME,PASSENGER,REVIEW,0.600,NUMBER_RANGE,63261,1,27,{LIKELY_TRUNCATED}
FUT-IPR PASS,PASSENGER,REVIEW,0.600,NUMBER_RANGE,53208,1,5,{LIKELY_TRUNCATED}
FUT-RGD PASS,PASSENGER,REVIEW,0.600,NUMBER_RANGE,53210,1,8,{LIKELY_TRUNCATED}
FZR -  BTI,PASSENGER,REVIEW,0.600,NUMBER_RANGE,54564,1,13,{}
FZR - DLI PA,PASSENGER,REVIEW,0.600,NUMBER_RANGE,54642,1,59,{LIKELY_TRUNCATED}
FZR - JHI PA,PASSENGER,REVIEW,0.600,NUMBER_RANGE,54046,1,36,{LIKELY_TRUNCATED}
FZR - LDH PA,PASSENGER,REVIEW,0.600,NUMBER_RANGE,54572,1,20,{LIKELY_TRUNCATED}
FZR BCT JANT,EXPRESS,REVIEW,0.650,NUMBER_RANGE,19024,1,97,{LIKELY_TRUNCATED}
FZR BTI  PAS,PASSENGER,REVIEW,0.600,NUMBER_RANGE,54562,1,13,{LIKELY_TRUNCATED}
FZR JANATA E,EXPRESS,REVIEW,0.650,NUMBER_RANGE,19023,1,94,{LIKELY_TRUNCATED}
FZR-CDG- EXP,EXPRESS,REVIEW,0.650,NUMBER_RANGE,14614,1,8,{LIKELY_TRUNCATED}
FZR-DEE INTE,EXPRESS,REVIEW,0.650,NUMBER_RANGE,14626,1,18,{LIKELY_TRUNCATED}
FZR-FKA DMU,PASSENGER,REVIEW,0.600,NUMBER_RANGE,74972,4,56,{ROUTE_CODE_STYLE}
FZR-FKA PASS,PASSENGER,REVIEW,0.600,NUMBER_RANGE,54785,1,14,{LIKELY_TRUNCATED}
FZR-JUC DMU,PASSENGER,REVIEW,0.600,NUMBER_RANGE,74932,2,33,{ROUTE_CODE_STYLE}
FZR-JUC PASS,PASSENGER,REVIEW,0.600,NUMBER_RANGE,54644,1,18,{LIKELY_TRUNCATED}
FZR-LDH PASS,PASSENGER,REVIEW,0.600,NUMBER_RANGE,54052,2,34,{LIKELY_TRUNCATED}
FZR-LDH SUTL,EXPRESS,REVIEW,0.650,NUMBER_RANGE,14630,1,9,{LIKELY_TRUNCATED}
FZR-SGNR EXP,EXPRESS,REVIEW,0.650,NUMBER_RANGE,14601,1,10,{LIKELY_TRUNCATED}
G - BPQ PASS,PASSENGER,REVIEW,0.600,NUMBER_RANGE,58802,2,56,{LIKELY_TRUNCATED}
G - RIG JANS,SUPERFAST,REVIEW,0.700,NUMBER_RANGE,12070,1,15,{LIKELY_TRUNCATED}
G - WSA PASS,PASSENGER,REVIEW,0.600,NUMBER_RANGE,58806,1,14,{LIKELY_TRUNCATED}
G T EXPRESS,EXPRESS,REVIEW,0.880,NAME_RULE,12616,1,40,{}
G- BPQ DEMU,PASSENGER,REVIEW,0.600,NUMBER_RANGE,78820,1,28,{}
G-DGG MEMU L,PASSENGER,REVIEW,0.600,NUMBER_RANGE,68712,1,9,{LIKELY_TRUNCATED}
G-DURG MEMU,PASSENGER,REVIEW,0.600,NUMBER_RANGE,68742,1,17,{}
G-ITR MEMU L,PASSENGER,REVIEW,0.600,NUMBER_RANGE,68713,2,34,{LIKELY_TRUNCATED}
G-R MEMU LOC,PASSENGER,REVIEW,0.600,NUMBER_RANGE,68724,1,27,{LIKELY_TRUNCATED}
G1,EMU,REVIEW,0.750,NUMBER_RANGE,97501,1,12,{COACH_CODE_AS_NAME}
G2,EMU,REVIEW,0.750,NUMBER_RANGE,97502,1,12,{COACH_CODE_AS_NAME}
G3,EMU,REVIEW,0.750,NUMBER_RANGE,97503,1,12,{COACH_CODE_AS_NAME}
G4,EMU,REVIEW,0.750,NUMBER_RANGE,97504,1,12,{COACH_CODE_AS_NAME}
GAD- R MEMU,PASSENGER,REVIEW,0.600,NUMBER_RANGE,68745,1,29,{}
GAD-BSP MEMU,PASSENGER,REVIEW,0.600,NUMBER_RANGE,68731,2,30,{LIKELY_TRUNCATED}
GAD-BSP PASS,PASSENGER,REVIEW,0.600,NUMBER_RANGE,58209,1,12,{LIKELY_TRUNCATED}
GAD-NGP SHIV,EXPRESS,REVIEW,0.650,NUMBER_RANGE,18239,1,31,{LIKELY_TRUNCATED}
GAD-R PASSEN,PASSENGER,REVIEW,0.600,NUMBER_RANGE,58203,1,29,{LIKELY_TRUNCATED}
GADHIDHAM-KA,EXPRESS,REVIEW,0.650,NUMBER_RANGE,15667,1,36,{LIKELY_TRUNCATED}
GAJRAULA NAJ,PASSENGER,REVIEW,0.600,NUMBER_RANGE,54381,1,17,{LIKELY_TRUNCATED}
GANADEVTA EX,EXPRESS,REVIEW,0.650,NUMBER_RANGE,13017,2,30,{LIKELY_TRUNCATED}
GANDHIDHAM E,EXPRESS,REVIEW,0.650,NUMBER_RANGE,16336,2,71,{LIKELY_TRUNCATED}
GANGA DAMODA,EXPRESS,REVIEW,0.650,NUMBER_RANGE,13329,2,22,{LIKELY_TRUNCATED}
GANGA GOMTI,EXPRESS,REVIEW,0.650,NUMBER_RANGE,14215,2,22,{}
GANGA SAGAR,EXPRESS,REVIEW,0.650,NUMBER_RANGE,13185,1,22,{}
GANGASATLUJ,EXPRESS,REVIEW,0.650,NUMBER_RANGE,13308,1,71,{}
GANGASUTLEJ,EXPRESS,REVIEW,0.650,NUMBER_RANGE,13307,1,74,{}
GARBHA EXPRE,SUPERFAST,REVIEW,0.700,NUMBER_RANGE,12937,2,34,{LIKELY_TRUNCATED}
GAREEB NAWAJ,EXPRESS,REVIEW,0.650,NUMBER_RANGE,15715,2,56,{LIKELY_TRUNCATED}
GARHWAL EXPR,EXPRESS,REVIEW,0.650,NUMBER_RANGE,14043,2,26,{LIKELY_TRUNCATED}
GARIB NAWAJ,EXPRESS,REVIEW,0.650,NUMBER_RANGE,16531,2,76,{}
GARIB RATH,SUPERFAST,REVIEW,0.700,NUMBER_RANGE,12203,3,48,{}
GARIB RATH E,SUPERFAST,REVIEW,0.700,NUMBER_RANGE,12517,2,28,{LIKELY_TRUNCATED}
GATIMAN EXPR,SUPERFAST,REVIEW,0.700,NUMBER_RANGE,12049,2,4,{LIKELY_TRUNCATED}
GAYA - KIUL,PASSENGER,REVIEW,0.600,NUMBER_RANGE,53626,2,25,{}
GAYA -ANVT G,SUPERFAST,REVIEW,0.700,NUMBER_RANGE,22409,1,10,{LIKELY_TRUNCATED}
GAYA -KIUL,PASSENGER,REVIEW,0.600,NUMBER_RANGE,53630,1,13,{}
GAYA -PNBE M,PASSENGER,REVIEW,0.600,NUMBER_RANGE,63244,2,43,{LIKELY_TRUNCATED}
GAYA HOWRAH,EXPRESS,REVIEW,0.650,NUMBER_RANGE,13024,1,33,{}
GAYA-CHENNAI,SUPERFAST,REVIEW,0.700,NUMBER_RANGE,12389,1,17,{LIKELY_TRUNCATED}
GAYA-DHN  IN,EXPRESS,REVIEW,0.650,NUMBER_RANGE,13306,1,17,{LIKELY_TRUNCATED}
GAYA-DOS MEM,PASSENGER,REVIEW,0.600,NUMBER_RANGE,63289,2,28,{LIKELY_TRUNCATED}
GAYA-DOS PAS,PASSENGER,REVIEW,0.600,NUMBER_RANGE,53363,1,14,{LIKELY_TRUNCATED}
GAYA-JAJ  PA,PASSENGER,REVIEW,0.600,NUMBER_RANGE,53624,1,21,{LIKELY_TRUNCATED}
GAYA-JAMALPU,PASSENGER,REVIEW,0.600,NUMBER_RANGE,53616,1,19,{LIKELY_TRUNCATED}
GAYA-JMP PAS,PASSENGER,REVIEW,0.600,NUMBER_RANGE,53404,1,21,{LIKELY_TRUNCATED}
GAYA-KIUL  P,PASSENGER,REVIEW,0.600,NUMBER_RANGE,53628,1,12,{LIKELY_TRUNCATED}
GAYA-KIUL PA,PASSENGER,REVIEW,0.600,NUMBER_RANGE,53632,1,12,{LIKELY_TRUNCATED}
GAYA-KQR MEM,PASSENGER,REVIEW,0.600,NUMBER_RANGE,63548,1,14,{LIKELY_TRUNCATED}
GAYA-KYQ EXP,EXPRESS,REVIEW,0.650,NUMBER_RANGE,15619,1,21,{LIKELY_TRUNCATED}
GAYA-MGS MEM,PASSENGER,REVIEW,0.600,NUMBER_RANGE,63295,1,28,{LIKELY_TRUNCATED}
GAYA-PNBE  M,PASSENGER,REVIEW,0.600,NUMBER_RANGE,63242,2,30,{LIKELY_TRUNCATED}
GAYA-PNBE ME,PASSENGER,REVIEW,0.600,NUMBER_RANGE,63247,7,137,{LIKELY_TRUNCATED}
GAYA-PNBE PA,PASSENGER,REVIEW,0.600,NUMBER_RANGE,53214,1,25,{LIKELY_TRUNCATED}
GBA ADRA LOC,PASSENGER,REVIEW,0.600,NUMBER_RANGE,68097,1,15,{LIKELY_TRUNCATED}
GBA-RNC PASS,PASSENGER,REVIEW,0.600,NUMBER_RANGE,58163,1,23,{LIKELY_TRUNCATED}
GBG - SDAH L,PASSENGER,REVIEW,0.550,NUMBER_RANGE,33682,3,60,{LIKELY_TRUNCATED}
GBG-BT LOCAL,PASSENGER,REVIEW,0.550,NUMBER_RANGE,33382,1,10,{LIKELY_TRUNCATED}
GCT BANDRA(T,EXPRESS,REVIEW,0.650,NUMBER_RANGE,19042,1,27,{LIKELY_TRUNCATED}
GCT KOAA EXP,EXPRESS,REVIEW,0.650,NUMBER_RANGE,13122,1,16,{LIKELY_TRUNCATED}
GCT KOAA WEE,SUPERFAST,REVIEW,0.700,NUMBER_RANGE,22324,1,9,{LIKELY_TRUNCATED}
GCT-ANVT EXP,SUPERFAST,REVIEW,0.700,NUMBER_RANGE,22433,1,11,{LIKELY_TRUNCATED}
GCT-ANVT SUH,SUPERFAST,REVIEW,0.700,NUMBER_RANGE,22419,1,12,{LIKELY_TRUNCATED}
GCT-BSB DMU,PASSENGER,REVIEW,0.600,NUMBER_RANGE,75111,1,25,{ROUTE_CODE_STYLE}
GCT-PRG- PAS,PASSENGER,REVIEW,0.600,NUMBER_RANGE,75115,1,30,{LIKELY_TRUNCATED}
GCT-SVDK EXP,EXPRESS,REVIEW,0.650,NUMBER_RANGE,14611,1,14,{LIKELY_TRUNCATED}
GD-ASN WKLY,EXPRESS,REVIEW,0.650,NUMBER_RANGE,13510,1,22,{ROUTE_CODE_STYLE}
GD-BNY-GKP-D,PASSENGER,REVIEW,0.600,NUMBER_RANGE,75002,2,60,{LIKELY_TRUNCATED}
GD-GKP  PASS,PASSENGER,REVIEW,0.600,NUMBER_RANGE,55028,1,25,{LIKELY_TRUNCATED}
GD-GKP PASSE,PASSENGER,REVIEW,0.600,NUMBER_RANGE,55026,1,25,{LIKELY_TRUNCATED}
GD-SCC PASSE,PASSENGER,REVIEW,0.600,NUMBER_RANGE,55035,1,22,{LIKELY_TRUNCATED}
GD-SSC  PASS,PASSENGER,REVIEW,0.600,NUMBER_RANGE,55033,1,24,{LIKELY_TRUNCATED}
GDA - BRC ME,PASSENGER,REVIEW,0.600,NUMBER_RANGE,69122,1,11,{LIKELY_TRUNCATED}
GDA-ANND MEM,PASSENGER,REVIEW,0.600,NUMBER_RANGE,69124,2,26,{LIKELY_TRUNCATED}
GDG-SUR EXPR,EXPRESS,REVIEW,0.650,NUMBER_RANGE,11424,1,14,{LIKELY_TRUNCATED}
GDP-VLCY LOC,PASSENGER,REVIEW,0.550,NUMBER_RANGE,42656,1,15,{LIKELY_TRUNCATED}
GDR PASS,PASSENGER,REVIEW,0.600,NUMBER_RANGE,57429,1,12,{}
GDR-OGL MEMU,PASSENGER,REVIEW,0.600,NUMBER_RANGE,67279,1,19,{LIKELY_TRUNCATED}
GDR-SC SIMHA,SUPERFAST,REVIEW,0.700,NUMBER_RANGE,12709,1,17,{LIKELY_TRUNCATED}
GDV PASS,PASSENGER,REVIEW,0.600,NUMBER_RANGE,77267,1,13,{}
GEDE - MJT L,PASSENGER,REVIEW,0.550,NUMBER_RANGE,30142,1,42,{LIKELY_TRUNCATED}
GEDE - SDAH,PASSENGER,REVIEW,0.550,NUMBER_RANGE,31912,8,276,{}
GEDE- SDAH L,PASSENGER,REVIEW,0.550,NUMBER_RANGE,31920,1,35,{LIKELY_TRUNCATED}
GEDE-RHA LOC,PASSENGER,REVIEW,0.550,NUMBER_RANGE,31742,9,117,{LIKELY_TRUNCATED}
GG - BTDF  M,PASSENGER,REVIEW,0.600,NUMBER_RANGE,52935,4,69,{LIKELY_TRUNCATED}
GHH-FN DMU,PASSENGER,REVIEW,0.600,NUMBER_RANGE,74031,2,6,{ROUTE_CODE_STYLE}
GHY - HBN DE,PASSENGER,REVIEW,0.600,NUMBER_RANGE,75727,1,8,{LIKELY_TRUNCATED}
GHY - MNDP P,PASSENGER,REVIEW,0.600,NUMBER_RANGE,55820,1,14,{LIKELY_TRUNCATED}
GHY - NBQ DE,PASSENGER,REVIEW,0.600,NUMBER_RANGE,75724,1,19,{LIKELY_TRUNCATED}
GHY - NBQ PA,PASSENGER,REVIEW,0.600,NUMBER_RANGE,55804,3,58,{LIKELY_TRUNCATED}
GHY - NHLN S,SUPERFAST,REVIEW,0.700,NUMBER_RANGE,12088,1,8,{LIKELY_TRUNCATED}
GHY - SC EXP,SUPERFAST,REVIEW,0.700,NUMBER_RANGE,12514,1,30,{LIKELY_TRUNCATED}
GHY - SCL FA,PASSENGER,REVIEW,0.600,NUMBER_RANGE,55615,1,33,{LIKELY_TRUNCATED}
GHY - SHTT D,PASSENGER,REVIEW,0.600,NUMBER_RANGE,75729,1,16,{LIKELY_TRUNCATED}
GHY BME-BKN,EXPRESS,REVIEW,0.650,NUMBER_RANGE,15632,1,34,{}
GHY-DBRG SHA,SUPERFAST,REVIEW,0.700,NUMBER_RANGE,12085,1,10,{LIKELY_TRUNCATED}
GHY-JAT LOHI,EXPRESS,REVIEW,0.650,NUMBER_RANGE,15651,2,86,{LIKELY_TRUNCATED}
GHY-LTT EXP,EXPRESS,REVIEW,0.650,NUMBER_RANGE,15646,2,103,{ROUTE_CODE_STYLE}
GHY-MXN I/C,EXPRESS,REVIEW,0.650,NUMBER_RANGE,15717,1,26,{ROUTE_CODE_STYLE}
GHY-NDLS RAJ,SUPERFAST,REVIEW,0.700,NUMBER_RANGE,12235,1,26,{LIKELY_TRUNCATED}
GHY-SBC EXP,SUPERFAST,REVIEW,0.700,NUMBER_RANGE,12510,1,41,{ROUTE_CODE_STYLE}
GHY-TBM EXPR,EXPRESS,REVIEW,0.650,NUMBER_RANGE,15630,1,40,{LIKELY_TRUNCATED}
GIMB - PNU,EXPRESS,REVIEW,0.650,NUMBER_RANGE,19151,1,17,{}
GIMB PNU EXP,EXPRESS,REVIEW,0.650,NUMBER_RANGE,19152,1,17,{LIKELY_TRUNCATED}
GIMB PURI EX,SUPERFAST,REVIEW,0.700,NUMBER_RANGE,12993,1,27,{LIKELY_TRUNCATED}
GIMB PURI SF,SUPERFAST,REVIEW,0.700,NUMBER_RANGE,22973,1,38,{LIKELY_TRUNCATED}
GIMB SBC EXP,EXPRESS,REVIEW,0.650,NUMBER_RANGE,16505,1,34,{LIKELY_TRUNCATED}
GIMB-VSKP WE,EXPRESS,REVIEW,0.650,NUMBER_RANGE,18502,1,29,{LIKELY_TRUNCATED}
GJL-MB PASSE,PASSENGER,REVIEW,0.600,NUMBER_RANGE,54394,1,9,{LIKELY_TRUNCATED}
GJL-NBD PASS,PASSENGER,REVIEW,0.600,NUMBER_RANGE,54383,1,18,{LIKELY_TRUNCATED}
GKP - OKHA E,EXPRESS,REVIEW,0.650,NUMBER_RANGE,15045,1,39,{LIKELY_TRUNCATED}
GKP ADI EXP,EXPRESS,REVIEW,0.650,NUMBER_RANGE,19410,1,29,{}
GKP DDN EXPR,EXPRESS,REVIEW,0.650,NUMBER_RANGE,15005,1,16,{LIKELY_TRUNCATED}
GKP KKK  EXP,EXPRESS,REVIEW,0.650,NUMBER_RANGE,15050,1,27,{LIKELY_TRUNCATED}
GKP KKKEXPRE,EXPRESS,REVIEW,0.650,NUMBER_RANGE,15052,1,23,{LIKELY_TRUNCATED}
GKP- NTV PAS,PASSENGER,REVIEW,0.600,NUMBER_RANGE,55051,1,19,{LIKELY_TRUNCATED}
GKP- YPR EXP,EXPRESS,REVIEW,0.650,NUMBER_RANGE,15015,1,23,{LIKELY_TRUNCATED}
GKP-ANVT HAM,SUPERFAST,REVIEW,0.700,NUMBER_RANGE,12595,1,6,{LIKELY_TRUNCATED}
GKP-ANVT-EXP,EXPRESS,REVIEW,0.650,NUMBER_RANGE,15057,1,8,{LIKELY_TRUNCATED}
GKP-ASN WKLY,EXPRESS,REVIEW,0.650,NUMBER_RANGE,13508,1,15,{LIKELY_TRUNCATED}
GKP-ASR SUPE,SUPERFAST,REVIEW,0.700,NUMBER_RANGE,22423,1,16,{LIKELY_TRUNCATED}
GKP-AY PASSE,PASSENGER,REVIEW,0.600,NUMBER_RANGE,55001,1,26,{LIKELY_TRUNCATED}
GKP-BCY PASS,PASSENGER,REVIEW,0.600,NUMBER_RANGE,55149,1,27,{LIKELY_TRUNCATED}
GKP-BDTS EXP,EXPRESS,REVIEW,0.650,NUMBER_RANGE,15067,1,26,{LIKELY_TRUNCATED}
GKP-BNY PASS,PASSENGER,REVIEW,0.600,NUMBER_RANGE,55077,1,22,{LIKELY_TRUNCATED}
GKP-BNY-DMU,PASSENGER,REVIEW,0.600,NUMBER_RANGE,75003,2,58,{ROUTE_CODE_STYLE}
GKP-BNY-GD D,PASSENGER,REVIEW,0.600,NUMBER_RANGE,75007,1,24,{LIKELY_TRUNCATED}
GKP-BSB PASS,PASSENGER,REVIEW,0.600,NUMBER_RANGE,55119,1,34,{LIKELY_TRUNCATED}
GKP-BTH PASS,PASSENGER,REVIEW,0.600,NUMBER_RANGE,55042,1,26,{LIKELY_TRUNCATED}
GKP-CPJ PASS,PASSENGER,REVIEW,0.600,NUMBER_RANGE,55056,1,6,{LIKELY_TRUNCATED}
GKP-CPR PASS,PASSENGER,REVIEW,0.600,NUMBER_RANGE,55020,1,27,{LIKELY_TRUNCATED}
GKP-CSMT-WEE,SUPERFAST,REVIEW,0.700,NUMBER_RANGE,12597,1,13,{LIKELY_TRUNCATED}
GKP-GD  PASS,PASSENGER,REVIEW,0.600,NUMBER_RANGE,55025,1,25,{LIKELY_TRUNCATED}
GKP-GD PASSE,PASSENGER,REVIEW,0.600,NUMBER_RANGE,55027,1,25,{LIKELY_TRUNCATED}
GKP-GTNR INT,EXPRESS,REVIEW,0.650,NUMBER_RANGE,15069,1,11,{LIKELY_TRUNCATED}
GKP-GTNR-EXP,EXPRESS,REVIEW,0.650,NUMBER_RANGE,15009,1,16,{LIKELY_TRUNCATED}
GKP-LTT EXP,EXPRESS,REVIEW,0.650,NUMBER_RANGE,15063,1,23,{ROUTE_CODE_STYLE}
GKP-LTT EXPR,EXPRESS,REVIEW,0.650,NUMBER_RANGE,11080,2,97,{LIKELY_TRUNCATED}
GKP-LTT VIA,EXPRESS,REVIEW,0.650,NUMBER_RANGE,11082,1,19,{ROUTE_CODE_STYLE}
GKP-LTT-SUPE,SUPERFAST,REVIEW,0.700,NUMBER_RANGE,12541,1,16,{LIKELY_TRUNCATED}
GKP-NKE PASS,PASSENGER,REVIEW,0.600,NUMBER_RANGE,55030,5,98,{LIKELY_TRUNCATED}
GKP-NTV -DMU,PASSENGER,REVIEW,0.600,NUMBER_RANGE,75013,1,19,{LIKELY_TRUNCATED}
GKP-NTV PASS,PASSENGER,REVIEW,0.600,NUMBER_RANGE,55043,3,57,{LIKELY_TRUNCATED}
GKP-NTV-EXP,EXPRESS,REVIEW,0.650,NUMBER_RANGE,15019,1,5,{ROUTE_CODE_STYLE}
GKP-PNVL EXP,EXPRESS,REVIEW,0.650,NUMBER_RANGE,15065,1,23,{LIKELY_TRUNCATED}
GKP-PPTA PAS,PASSENGER,REVIEW,0.600,NUMBER_RANGE,55008,1,50,{LIKELY_TRUNCATED}
GKP-PUNE EXP,EXPRESS,REVIEW,0.650,NUMBER_RANGE,11038,1,17,{LIKELY_TRUNCATED}
GKP-PUNE-EXP,EXPRESS,REVIEW,0.650,NUMBER_RANGE,15029,1,20,{LIKELY_TRUNCATED}
GKP-SBC EXP,SUPERFAST,REVIEW,0.700,NUMBER_RANGE,12591,1,40,{ROUTE_CODE_STYLE}
GKP-SC EXP,SUPERFAST,REVIEW,0.700,NUMBER_RANGE,12589,1,31,{ROUTE_CODE_STYLE}
GKP-SV PASSA,PASSENGER,REVIEW,0.600,NUMBER_RANGE,55076,1,28,{LIKELY_TRUNCATED}
GKP-SV PASSE,PASSENGER,REVIEW,0.600,NUMBER_RANGE,55012,1,18,{LIKELY_TRUNCATED}
GKP-SV-DMU S,PASSENGER,REVIEW,0.600,NUMBER_RANGE,75012,1,27,{LIKELY_TRUNCATED}
GKP-YPR-EXP,EXPRESS,REVIEW,0.650,NUMBER_RANGE,15023,1,24,{ROUTE_CODE_STYLE}
GMO CKP PASS,PASSENGER,REVIEW,0.600,NUMBER_RANGE,68017,1,39,{LIKELY_TRUNCATED}
GMO-ASN PASS,PASSENGER,REVIEW,0.600,NUMBER_RANGE,63542,2,35,{LIKELY_TRUNCATED}
GMO-BRWD PAS,PASSENGER,REVIEW,0.600,NUMBER_RANGE,53347,1,36,{LIKELY_TRUNCATED}
GMO-CPU PASS,PASSENGER,REVIEW,0.600,NUMBER_RANGE,53343,1,59,{LIKELY_TRUNCATED}
GMO-SNDT PAS,PASSENGER,REVIEW,0.600,NUMBER_RANGE,53328,1,12,{LIKELY_TRUNCATED}
GNAN-MLN PAS,PASSENGER,REVIEW,0.600,NUMBER_RANGE,52259,1,16,{LIKELY_TRUNCATED}
GNAN-NPR PAS,PASSENGER,REVIEW,0.600,NUMBER_RANGE,52263,1,6,{LIKELY_TRUNCATED}
GNC - ADI ME,PASSENGER,REVIEW,0.600,NUMBER_RANGE,69132,1,5,{LIKELY_TRUNCATED}
GNC INDORE E,EXPRESS,REVIEW,0.650,NUMBER_RANGE,19309,1,19,{LIKELY_TRUNCATED}
GNC-ANND MEM,PASSENGER,REVIEW,0.600,NUMBER_RANGE,69192,1,17,{LIKELY_TRUNCATED}
GNPR-PSA PAS,PASSENGER,REVIEW,0.600,NUMBER_RANGE,58428,1,8,{LIKELY_TRUNCATED}
GNPR-PURI PA,PASSENGER,REVIEW,0.600,NUMBER_RANGE,58418,1,59,{LIKELY_TRUNCATED}
GNPR-ROU RAJ,EXPRESS,REVIEW,0.650,NUMBER_RANGE,18118,1,26,{LIKELY_TRUNCATED}
GNPR-VSKP PA,PASSENGER,REVIEW,0.600,NUMBER_RANGE,58505,1,28,{LIKELY_TRUNCATED}
GNT PASS,PASSENGER,REVIEW,0.600,NUMBER_RANGE,57320,5,192,{}
GNT-BZA,PASSENGER,REVIEW,0.600,NUMBER_RANGE,77283,2,12,{ROUTE_CODE_STYLE}
GNT-KCG PASS,PASSENGER,REVIEW,0.600,NUMBER_RANGE,57306,1,56,{LIKELY_TRUNCATED}
GNT-SC GOLCO,EXPRESS,REVIEW,0.650,NUMBER_RANGE,17201,1,24,{LIKELY_TRUNCATED}
GNT-SC INTER,SUPERFAST,REVIEW,0.700,NUMBER_RANGE,12705,1,14,{LIKELY_TRUNCATED}
GNT-TEL,PASSENGER,REVIEW,0.600,NUMBER_RANGE,77285,1,5,{ROUTE_CODE_STYLE}
GNT-VKB PALA,SUPERFAST,REVIEW,0.700,NUMBER_RANGE,12747,1,15,{LIKELY_TRUNCATED}
GNT-VSKP SIM,EXPRESS,REVIEW,0.650,NUMBER_RANGE,17239,1,27,{LIKELY_TRUNCATED}
GOA EXPRESS,EXPRESS,REVIEW,0.880,NAME_RULE,12779,2,58,{}
GOA SMPRK K,SUPERFAST,REVIEW,0.700,NUMBER_RANGE,12449,1,14,{}
GOA SMPRK KR,SUPERFAST,REVIEW,0.700,NUMBER_RANGE,12450,1,14,{LIKELY_TRUNCATED}
GODAN EXPRES,EXPRESS,REVIEW,0.650,NUMBER_RANGE,11055,2,46,{LIKELY_TRUNCATED}
GODHRA ANND,PASSENGER,REVIEW,0.600,NUMBER_RANGE,69146,1,13,{}
GOGHAT-HW  L,PASSENGER,REVIEW,0.550,NUMBER_RANGE,37373,1,23,{LIKELY_TRUNCATED}
GOGHAT-HWH L,PASSENGER,REVIEW,0.550,NUMBER_RANGE,37372,1,22,{LIKELY_TRUNCATED}
GOGHAT-TAK L,PASSENGER,REVIEW,0.550,NUMBER_RANGE,37390,1,3,{LIKELY_TRUNCATED}
GOGHAT-TARAK,PASSENGER,REVIEW,0.550,NUMBER_RANGE,37392,1,3,{LIKELY_TRUNCATED}
GOGT-HWH LOC,PASSENGER,REVIEW,0.550,NUMBER_RANGE,37374,2,46,{LIKELY_TRUNCATED}
GOLDENTEMPLE,SUPERFAST,REVIEW,0.700,NUMBER_RANGE,12903,1,34,{LIKELY_TRUNCATED}
GOLDN TEMPLE,SUPERFAST,REVIEW,0.700,NUMBER_RANGE,12904,1,35,{LIKELY_TRUNCATED}
GOMO KGP PAS,PASSENGER,REVIEW,0.600,NUMBER_RANGE,58604,1,40,{LIKELY_TRUNCATED}
GOMTI EXP,SUPERFAST,REVIEW,0.700,NUMBER_RANGE,12419,1,16,{}
GOMTI EXPRES,SUPERFAST,REVIEW,0.700,NUMBER_RANGE,12420,1,16,{LIKELY_TRUNCATED}
GONDIA - BJU,EXPRESS,REVIEW,0.650,NUMBER_RANGE,15232,1,34,{LIKELY_TRUNCATED}
GONDIA - KAT,PASSENGER,REVIEW,0.600,NUMBER_RANGE,78803,1,16,{LIKELY_TRUNCATED}
GONDIA JSG P,PASSENGER,REVIEW,0.600,NUMBER_RANGE,58118,1,64,{LIKELY_TRUNCATED}
GONDIA- KATA,PASSENGER,REVIEW,0.600,NUMBER_RANGE,78809,1,16,{LIKELY_TRUNCATED}
GONDIA- WARA,PASSENGER,REVIEW,0.600,NUMBER_RANGE,78807,1,12,{LIKELY_TRUNCATED}
GONDIA-KATAN,PASSENGER,REVIEW,0.600,NUMBER_RANGE,78801,3,48,{LIKELY_TRUNCATED}
GONDWANA EXP,SUPERFAST,REVIEW,0.700,NUMBER_RANGE,12405,3,99,{LIKELY_TRUNCATED}
GORAKHDHAM E,SUPERFAST,REVIEW,0.700,NUMBER_RANGE,12555,2,30,{LIKELY_TRUNCATED}
GORAKHPUR EX,EXPRESS,REVIEW,0.650,NUMBER_RANGE,19409,1,29,{LIKELY_TRUNCATED}
GORAKHPUR-SH,EXPRESS,REVIEW,0.650,NUMBER_RANGE,15022,1,15,{LIKELY_TRUNCATED}
GOUR EXPRESS,EXPRESS,REVIEW,0.880,NAME_RULE,13153,1,14,{LIKELY_TRUNCATED}
GPD-MMC EMU,PASSENGER,REVIEW,0.550,NUMBER_RANGE,42004,22,339,{ROUTE_CODE_STYLE}
GPD-MSB EMU,PASSENGER,REVIEW,0.550,NUMBER_RANGE,42602,3,51,{ROUTE_CODE_STYLE}
GPD-MSB LOCA,PASSENGER,REVIEW,0.550,NUMBER_RANGE,42608,1,17,{LIKELY_TRUNCATED}
GPD-SPE EMU,PASSENGER,REVIEW,0.550,NUMBER_RANGE,42451,1,2,{ROUTE_CODE_STYLE}
GPD-VLCY LOC,PASSENGER,REVIEW,0.550,NUMBER_RANGE,42652,2,30,{LIKELY_TRUNCATED}
GR PASS,PASSENGER,REVIEW,0.600,NUMBER_RANGE,57632,2,69,{}
GR-BIDR DEMU,PASSENGER,REVIEW,0.600,NUMBER_RANGE,77652,2,16,{LIKELY_TRUNCATED}
GR-HYB- INTE,EXPRESS,REVIEW,0.650,NUMBER_RANGE,11307,1,7,{LIKELY_TRUNCATED}
GRD - MDP PA,PASSENGER,REVIEW,0.600,NUMBER_RANGE,53520,1,7,{LIKELY_TRUNCATED}
GRD-MDP PASS,PASSENGER,REVIEW,0.600,NUMBER_RANGE,53512,4,28,{LIKELY_TRUNCATED}
GRIB RATH,SUPERFAST,REVIEW,0.700,NUMBER_RANGE,12204,1,23,{}
GTL PASS,PASSENGER,REVIEW,0.600,NUMBER_RANGE,77415,2,24,{}
GTL-KCG-PASS,PASSENGER,REVIEW,0.600,NUMBER_RANGE,57426,1,49,{LIKELY_TRUNCATED}
GTL-TPTY PAS,PASSENGER,REVIEW,0.600,NUMBER_RANGE,57476,1,40,{LIKELY_TRUNCATED}
GTS-HWH MEMU,PASSENGER,REVIEW,0.600,NUMBER_RANGE,68004,1,23,{LIKELY_TRUNCATED}
GUA- TATA PA,PASSENGER,REVIEW,0.600,NUMBER_RANGE,78034,1,19,{LIKELY_TRUNCATED}
GUA-TATA PAS,PASSENGER,REVIEW,0.600,NUMBER_RANGE,58110,1,19,{LIKELY_TRUNCATED}
GUDM-DRZ-DUR,PASSENGER,REVIEW,0.600,NUMBER_RANGE,78818,1,11,{LIKELY_TRUNCATED}
GUJARAT EXPR,SUPERFAST,REVIEW,0.700,NUMBER_RANGE,22953,2,54,{LIKELY_TRUNCATED}
GUJARAT MAIL,SUPERFAST,REVIEW,0.700,NUMBER_RANGE,12901,2,28,{LIKELY_TRUNCATED}
GUJARAT QUEE,EXPRESS,REVIEW,0.650,NUMBER_RANGE,19033,2,54,{LIKELY_TRUNCATED}
GUJARAT SMPR,SUPERFAST,REVIEW,0.700,NUMBER_RANGE,12917,1,10,{LIKELY_TRUNCATED}
GUJRAT S KRA,SUPERFAST,REVIEW,0.700,NUMBER_RANGE,12918,1,10,{LIKELY_TRUNCATED}
GUNA-BINA PA,PASSENGER,REVIEW,0.600,NUMBER_RANGE,51608,2,34,{LIKELY_TRUNCATED}
GUV CHENNAI,EXPRESS,REVIEW,0.650,NUMBER_RANGE,16128,1,48,{}
GUV-ERS PASS,PASSENGER,REVIEW,0.600,NUMBER_RANGE,56371,2,35,{LIKELY_TRUNCATED}
GUV-TCR PASS,PASSENGER,REVIEW,0.600,NUMBER_RANGE,56043,3,9,{LIKELY_TRUNCATED}
GUV-TVC INTE,EXPRESS,REVIEW,0.650,NUMBER_RANGE,16341,1,23,{LIKELY_TRUNCATED}
GWALIAR-BJU,EXPRESS,REVIEW,0.650,NUMBER_RANGE,11124,1,49,{}
GWD-RC DEMU,PASSENGER,REVIEW,0.600,NUMBER_RANGE,77689,1,5,{ROUTE_CODE_STYLE}
GWL-AGC PASS,PASSENGER,REVIEW,0.600,NUMBER_RANGE,51881,1,14,{LIKELY_TRUNCATED}
GWL-BIN PASS,PASSENGER,REVIEW,0.600,NUMBER_RANGE,51883,1,31,{LIKELY_TRUNCATED}
GWL-BIX PASS,PASSENGER,REVIEW,0.600,NUMBER_RANGE,59823,2,28,{LIKELY_TRUNCATED}
GWL-BLP SUSH,EXPRESS,REVIEW,0.650,NUMBER_RANGE,11111,1,12,{LIKELY_TRUNCATED}
GWL-BPL-INTE,SUPERFAST,REVIEW,0.700,NUMBER_RANGE,12198,1,11,{LIKELY_TRUNCATED}
GWL-IND EXP,EXPRESS,REVIEW,0.650,NUMBER_RANGE,11126,1,11,{ROUTE_CODE_STYLE}
GWL-PUNE EXP,EXPRESS,REVIEW,0.650,NUMBER_RANGE,11102,1,23,{LIKELY_TRUNCATED}
GWO-SBL PASS,PASSENGER,REVIEW,0.600,NUMBER_RANGE,52173,1,15,{LIKELY_TRUNCATED}
GWO-SBL-PASS,PASSENGER,REVIEW,0.600,NUMBER_RANGE,52175,1,8,{LIKELY_TRUNCATED}
GWO-SOE PASS,PASSENGER,REVIEW,0.600,NUMBER_RANGE,52171,1,28,{LIKELY_TRUNCATED}
GYAN GANGA E,SUPERFAST,REVIEW,0.700,NUMBER_RANGE,22131,1,19,{LIKELY_TRUNCATED}
GYAN GANGA S,SUPERFAST,REVIEW,0.700,NUMBER_RANGE,22132,1,19,{LIKELY_TRUNCATED}
GZB-DLI 12CA,PASSENGER,REVIEW,0.600,NUMBER_RANGE,64401,6,45,{LIKELY_TRUNCATED}
GZB-DLI EMU,PASSENGER,REVIEW,0.600,NUMBER_RANGE,64407,1,5,{ROUTE_CODE_STYLE}
GZB-DLI MEMU,PASSENGER,REVIEW,0.600,NUMBER_RANGE,64417,1,10,{LIKELY_TRUNCATED}
GZB-DLI-NDLS,PASSENGER,REVIEW,0.600,NUMBER_RANGE,64420,1,9,{LIKELY_TRUNCATED}
GZB-KSV 12CA,PASSENGER,REVIEW,0.600,NUMBER_RANGE,64902,1,22,{LIKELY_TRUNCATED}
GZB-MTJ 12CA,PASSENGER,REVIEW,0.600,NUMBER_RANGE,64904,1,27,{LIKELY_TRUNCATED}
GZB-NDLS,PASSENGER,REVIEW,0.600,NUMBER_RANGE,64445,1,5,{ROUTE_CODE_STYLE}
GZB-NDLS 10C,PASSENGER,REVIEW,0.600,NUMBER_RANGE,64409,1,7,{LIKELY_TRUNCATED}
GZB-NDLS 12C,PASSENGER,REVIEW,0.600,NUMBER_RANGE,64421,4,30,{LIKELY_TRUNCATED}
GZB-NDLS EMU,PASSENGER,REVIEW,0.600,NUMBER_RANGE,64415,4,28,{LIKELY_TRUNCATED}
GZB-NDLS LAD,PASSENGER,REVIEW,0.600,NUMBER_RANGE,64449,1,8,{LIKELY_TRUNCATED}
GZB-PNP MEMU,PASSENGER,REVIEW,0.600,NUMBER_RANGE,64471,1,26,{LIKELY_TRUNCATED}
GZB-PWL 12CA,PASSENGER,REVIEW,0.600,NUMBER_RANGE,64052,2,34,{LIKELY_TRUNCATED}
GZB-SSB 12CA,PASSENGER,REVIEW,0.600,NUMBER_RANGE,64031,1,13,{LIKELY_TRUNCATED}
HA EXPRESS,EXPRESS,REVIEW,0.880,NAME_RULE,16338,1,51,{}
HALDIGHATI P,PASSENGER,REVIEW,0.600,NUMBER_RANGE,59811,1,71,{LIKELY_TRUNCATED}
HAPA BSP EXP,SUPERFAST,REVIEW,0.700,NUMBER_RANGE,22939,1,23,{LIKELY_TRUNCATED}
HAPA INTERCI,SUPERFAST,REVIEW,0.700,NUMBER_RANGE,22961,1,18,{LIKELY_TRUNCATED}
HAPA JAT EXP,SUPERFAST,REVIEW,0.700,NUMBER_RANGE,12475,1,31,{LIKELY_TRUNCATED}
HAPA MADGAON,SUPERFAST,REVIEW,0.700,NUMBER_RANGE,22908,1,18,{LIKELY_TRUNCATED}
HAPA-OKHA LI,SUPERFAST,REVIEW,0.700,NUMBER_RANGE,22906,1,5,{LIKELY_TRUNCATED}
HARIDWAR EXP,SUPERFAST,REVIEW,0.700,NUMBER_RANGE,22917,1,26,{LIKELY_TRUNCATED}
HARIDWAR MAI,EXPRESS,REVIEW,0.650,NUMBER_RANGE,19031,1,43,{LIKELY_TRUNCATED}
HARIDWAR-DLI,PASSENGER,REVIEW,0.600,NUMBER_RANGE,74022,1,24,{LIKELY_TRUNCATED}
HARYANA EXPR,EXPRESS,REVIEW,0.650,NUMBER_RANGE,14085,2,40,{LIKELY_TRUNCATED}
HAS-YPR SUPE,SUPERFAST,REVIEW,0.700,NUMBER_RANGE,22680,1,10,{LIKELY_TRUNCATED}
HATE BAZARE,EXPRESS,REVIEW,0.650,NUMBER_RANGE,13164,1,33,{}
HATEBAZARE E,EXPRESS,REVIEW,0.650,NUMBER_RANGE,13163,3,87,{LIKELY_TRUNCATED}
HATIA PATNA,EXPRESS,REVIEW,0.650,NUMBER_RANGE,18622,1,43,{}
HATIA-PATNA,EXPRESS,REVIEW,0.650,NUMBER_RANGE,18624,1,25,{ROUTE_CODE_STYLE}
HAZARDUARI E,EXPRESS,REVIEW,0.650,NUMBER_RANGE,13113,2,24,{LIKELY_TRUNCATED}
HB - MJT LOC,PASSENGER,REVIEW,0.550,NUMBER_RANGE,30332,1,27,{LIKELY_TRUNCATED}
HB - SDAH LO,PASSENGER,REVIEW,0.550,NUMBER_RANGE,33652,7,119,{LIKELY_TRUNCATED}
HB-SDAH LOCA,PASSENGER,REVIEW,0.550,NUMBER_RANGE,33534,1,25,{LIKELY_TRUNCATED}
HBJ DHD FAST,PASSENGER,REVIEW,0.600,NUMBER_RANGE,59394,1,50,{LIKELY_TRUNCATED}
HBJ JANSHATA,SUPERFAST,REVIEW,0.700,NUMBER_RANGE,12062,1,10,{LIKELY_TRUNCATED}
HBJ-JBP INTE,SUPERFAST,REVIEW,0.700,NUMBER_RANGE,22187,1,10,{LIKELY_TRUNCATED}
HBJ-LTT EXPR,SUPERFAST,REVIEW,0.700,NUMBER_RANGE,12154,1,10,{LIKELY_TRUNCATED}
HBJ-REWA REW,SUPERFAST,REVIEW,0.700,NUMBER_RANGE,12185,1,15,{LIKELY_TRUNCATED}
HBN - GHY DE,PASSENGER,REVIEW,0.600,NUMBER_RANGE,75728,1,7,{LIKELY_TRUNCATED}
HDB - NJP PA,PASSENGER,REVIEW,0.600,NUMBER_RANGE,55750,2,20,{LIKELY_TRUNCATED}
HDB KOA SF E,SUPERFAST,REVIEW,0.700,NUMBER_RANGE,12364,1,11,{LIKELY_TRUNCATED}
HDB-SGUJ PAS,PASSENGER,REVIEW,0.600,NUMBER_RANGE,75722,1,12,{LIKELY_TRUNCATED}
HEMKUNT EXP,EXPRESS,REVIEW,0.650,NUMBER_RANGE,14609,2,44,{}
HIJ-KGP LOCA,PASSENGER,REVIEW,0.600,NUMBER_RANGE,68644,2,4,{LIKELY_TRUNCATED}
HIMACHAL EXP,EXPRESS,REVIEW,0.650,NUMBER_RANGE,14553,2,54,{LIKELY_TRUNCATED}
HIMALAYAN QU,EXPRESS,REVIEW,0.650,NUMBER_RANGE,14095,2,29,{LIKELY_TRUNCATED}
HIMGIRI EXPR,SUPERFAST,REVIEW,0.700,NUMBER_RANGE,12331,2,64,{LIKELY_TRUNCATED}
HISAR LUDHIN,PASSENGER,REVIEW,0.600,NUMBER_RANGE,54635,1,28,{LIKELY_TRUNCATED}
HJP-BHBR PAS,PASSENGER,REVIEW,0.600,NUMBER_RANGE,55541,1,28,{LIKELY_TRUNCATED}
HJP-BJU PASS,PASSENGER,REVIEW,0.600,NUMBER_RANGE,55550,1,18,{LIKELY_TRUNCATED}
HJP-KIR PASS,PASSENGER,REVIEW,0.600,NUMBER_RANGE,55540,1,43,{LIKELY_TRUNCATED}
HLZ - ASANSO,EXPRESS,REVIEW,0.650,NUMBER_RANGE,13501,1,18,{LIKELY_TRUNCATED}
HLZ HWH  LOC,PASSENGER,REVIEW,0.550,NUMBER_RANGE,38056,1,20,{LIKELY_TRUNCATED}
HLZ HWH LOCA,PASSENGER,REVIEW,0.550,NUMBER_RANGE,38052,2,52,{LIKELY_TRUNCATED}
HLZ PKU LOCA,PASSENGER,REVIEW,0.550,NUMBER_RANGE,38054,1,14,{LIKELY_TRUNCATED}
HLZ-ANVT EXP,SUPERFAST,REVIEW,0.700,NUMBER_RANGE,12443,1,14,{LIKELY_TRUNCATED}
HLZ-MAS WEEK,SUPERFAST,REVIEW,0.700,NUMBER_RANGE,22614,1,15,{LIKELY_TRUNCATED}
HMBD-BIDR DE,PASSENGER,REVIEW,0.600,NUMBER_RANGE,77654,1,4,{LIKELY_TRUNCATED}
HNB BT LOCAL,PASSENGER,REVIEW,0.550,NUMBER_RANGE,33320,1,19,{LIKELY_TRUNCATED}
HNB-BBDB LOC,PASSENGER,REVIEW,0.550,NUMBER_RANGE,30322,1,34,{LIKELY_TRUNCATED}
HNB-BT LOCAL,PASSENGER,REVIEW,0.550,NUMBER_RANGE,33312,4,76,{LIKELY_TRUNCATED}
HNB-DDJ LOCA,PASSENGER,REVIEW,0.550,NUMBER_RANGE,33282,1,27,{LIKELY_TRUNCATED}
HNB-PPGT LOC,PASSENGER,REVIEW,0.550,NUMBER_RANGE,30324,1,36,{LIKELY_TRUNCATED}
HNB-SDAH LOC,PASSENGER,REVIEW,0.550,NUMBER_RANGE,33512,13,355,{LIKELY_TRUNCATED}
HNZM-HNZM EM,PASSENGER,REVIEW,0.600,NUMBER_RANGE,64091,1,23,{LIKELY_TRUNCATED}
HOOL EXP,SUPERFAST,REVIEW,0.700,NUMBER_RANGE,22321,2,20,{}
HOWRAH GAYA,EXPRESS,REVIEW,0.650,NUMBER_RANGE,13023,1,33,{}
HOWRAH PATNA,SUPERFAST,REVIEW,0.700,NUMBER_RANGE,12023,1,14,{LIKELY_TRUNCATED}
HOWRAH PUNE,SUPERFAST,REVIEW,0.700,NUMBER_RANGE,12130,1,30,{}
HOWRAH RANCH,SUPERFAST,REVIEW,0.700,NUMBER_RANGE,12019,1,10,{LIKELY_TRUNCATED}
HOWRAH YESVA,SUPERFAST,REVIEW,0.700,NUMBER_RANGE,12863,1,35,{LIKELY_TRUNCATED}
HOWRAH-AHMED,SUPERFAST,REVIEW,0.700,NUMBER_RANGE,12834,1,64,{LIKELY_TRUNCATED}
HOWRAH-BARAB,SUPERFAST,REVIEW,0.700,NUMBER_RANGE,12021,1,10,{LIKELY_TRUNCATED}
HOWRAH-CHENN,SUPERFAST,REVIEW,0.700,NUMBER_RANGE,12841,1,15,{LIKELY_TRUNCATED}
HOWRAH-GURAP,PASSENGER,REVIEW,0.550,NUMBER_RANGE,36072,1,18,{LIKELY_TRUNCATED}
HOWRAH-PURI,SUPERFAST,REVIEW,0.700,NUMBER_RANGE,12837,1,14,{}
HPL-HWH LOCA,PASSENGER,REVIEW,0.550,NUMBER_RANGE,37308,1,17,{LIKELY_TRUNCATED}
HPT-SBC FAST,PASSENGER,REVIEW,0.600,NUMBER_RANGE,56910,1,35,{LIKELY_TRUNCATED}
HRF-DLI MEMU,PASSENGER,REVIEW,0.600,NUMBER_RANGE,64581,1,26,{LIKELY_TRUNCATED}
HRF-HRS MEMU,PASSENGER,REVIEW,0.600,NUMBER_RANGE,64585,1,2,{LIKELY_TRUNCATED}
HRI-LKO-HRI,PASSENGER,REVIEW,0.600,NUMBER_RANGE,64222,1,22,{ROUTE_CODE_STYLE}
HRR-CTA PASS,PASSENGER,REVIEW,0.600,NUMBER_RANGE,56518,1,12,{LIKELY_TRUNCATED}
HRR-YPR TRI-,EXPRESS,REVIEW,0.650,NUMBER_RANGE,16578,1,12,{LIKELY_TRUNCATED}
HRS-HRF MEMU,PASSENGER,REVIEW,0.600,NUMBER_RANGE,64586,1,2,{LIKELY_TRUNCATED}
HSDA - BGP P,PASSENGER,REVIEW,0.600,NUMBER_RANGE,53441,2,32,{LIKELY_TRUNCATED}
HSDA-DUMK PA,PASSENGER,REVIEW,0.600,NUMBER_RANGE,53452,1,6,{LIKELY_TRUNCATED}
HSR BDTS S F,SUPERFAST,REVIEW,0.700,NUMBER_RANGE,22916,1,30,{LIKELY_TRUNCATED}
HSR BKN PASS,PASSENGER,REVIEW,0.600,NUMBER_RANGE,74834,1,29,{LIKELY_TRUNCATED}
HSR HW EXP,EXPRESS,REVIEW,0.650,NUMBER_RANGE,14715,1,10,{}
HSR JP PASS,PASSENGER,REVIEW,0.600,NUMBER_RANGE,54834,1,41,{}
HSR JU PASS,PASSENGER,REVIEW,0.600,NUMBER_RANGE,74836,1,49,{}
HSR SDLP RE,PASSENGER,REVIEW,0.600,NUMBER_RANGE,74846,2,56,{}
HSR-ASR PASS,PASSENGER,REVIEW,0.600,NUMBER_RANGE,54601,1,38,{LIKELY_TRUNCATED}
HSR-JIND PAS,PASSENGER,REVIEW,0.600,NUMBER_RANGE,54044,1,40,{LIKELY_TRUNCATED}
HSR-JP PASS.,PASSENGER,REVIEW,0.600,NUMBER_RANGE,59722,1,42,{LIKELY_TRUNCATED}
HSR-LDH PASS,PASSENGER,REVIEW,0.600,NUMBER_RANGE,54603,1,29,{LIKELY_TRUNCATED}
HSR-RE PAS.,PASSENGER,REVIEW,0.600,NUMBER_RANGE,54835,1,21,{ROUTE_CODE_STYLE}
HSRA-YPR DEM,PASSENGER,REVIEW,0.600,NUMBER_RANGE,76524,1,9,{LIKELY_TRUNCATED}
HSX-ASR DMU,PASSENGER,REVIEW,0.600,NUMBER_RANGE,74923,1,18,{ROUTE_CODE_STYLE}
HSX-DLI EXPR,EXPRESS,REVIEW,0.650,NUMBER_RANGE,14012,1,9,{LIKELY_TRUNCATED}
HSX-JUC DMU,PASSENGER,REVIEW,0.600,NUMBER_RANGE,54638,11,77,{ROUTE_CODE_STYLE}
HTE - BNC WE,EXPRESS,REVIEW,0.650,NUMBER_RANGE,18637,1,27,{LIKELY_TRUNCATED}
HTE ANVT EXP,SUPERFAST,REVIEW,0.700,NUMBER_RANGE,12817,1,19,{LIKELY_TRUNCATED}
HTE ERS DHAR,SUPERFAST,REVIEW,0.700,NUMBER_RANGE,22837,1,28,{LIKELY_TRUNCATED}
HTE JSG PASS,PASSENGER,REVIEW,0.600,NUMBER_RANGE,58161,1,35,{LIKELY_TRUNCATED}
HTE KGP PASS,PASSENGER,REVIEW,0.600,NUMBER_RANGE,58026,1,44,{LIKELY_TRUNCATED}
HTE LTT EXPR,SUPERFAST,REVIEW,0.700,NUMBER_RANGE,12812,1,18,{LIKELY_TRUNCATED}
HTE PUNE EXP,SUPERFAST,REVIEW,0.700,NUMBER_RANGE,22846,1,19,{LIKELY_TRUNCATED}
HTE TATA PAS,PASSENGER,REVIEW,0.600,NUMBER_RANGE,58662,1,29,{LIKELY_TRUNCATED}
HTE-ANVT EXP,SUPERFAST,REVIEW,0.700,NUMBER_RANGE,12873,1,21,{LIKELY_TRUNCATED}
HTE-BOA PASS,PASSENGER,REVIEW,0.600,NUMBER_RANGE,58164,1,23,{LIKELY_TRUNCATED}
HTE-HWH KRIY,EXPRESS,REVIEW,0.650,NUMBER_RANGE,18616,1,17,{LIKELY_TRUNCATED}
HTE-PNBE EXP,EXPRESS,REVIEW,0.650,NUMBER_RANGE,18626,1,21,{LIKELY_TRUNCATED}
HTE-PURI TAP,EXPRESS,REVIEW,0.650,NUMBER_RANGE,18451,1,24,{LIKELY_TRUNCATED}
HTE-ROU PASS,PASSENGER,REVIEW,0.600,NUMBER_RANGE,58659,1,21,{LIKELY_TRUNCATED}
HTE-YPR  BI-,SUPERFAST,REVIEW,0.700,NUMBER_RANGE,12835,1,24,{LIKELY_TRUNCATED}
HUNDRY EXPRE,EXPRESS,REVIEW,0.650,NUMBER_RANGE,17027,2,26,{LIKELY_TRUNCATED}
HUP GTL PASS,PASSENGER,REVIEW,0.600,NUMBER_RANGE,77419,1,21,{LIKELY_TRUNCATED}
HUP PASS,PASSENGER,REVIEW,0.600,NUMBER_RANGE,77418,1,22,{}
HUP-SBC PASS,PASSENGER,REVIEW,0.600,NUMBER_RANGE,66524,1,16,{LIKELY_TRUNCATED}
HUTATMA EXPR,SUPERFAST,REVIEW,0.700,NUMBER_RANGE,12157,2,8,{LIKELY_TRUNCATED}
HW - LTT SUP,SUPERFAST,REVIEW,0.700,NUMBER_RANGE,12172,1,12,{LIKELY_TRUNCATED}
HW - RKSH PA,PASSENGER,REVIEW,0.600,NUMBER_RANGE,54481,1,5,{LIKELY_TRUNCATED}
HW ALD EXP,EXPRESS,REVIEW,0.650,NUMBER_RANGE,14116,1,15,{}
HW BDTS SF E,SUPERFAST,REVIEW,0.700,NUMBER_RANGE,22918,1,26,{LIKELY_TRUNCATED}
HW BKN EXP,EXPRESS,REVIEW,0.650,NUMBER_RANGE,14718,1,14,{}
HW BL SUP EX,SUPERFAST,REVIEW,0.700,NUMBER_RANGE,12912,1,16,{LIKELY_TRUNCATED}
HW HSR EXP,EXPRESS,REVIEW,0.650,NUMBER_RANGE,14716,1,10,{}
HW HWH S F E,SUPERFAST,REVIEW,0.700,NUMBER_RANGE,12370,1,20,{LIKELY_TRUNCATED}
HW SGNR EXP,EXPRESS,REVIEW,0.650,NUMBER_RANGE,14711,1,21,{}
HW-ASR EXP,SUPERFAST,REVIEW,0.700,NUMBER_RANGE,12053,1,11,{ROUTE_CODE_STYLE}
HW-RKSH PASS,PASSENGER,REVIEW,0.600,NUMBER_RANGE,54483,2,10,{LIKELY_TRUNCATED}
HW-RMR EXP,EXPRESS,REVIEW,0.650,NUMBER_RANGE,15033,1,8,{ROUTE_CODE_STYLE}
HWH  PURI  P,PASSENGER,REVIEW,0.600,NUMBER_RANGE,58001,1,91,{LIKELY_TRUNCATED}
HWH - AMTA L,PASSENGER,REVIEW,0.550,NUMBER_RANGE,38905,1,21,{LIKELY_TRUNCATED}
HWH - AZ PAS,PASSENGER,REVIEW,0.600,NUMBER_RANGE,53001,1,42,{LIKELY_TRUNCATED}
HWH - BDC LO,PASSENGER,REVIEW,0.550,NUMBER_RANGE,37217,9,153,{LIKELY_TRUNCATED}
HWH - BWN (C,PASSENGER,REVIEW,0.550,NUMBER_RANGE,36831,13,353,{LIKELY_TRUNCATED}
HWH - BWN LO,PASSENGER,REVIEW,0.550,NUMBER_RANGE,37821,12,320,{LIKELY_TRUNCATED}
HWH - BWN NO,PASSENGER,REVIEW,0.550,NUMBER_RANGE,37857,1,34,{LIKELY_TRUNCATED}
HWH - BWN(CH,PASSENGER,REVIEW,0.550,NUMBER_RANGE,36825,2,55,{LIKELY_TRUNCATED}
HWH - HPL LO,PASSENGER,REVIEW,0.550,NUMBER_RANGE,37307,1,17,{LIKELY_TRUNCATED}
HWH - KATWA,PASSENGER,REVIEW,0.550,NUMBER_RANGE,37917,6,217,{}
HWH - KIG SU,PASSENGER,REVIEW,0.550,NUMBER_RANGE,38601,1,20,{LIKELY_TRUNCATED}
HWH - KWAE L,PASSENGER,REVIEW,0.550,NUMBER_RANGE,37913,2,74,{LIKELY_TRUNCATED}
HWH - MDN LO,PASSENGER,REVIEW,0.550,NUMBER_RANGE,38815,1,34,{LIKELY_TRUNCATED}
HWH - MYM LO,PASSENGER,REVIEW,0.550,NUMBER_RANGE,37653,2,56,{LIKELY_TRUNCATED}
HWH - NJP SH,SUPERFAST,REVIEW,0.700,NUMBER_RANGE,12041,1,7,{LIKELY_TRUNCATED}
HWH - TAK LO,PASSENGER,REVIEW,0.550,NUMBER_RANGE,37315,3,63,{LIKELY_TRUNCATED}
HWH - YPR WE,SUPERFAST,REVIEW,0.700,NUMBER_RANGE,12245,1,6,{LIKELY_TRUNCATED}
HWH ADRA SHI,PASSENGER,REVIEW,0.600,NUMBER_RANGE,58015,1,28,{LIKELY_TRUNCATED}
HWH AMZ LOCA,PASSENGER,REVIEW,0.550,NUMBER_RANGE,38909,1,21,{LIKELY_TRUNCATED}
HWH ANVT BI-,SUPERFAST,REVIEW,0.700,NUMBER_RANGE,12323,1,9,{LIKELY_TRUNCATED}
HWH BCK LOCA,PASSENGER,REVIEW,0.550,NUMBER_RANGE,38501,1,29,{LIKELY_TRUNCATED}
HWH BKSC PAS,PASSENGER,REVIEW,0.600,NUMBER_RANGE,58013,1,12,{LIKELY_TRUNCATED}
HWH BLGT EXP,EXPRESS,REVIEW,0.650,NUMBER_RANGE,13063,1,12,{LIKELY_TRUNCATED}
HWH BZA HUMS,EXPRESS,REVIEW,0.650,NUMBER_RANGE,20889,1,8,{LIKELY_TRUNCATED}
HWH CSMT MAI,SUPERFAST,REVIEW,0.700,NUMBER_RANGE,12810,1,42,{LIKELY_TRUNCATED}
HWH DLIKLK M,SUPERFAST,REVIEW,0.700,NUMBER_RANGE,12311,1,39,{LIKELY_TRUNCATED}
HWH HLZ LOCA,PASSENGER,REVIEW,0.550,NUMBER_RANGE,38051,3,93,{LIKELY_TRUNCATED}
HWH HYB EAST,EXPRESS,REVIEW,0.650,NUMBER_RANGE,18645,1,59,{LIKELY_TRUNCATED}
HWH JER MEMU,PASSENGER,REVIEW,0.600,NUMBER_RANGE,68007,1,43,{LIKELY_TRUNCATED}
HWH JMP EXPR,EXPRESS,REVIEW,0.650,NUMBER_RANGE,13071,1,21,{LIKELY_TRUNCATED}
HWH JSM SF E,SUPERFAST,REVIEW,0.700,NUMBER_RANGE,12371,1,29,{LIKELY_TRUNCATED}
HWH KGP LOCA,PASSENGER,REVIEW,0.550,NUMBER_RANGE,38701,3,84,{LIKELY_TRUNCATED}
HWH LKU EXP,SUPERFAST,REVIEW,0.700,NUMBER_RANGE,12353,1,18,{}
HWH MCA LOCA,PASSENGER,REVIEW,0.550,NUMBER_RANGE,38303,2,41,{LIKELY_TRUNCATED}
HWH MDN,PASSENGER,REVIEW,0.550,NUMBER_RANGE,38821,1,19,{}
HWH MDN LOCA,PASSENGER,REVIEW,0.550,NUMBER_RANGE,38803,7,239,{LIKELY_TRUNCATED}
HWH MDN OCAL,PASSENGER,REVIEW,0.550,NUMBER_RANGE,38805,1,37,{LIKELY_TRUNCATED}
HWH MLDT INT,EXPRESS,REVIEW,0.650,NUMBER_RANGE,13011,1,18,{LIKELY_TRUNCATED}
HWH MUMBAI M,SUPERFAST,REVIEW,0.700,NUMBER_RANGE,12321,1,48,{LIKELY_TRUNCATED}
HWH NDLS DUR,SUPERFAST,REVIEW,0.700,NUMBER_RANGE,12273,1,6,{LIKELY_TRUNCATED}
HWH NJP AC E,SUPERFAST,REVIEW,0.700,NUMBER_RANGE,22309,1,8,{LIKELY_TRUNCATED}
HWH PBR  OKH,SUPERFAST,REVIEW,0.700,NUMBER_RANGE,12906,1,30,{LIKELY_TRUNCATED}
HWH PKU LOCA,PASSENGER,REVIEW,0.550,NUMBER_RANGE,38401,16,387,{LIKELY_TRUNCATED}
HWH PRR EXPR,SUPERFAST,REVIEW,0.700,NUMBER_RANGE,12827,1,14,{LIKELY_TRUNCATED}
HWH RPH EXP,SUPERFAST,REVIEW,0.700,NUMBER_RANGE,12347,1,9,{}
HWH RXL EXPR,EXPRESS,REVIEW,0.650,NUMBER_RANGE,13043,1,19,{LIKELY_TRUNCATED}
HWH SURI EXP,EXPRESS,REVIEW,0.650,NUMBER_RANGE,13053,1,6,{LIKELY_TRUNCATED}
HWH ULB LOCA,PASSENGER,REVIEW,0.550,NUMBER_RANGE,38103,2,27,{LIKELY_TRUNCATED}
HWH- BWN LOC,PASSENGER,REVIEW,0.550,NUMBER_RANGE,36819,3,87,{LIKELY_TRUNCATED}
HWH- BWN M/L,PASSENGER,REVIEW,0.550,NUMBER_RANGE,37811,3,64,{LIKELY_TRUNCATED}
HWH- JYG PAS,PASSENGER,REVIEW,0.600,NUMBER_RANGE,53041,1,118,{LIKELY_TRUNCATED}
HWH- SHE LOC,PASSENGER,REVIEW,0.550,NUMBER_RANGE,37057,1,10,{LIKELY_TRUNCATED}
HWH-ADRA CKP,PASSENGER,REVIEW,0.600,NUMBER_RANGE,58011,1,45,{LIKELY_TRUNCATED}
HWH-AMBG LOC,PASSENGER,REVIEW,0.550,NUMBER_RANGE,37367,1,23,{LIKELY_TRUNCATED}
HWH-AMZ LOCA,PASSENGER,REVIEW,0.550,NUMBER_RANGE,38923,1,21,{LIKELY_TRUNCATED}
HWH-ANVT YUV,SUPERFAST,REVIEW,0.700,NUMBER_RANGE,12249,1,7,{LIKELY_TRUNCATED}
HWH-ARAMBAGH,PASSENGER,REVIEW,0.550,NUMBER_RANGE,37361,3,69,{LIKELY_TRUNCATED}
HWH-BBS JAN,SUPERFAST,REVIEW,0.700,NUMBER_RANGE,12073,1,9,{ROUTE_CODE_STYLE}
HWH-BBS-PURI,SUPERFAST,REVIEW,0.700,NUMBER_RANGE,12821,1,15,{LIKELY_TRUNCATED}
HWH-BDC LOCA,PASSENGER,REVIEW,0.550,NUMBER_RANGE,37211,32,544,{LIKELY_TRUNCATED}
HWH-BELURMAT,PASSENGER,REVIEW,0.550,NUMBER_RANGE,37111,1,2,{LIKELY_TRUNCATED}
HWH-BHC PASS,PASSENGER,REVIEW,0.600,NUMBER_RANGE,58003,1,38,{LIKELY_TRUNCATED}
HWH-BHP KAVI,EXPRESS,REVIEW,0.650,NUMBER_RANGE,13015,1,5,{LIKELY_TRUNCATED}
HWH-BRMH LOC,PASSENGER,REVIEW,0.550,NUMBER_RANGE,37113,5,10,{LIKELY_TRUNCATED}
HWH-BRPA LOC,PASSENGER,REVIEW,0.550,NUMBER_RANGE,36011,1,9,{LIKELY_TRUNCATED}
HWH-BWN CHOR,PASSENGER,REVIEW,0.550,NUMBER_RANGE,36829,1,29,{LIKELY_TRUNCATED}
HWH-BWN LOCA,PASSENGER,REVIEW,0.550,NUMBER_RANGE,36811,12,363,{LIKELY_TRUNCATED}
HWH-BWN MAIN,PASSENGER,REVIEW,0.550,NUMBER_RANGE,37855,1,34,{LIKELY_TRUNCATED}
HWH-CAPE EXP,SUPERFAST,REVIEW,0.700,NUMBER_RANGE,12665,1,32,{LIKELY_TRUNCATED}
HWH-CDAE LOC,PASSENGER,REVIEW,0.550,NUMBER_RANGE,36031,4,56,{LIKELY_TRUNCATED}
HWH-CSMT,SUPERFAST,REVIEW,0.700,NUMBER_RANGE,12859,1,27,{ROUTE_CODE_STYLE}
HWH-CSMT DUR,SUPERFAST,REVIEW,0.700,NUMBER_RANGE,12262,1,7,{LIKELY_TRUNCATED}
HWH-CSMT GEE,SUPERFAST,REVIEW,0.700,NUMBER_RANGE,12860,1,26,{LIKELY_TRUNCATED}
HWH-CSTM WEE,SUPERFAST,REVIEW,0.700,NUMBER_RANGE,12870,1,19,{LIKELY_TRUNCATED}
HWH-DBG EXPR,EXPRESS,REVIEW,0.650,NUMBER_RANGE,15235,1,11,{LIKELY_TRUNCATED}
HWH-DGHA KAN,SUPERFAST,REVIEW,0.700,NUMBER_RANGE,22897,1,9,{LIKELY_TRUNCATED}
HWH-DGHA SUP,SUPERFAST,REVIEW,0.700,NUMBER_RANGE,12847,1,5,{LIKELY_TRUNCATED}
HWH-ERS ANTY,SUPERFAST,REVIEW,0.700,NUMBER_RANGE,22877,1,24,{LIKELY_TRUNCATED}
HWH-GOGT LOC,PASSENGER,REVIEW,0.550,NUMBER_RANGE,37371,3,69,{LIKELY_TRUNCATED}
HWH-GRAE LOC,PASSENGER,REVIEW,0.550,NUMBER_RANGE,36071,1,18,{LIKELY_TRUNCATED}
HWH-GTS MEMU,PASSENGER,REVIEW,0.600,NUMBER_RANGE,68003,1,23,{LIKELY_TRUNCATED}
HWH-HTE KRII,EXPRESS,REVIEW,0.650,NUMBER_RANGE,18615,1,17,{LIKELY_TRUNCATED}
HWH-JDB EXPR,EXPRESS,REVIEW,0.650,NUMBER_RANGE,18005,1,48,{LIKELY_TRUNCATED}
HWH-JU EXP,SUPERFAST,REVIEW,0.700,NUMBER_RANGE,12307,1,28,{ROUTE_CODE_STYLE}
HWH-KGP EMU,PASSENGER,REVIEW,0.550,NUMBER_RANGE,38703,1,34,{ROUTE_CODE_STYLE}
HWH-KGP LOCA,PASSENGER,REVIEW,0.550,NUMBER_RANGE,38705,3,98,{LIKELY_TRUNCATED}
HWH-KIR EXP,EXPRESS,REVIEW,0.650,NUMBER_RANGE,13033,1,49,{ROUTE_CODE_STYLE}
HWH-KIR EXPR,EXPRESS,REVIEW,0.650,NUMBER_RANGE,15711,1,11,{LIKELY_TRUNCATED}
HWH-KWAE LOC,PASSENGER,REVIEW,0.550,NUMBER_RANGE,37911,1,44,{LIKELY_TRUNCATED}
HWH-LTT SAMR,SUPERFAST,REVIEW,0.700,NUMBER_RANGE,12152,1,23,{LIKELY_TRUNCATED}
HWH-MAS MAIL,SUPERFAST,REVIEW,0.700,NUMBER_RANGE,12839,1,35,{LIKELY_TRUNCATED}
HWH-MCA LOCA,PASSENGER,REVIEW,0.550,NUMBER_RANGE,38321,1,20,{LIKELY_TRUNCATED}
HWH-MDN LOCA,PASSENGER,REVIEW,0.550,NUMBER_RANGE,38801,6,163,{LIKELY_TRUNCATED}
HWH-MFP JANS,EXPRESS,REVIEW,0.650,NUMBER_RANGE,15272,1,12,{LIKELY_TRUNCATED}
HWH-MKA PASS,PASSENGER,REVIEW,0.600,NUMBER_RANGE,53049,1,53,{LIKELY_TRUNCATED}
HWH-MSAE LOC,PASSENGER,REVIEW,0.550,NUMBER_RANGE,36081,3,70,{LIKELY_TRUNCATED}
HWH-MSAELOCA,PASSENGER,REVIEW,0.550,NUMBER_RANGE,36087,1,24,{LIKELY_TRUNCATED}
HWH-MYM LOCA,PASSENGER,REVIEW,0.550,NUMBER_RANGE,37651,2,46,{LIKELY_TRUNCATED}
HWH-MYS SF E,SUPERFAST,REVIEW,0.700,NUMBER_RANGE,22817,1,21,{LIKELY_TRUNCATED}
HWH-PDA LOCA,PASSENGER,REVIEW,0.550,NUMBER_RANGE,37611,1,20,{LIKELY_TRUNCATED}
HWH-PDY WEEK,SUPERFAST,REVIEW,0.700,NUMBER_RANGE,12867,1,17,{LIKELY_TRUNCATED}
HWH-PKU LOCA,PASSENGER,REVIEW,0.550,NUMBER_RANGE,38411,3,73,{LIKELY_TRUNCATED}
HWH-PRR LALM,SUPERFAST,REVIEW,0.700,NUMBER_RANGE,12865,1,9,{LIKELY_TRUNCATED}
HWH-PUNE DUR,SUPERFAST,REVIEW,0.700,NUMBER_RANGE,12222,1,8,{LIKELY_TRUNCATED}
HWH-PURI GAR,SUPERFAST,REVIEW,0.700,NUMBER_RANGE,12881,1,9,{LIKELY_TRUNCATED}
HWH-PURI S/F,SUPERFAST,REVIEW,0.700,NUMBER_RANGE,12887,1,10,{LIKELY_TRUNCATED}
HWH-PURI SHA,SUPERFAST,REVIEW,0.700,NUMBER_RANGE,12277,1,8,{LIKELY_TRUNCATED}
HWH-PURI WEE,SUPERFAST,REVIEW,0.700,NUMBER_RANGE,12895,1,10,{LIKELY_TRUNCATED}
HWH-RGD PASS,PASSENGER,REVIEW,0.600,NUMBER_RANGE,53043,1,83,{LIKELY_TRUNCATED}
HWH-RNC INTE,SUPERFAST,REVIEW,0.700,NUMBER_RANGE,22891,1,14,{LIKELY_TRUNCATED}
HWH-SBP S/F,SUPERFAST,REVIEW,0.700,NUMBER_RANGE,22803,1,11,{ROUTE_CODE_STYLE}
HWH-SC FALAK,SUPERFAST,REVIEW,0.700,NUMBER_RANGE,12703,1,26,{LIKELY_TRUNCATED}
HWH-SHE LOCA,PASSENGER,REVIEW,0.550,NUMBER_RANGE,37041,10,100,{LIKELY_TRUNCATED}
HWH-SHRIRAMP,PASSENGER,REVIEW,0.550,NUMBER_RANGE,37017,3,27,{LIKELY_TRUNCATED}
HWH-SIU LOCA,PASSENGER,REVIEW,0.550,NUMBER_RANGE,37303,1,13,{LIKELY_TRUNCATED}
HWH-SNSI EXP,SUPERFAST,REVIEW,0.700,NUMBER_RANGE,22894,1,16,{LIKELY_TRUNCATED}
HWH-SRI SATY,SUPERFAST,REVIEW,0.700,NUMBER_RANGE,22831,1,19,{LIKELY_TRUNCATED}
HWH-SRP LOCA,PASSENGER,REVIEW,0.550,NUMBER_RANGE,37011,2,18,{LIKELY_TRUNCATED}
HWH-TAK LOCA,PASSENGER,REVIEW,0.550,NUMBER_RANGE,37311,18,378,{LIKELY_TRUNCATED}
HWH-TATA STE,SUPERFAST,REVIEW,0.700,NUMBER_RANGE,12813,1,8,{LIKELY_TRUNCATED}
HWH-TIG ISPA,SUPERFAST,REVIEW,0.700,NUMBER_RANGE,12871,1,31,{LIKELY_TRUNCATED}
HWH-TPJ EXPR,SUPERFAST,REVIEW,0.700,NUMBER_RANGE,12663,1,24,{LIKELY_TRUNCATED}
HWH-VSGAMARA,EXPRESS,REVIEW,0.650,NUMBER_RANGE,18047,1,44,{LIKELY_TRUNCATED}
HWH-YPR WEEK,SUPERFAST,REVIEW,0.700,NUMBER_RANGE,22863,1,12,{LIKELY_TRUNCATED}
HWH-YPR-HWH,SUPERFAST,REVIEW,0.700,NUMBER_RANGE,22887,1,19,{ROUTE_CODE_STYLE}
HX-AJJ PASSR,PASSENGER,REVIEW,0.600,NUMBER_RANGE,56012,1,27,{LIKELY_TRUNCATED}
HX-NDL DEMU,PASSENGER,REVIEW,0.600,NUMBER_RANGE,77402,2,24,{ROUTE_CODE_STYLE}
HX-PDMI,PASSENGER,REVIEW,0.600,NUMBER_RANGE,77405,1,3,{ROUTE_CODE_STYLE}
HYB PASS,PASSENGER,REVIEW,0.600,NUMBER_RANGE,57548,1,47,{}
HYB-AII EXP,SUPERFAST,REVIEW,0.700,NUMBER_RANGE,12720,1,21,{ROUTE_CODE_STYLE}
HYB-AWB PASS,PASSENGER,REVIEW,0.600,NUMBER_RANGE,57549,1,59,{LIKELY_TRUNCATED}
HYB-BJP PASS,PASSENGER,REVIEW,0.600,NUMBER_RANGE,57130,1,53,{LIKELY_TRUNCATED}
HYB-CSMT HUS,SUPERFAST,REVIEW,0.700,NUMBER_RANGE,12702,1,17,{LIKELY_TRUNCATED}
HYB-CSMT MUM,EXPRESS,REVIEW,0.650,NUMBER_RANGE,17032,1,26,{LIKELY_TRUNCATED}
HYB-FM,PASSENGER,REVIEW,0.550,NUMBER_RANGE,47208,2,34,{ROUTE_CODE_STYLE}
HYB-GR INTER,EXPRESS,REVIEW,0.650,NUMBER_RANGE,11308,1,7,{LIKELY_TRUNCATED}
HYB-GTL-VSG,EXPRESS,REVIEW,0.650,NUMBER_RANGE,17021,1,9,{ROUTE_CODE_STYLE}
HYB-HWH EAST,EXPRESS,REVIEW,0.650,NUMBER_RANGE,18646,1,61,{LIKELY_TRUNCATED}
HYB-JP EXP,EXPRESS,REVIEW,0.650,NUMBER_RANGE,17020,1,34,{ROUTE_CODE_STYLE}
HYB-KCVL SAB,EXPRESS,REVIEW,0.650,NUMBER_RANGE,17230,1,43,{LIKELY_TRUNCATED}
HYB-KOP EXPR,EXPRESS,REVIEW,0.650,NUMBER_RANGE,11303,1,38,{LIKELY_TRUNCATED}
HYB-LPI,PASSENGER,REVIEW,0.550,NUMBER_RANGE,47100,29,377,{ROUTE_CODE_STYLE}
HYB-MAS CHAR,SUPERFAST,REVIEW,0.700,NUMBER_RANGE,12760,1,17,{LIKELY_TRUNCATED}
HYB-NS EXP,EXPRESS,REVIEW,0.650,NUMBER_RANGE,17256,1,21,{ROUTE_CODE_STYLE}
HYB-NZM DAKS,SUPERFAST,REVIEW,0.700,NUMBER_RANGE,12721,1,46,{LIKELY_TRUNCATED}
HYB-PBN PASS,PASSENGER,REVIEW,0.600,NUMBER_RANGE,57563,1,45,{LIKELY_TRUNCATED}
HYB-PUNE EXP,EXPRESS,REVIEW,0.650,NUMBER_RANGE,17014,1,15,{LIKELY_TRUNCATED}
HYB-SC,PASSENGER,REVIEW,0.550,NUMBER_RANGE,47206,1,17,{ROUTE_CODE_STYLE}
HYB-SKZR-INT,EXPRESS,REVIEW,0.650,NUMBER_RANGE,17011,1,21,{LIKELY_TRUNCATED}
HYB-TDU PASS,PASSENGER,REVIEW,0.600,NUMBER_RANGE,57517,1,15,{LIKELY_TRUNCATED}
HYB-VSKP GOD,SUPERFAST,REVIEW,0.700,NUMBER_RANGE,12728,1,21,{LIKELY_TRUNCATED}
HYDERABAD EX,SUPERFAST,REVIEW,0.700,NUMBER_RANGE,12603,1,22,{LIKELY_TRUNCATED}
HZD-GAYA MEM,PASSENGER,REVIEW,0.600,NUMBER_RANGE,63549,1,22,{LIKELY_TRUNCATED}
IAA-DIT RAIL,PASSENGER,REVIEW,0.600,NUMBER_RANGE,72203,3,18,{LIKELY_TRUNCATED}
IAA-DIT RIAL,PASSENGER,REVIEW,0.600,NUMBER_RANGE,72205,1,6,{LIKELY_TRUNCATED}
IDH-BKI DMU,PASSENGER,REVIEW,0.600,NUMBER_RANGE,71907,1,22,{ROUTE_CODE_STYLE}
IDH-BKI SHUT,PASSENGER,REVIEW,0.600,NUMBER_RANGE,71903,1,22,{LIKELY_TRUNCATED}
IDH-BRTP SHU,PASSENGER,REVIEW,0.600,NUMBER_RANGE,71901,1,8,{LIKELY_TRUNCATED}
IDH-BTE SHUT,PASSENGER,REVIEW,0.600,NUMBER_RANGE,71905,1,8,{LIKELY_TRUNCATED}
IGP MMR SHUT,PASSENGER,REVIEW,0.600,NUMBER_RANGE,51423,1,15,{LIKELY_TRUNCATED}
IND AMRITSAR,EXPRESS,REVIEW,0.650,NUMBER_RANGE,19325,1,24,{LIKELY_TRUNCATED}
IND DDN EXPR,EXPRESS,REVIEW,0.650,NUMBER_RANGE,14317,1,30,{LIKELY_TRUNCATED}
IND MKC PASS,PASSENGER,REVIEW,0.600,NUMBER_RANGE,59379,1,7,{LIKELY_TRUNCATED}
IND NZM EXPR,SUPERFAST,REVIEW,0.700,NUMBER_RANGE,12415,1,23,{LIKELY_TRUNCATED}
IND PUNE EXP,SUPERFAST,REVIEW,0.700,NUMBER_RANGE,22944,1,17,{LIKELY_TRUNCATED}
IND-BE EXPRE,EXPRESS,REVIEW,0.650,NUMBER_RANGE,14319,1,19,{LIKELY_TRUNCATED}
IND-GWL EXP,EXPRESS,REVIEW,0.650,NUMBER_RANGE,11125,1,11,{ROUTE_CODE_STYLE}
IND-JBP OVER,SUPERFAST,REVIEW,0.700,NUMBER_RANGE,22191,1,19,{LIKELY_TRUNCATED}
INDB - BCT A,SUPERFAST,REVIEW,0.700,NUMBER_RANGE,12962,1,19,{LIKELY_TRUNCATED}
INDB - NAD P,PASSENGER,REVIEW,0.600,NUMBER_RANGE,59388,1,17,{LIKELY_TRUNCATED}
INDB DADN DE,PASSENGER,REVIEW,0.600,NUMBER_RANGE,79312,2,12,{LIKELY_TRUNCATED}
INDB DADN DM,PASSENGER,REVIEW,0.600,NUMBER_RANGE,79308,1,6,{LIKELY_TRUNCATED}
INDB INTERCI,EXPRESS,REVIEW,0.650,NUMBER_RANGE,19324,1,7,{LIKELY_TRUNCATED}
INDB JAT SF,SUPERFAST,REVIEW,0.700,NUMBER_RANGE,22941,1,16,{}
INDB JP SF E,SUPERFAST,REVIEW,0.700,NUMBER_RANGE,12973,1,8,{LIKELY_TRUNCATED}
INDB KCVL EX,EXPRESS,REVIEW,0.650,NUMBER_RANGE,19332,1,32,{LIKELY_TRUNCATED}
INDB MHOW DE,PASSENGER,REVIEW,0.600,NUMBER_RANGE,79319,3,18,{LIKELY_TRUNCATED}
INDB NAGPUR,SUPERFAST,REVIEW,0.700,NUMBER_RANGE,12923,1,12,{}
INDB PUNE EX,EXPRESS,REVIEW,0.650,NUMBER_RANGE,19312,1,17,{LIKELY_TRUNCATED}
INDB RJPB  E,EXPRESS,REVIEW,0.650,NUMBER_RANGE,19313,1,17,{LIKELY_TRUNCATED}
INDB RJPB EX,EXPRESS,REVIEW,0.650,NUMBER_RANGE,19321,1,17,{LIKELY_TRUNCATED}
INDB UJN PAS,PASSENGER,REVIEW,0.600,NUMBER_RANGE,59307,1,10,{LIKELY_TRUNCATED}
INDB-BSP NAR,EXPRESS,REVIEW,0.650,NUMBER_RANGE,18233,1,72,{LIKELY_TRUNCATED}
INDB-JBP INT,EXPRESS,REVIEW,0.650,NUMBER_RANGE,11702,1,16,{LIKELY_TRUNCATED}
INDB-MHOW DE,PASSENGER,REVIEW,0.600,NUMBER_RANGE,79325,1,6,{LIKELY_TRUNCATED}
INDB-REWA EX,EXPRESS,REVIEW,0.650,NUMBER_RANGE,11704,1,20,{LIKELY_TRUNCATED}
INDORE BHIND,EXPRESS,REVIEW,0.650,NUMBER_RANGE,21125,1,17,{LIKELY_TRUNCATED}
INDORE DURON,SUPERFAST,REVIEW,0.700,NUMBER_RANGE,12227,1,5,{LIKELY_TRUNCATED}
INDORE EXPRE,EXPRESS,REVIEW,0.650,NUMBER_RANGE,19314,1,17,{LIKELY_TRUNCATED}
INDORE GNC E,EXPRESS,REVIEW,0.650,NUMBER_RANGE,19310,1,19,{LIKELY_TRUNCATED}
INDRAYANI EX,SUPERFAST,REVIEW,0.700,NUMBER_RANGE,22105,2,15,{LIKELY_TRUNCATED}
INTER CITY E,EXPRESS,REVIEW,0.650,NUMBER_RANGE,15603,2,70,{LIKELY_TRUNCATED}
IPR - PNBE D,PASSENGER,REVIEW,0.600,NUMBER_RANGE,73261,1,12,{LIKELY_TRUNCATED}
IPR- FUT PAS,PASSENGER,REVIEW,0.600,NUMBER_RANGE,53207,1,5,{LIKELY_TRUNCATED}
IPR-PNBE DEM,PASSENGER,REVIEW,0.600,NUMBER_RANGE,73263,1,12,{LIKELY_TRUNCATED}
ISLAMPUR-PAT,EXPRESS,REVIEW,0.650,NUMBER_RANGE,18695,1,8,{LIKELY_TRUNCATED}
ITR  TATA PA,PASSENGER,REVIEW,0.600,NUMBER_RANGE,58112,1,109,{LIKELY_TRUNCATED}
ITR - TRDI L,PASSENGER,REVIEW,0.600,NUMBER_RANGE,58815,1,20,{LIKELY_TRUNCATED}
ITR NAB PASS,PASSENGER,REVIEW,0.600,NUMBER_RANGE,58877,1,17,{LIKELY_TRUNCATED}
ITR- RTK LOC,PASSENGER,REVIEW,0.600,NUMBER_RANGE,58812,2,14,{LIKELY_TRUNCATED}
ITR-G LOCAL,PASSENGER,REVIEW,0.600,NUMBER_RANGE,68714,1,17,{}
ITR-G MEMU,PASSENGER,REVIEW,0.600,NUMBER_RANGE,68744,1,17,{}
ITR-G MEMU L,PASSENGER,REVIEW,0.600,NUMBER_RANGE,68716,1,17,{LIKELY_TRUNCATED}
ITR-NAB PASS,PASSENGER,REVIEW,0.600,NUMBER_RANGE,58843,3,51,{LIKELY_TRUNCATED}
ITR-R PASSEN,PASSENGER,REVIEW,0.600,NUMBER_RANGE,58206,1,43,{LIKELY_TRUNCATED}
IZN-PBE PASS,PASSENGER,REVIEW,0.600,NUMBER_RANGE,55363,1,9,{LIKELY_TRUNCATED}
J-SNSI,PASSENGER,REVIEW,0.600,NUMBER_RANGE,77657,1,19,{}
JAB-BXN PASS,PASSENGER,REVIEW,0.600,NUMBER_RANGE,59358,1,16,{LIKELY_TRUNCATED}
JAB-KOTA PAS,PASSENGER,REVIEW,0.600,NUMBER_RANGE,59814,1,41,{LIKELY_TRUNCATED}
JAB-KOTA-RTM,PASSENGER,REVIEW,0.600,NUMBER_RANGE,59812,1,71,{LIKELY_TRUNCATED}
JAIPUR DURON,SUPERFAST,REVIEW,0.700,NUMBER_RANGE,12239,1,5,{LIKELY_TRUNCATED}
JAIPUR EXP,SUPERFAST,REVIEW,0.700,NUMBER_RANGE,12967,1,32,{}
JAIPUR EXPRE,EXPRESS,REVIEW,0.650,NUMBER_RANGE,19573,1,20,{LIKELY_TRUNCATED}
JAIPUR NAGPU,EXPRESS,REVIEW,0.650,NUMBER_RANGE,11204,1,28,{LIKELY_TRUNCATED}
JAIPUR PASSE,PASSENGER,REVIEW,0.600,NUMBER_RANGE,54805,1,86,{LIKELY_TRUNCATED}
JAJ - ASN PG,PASSENGER,REVIEW,0.600,NUMBER_RANGE,63568,1,20,{LIKELY_TRUNCATED}
JAJ - GAYA P,PASSENGER,REVIEW,0.600,NUMBER_RANGE,53623,1,20,{LIKELY_TRUNCATED}
JAJ - JSME P,PASSENGER,REVIEW,0.600,NUMBER_RANGE,63566,1,5,{LIKELY_TRUNCATED}
JAJ - PNBE,PASSENGER,REVIEW,0.600,NUMBER_RANGE,63211,1,34,{}
JAJ-DBRG EXP,EXPRESS,REVIEW,0.650,NUMBER_RANGE,15941,1,32,{LIKELY_TRUNCATED}
JAJ-PNBE MEM,PASSENGER,REVIEW,0.600,NUMBER_RANGE,63207,2,59,{LIKELY_TRUNCATED}
JAKHAL JIND,PASSENGER,REVIEW,0.600,NUMBER_RANGE,54036,1,35,{}
JALANDER FIR,PASSENGER,REVIEW,0.600,NUMBER_RANGE,74937,1,18,{LIKELY_TRUNCATED}
JALIANWALA B,SUPERFAST,REVIEW,0.700,NUMBER_RANGE,12379,2,30,{LIKELY_TRUNCATED}
JALLIANWALA,EXPRESS,REVIEW,0.650,NUMBER_RANGE,18103,1,25,{}
JALLIANWALAB,EXPRESS,REVIEW,0.650,NUMBER_RANGE,18104,1,25,{LIKELY_TRUNCATED}
JALNA-NAGARS,PASSENGER,REVIEW,0.600,NUMBER_RANGE,77683,2,28,{LIKELY_TRUNCATED}
JAM SVDK EXP,SUPERFAST,REVIEW,0.700,NUMBER_RANGE,12477,1,31,{LIKELY_TRUNCATED}
JAM TEN EXPR,EXPRESS,REVIEW,0.650,NUMBER_RANGE,19578,1,29,{LIKELY_TRUNCATED}
JAMMU GHY EX,EXPRESS,REVIEW,0.650,NUMBER_RANGE,15654,1,43,{LIKELY_TRUNCATED}
JAMMU GKP EX,SUPERFAST,REVIEW,0.700,NUMBER_RANGE,12588,1,18,{LIKELY_TRUNCATED}
JAMMU MAIL,EXPRESS,REVIEW,0.650,NUMBER_RANGE,14033,2,62,{}
JAMMU TAWI E,EXPRESS,REVIEW,0.650,NUMBER_RANGE,13151,1,96,{LIKELY_TRUNCATED}
JAMNAGAR INT,SUPERFAST,REVIEW,0.700,NUMBER_RANGE,22959,1,21,{LIKELY_TRUNCATED}
JAN SADHARAN,EXPRESS,REVIEW,0.650,NUMBER_RANGE,13257,2,16,{LIKELY_TRUNCATED}
JANASEWA EXP,EXPRESS,REVIEW,0.650,NUMBER_RANGE,13419,1,18,{LIKELY_TRUNCATED}
JANGOAN-FM M,PASSENGER,REVIEW,0.600,NUMBER_RANGE,67278,1,21,{LIKELY_TRUNCATED}
JANMABHOOMI,EXPRESS,REVIEW,0.650,NUMBER_RANGE,19107,2,38,{}
JANSADHARAN,EXPRESS,REVIEW,0.650,NUMBER_RANGE,14603,3,85,{}
JANSADHARN,EXPRESS,REVIEW,0.650,NUMBER_RANGE,15102,1,19,{}
JANSATABDI E,SUPERFAST,REVIEW,0.700,NUMBER_RANGE,12067,1,11,{LIKELY_TRUNCATED}
JANSATBDI EX,SUPERFAST,REVIEW,0.700,NUMBER_RANGE,12068,1,11,{LIKELY_TRUNCATED}
JANSEWA EXPR,EXPRESS,REVIEW,0.650,NUMBER_RANGE,13420,1,18,{LIKELY_TRUNCATED}
JASIDIH KOLK,PASSENGER,REVIEW,0.600,NUMBER_RANGE,53140,1,18,{LIKELY_TRUNCATED}
JAT - DURG E,EXPRESS,REVIEW,0.650,NUMBER_RANGE,18216,1,26,{LIKELY_TRUNCATED}
JAT - DURG S,SUPERFAST,REVIEW,0.700,NUMBER_RANGE,12550,1,18,{LIKELY_TRUNCATED}
JAT ADI EXPR,EXPRESS,REVIEW,0.650,NUMBER_RANGE,19224,1,60,{LIKELY_TRUNCATED}
JAT BTI EXP,EXPRESS,REVIEW,0.650,NUMBER_RANGE,19226,1,24,{}
JAT INDB SF,SUPERFAST,REVIEW,0.700,NUMBER_RANGE,22942,1,16,{}
JAT MURI  TA,EXPRESS,REVIEW,0.650,NUMBER_RANGE,18102,1,72,{LIKELY_TRUNCATED}
JAT MURI SBP,EXPRESS,REVIEW,0.650,NUMBER_RANGE,18310,1,14,{LIKELY_TRUNCATED}
JAT SGNR EXP,EXPRESS,REVIEW,0.650,NUMBER_RANGE,14714,1,15,{LIKELY_TRUNCATED}
JAT-AII POOJ,SUPERFAST,REVIEW,0.700,NUMBER_RANGE,12414,1,22,{LIKELY_TRUNCATED}
JAT-BSB EXP.,SUPERFAST,REVIEW,0.700,NUMBER_RANGE,12238,1,13,{LIKELY_TRUNCATED}
JAT-BTI EXPR,EXPRESS,REVIEW,0.650,NUMBER_RANGE,14502,1,13,{LIKELY_TRUNCATED}
JAT-CNB EXPR,SUPERFAST,REVIEW,0.700,NUMBER_RANGE,12470,1,14,{LIKELY_TRUNCATED}
JAT-DEE,SUPERFAST,REVIEW,0.700,NUMBER_RANGE,12266,1,3,{ROUTE_CODE_STYLE}
JAT-KGM GARI,SUPERFAST,REVIEW,0.700,NUMBER_RANGE,12208,1,16,{LIKELY_TRUNCATED}
JAT-NDLS RAJ,SUPERFAST,REVIEW,0.700,NUMBER_RANGE,12426,1,5,{LIKELY_TRUNCATED}
JAT-TPTY,SUPERFAST,REVIEW,0.700,NUMBER_RANGE,22706,1,14,{ROUTE_CODE_STYLE}
JAT-UHP DMU,PASSENGER,REVIEW,0.600,NUMBER_RANGE,54651,2,12,{ROUTE_CODE_STYLE}
JBN - KIR DE,PASSENGER,REVIEW,0.600,NUMBER_RANGE,75746,1,19,{LIKELY_TRUNCATED}
JBN - KIR PA,PASSENGER,REVIEW,0.600,NUMBER_RANGE,55734,7,121,{LIKELY_TRUNCATED}
JBN-ANVT SUP,SUPERFAST,REVIEW,0.700,NUMBER_RANGE,12487,1,19,{LIKELY_TRUNCATED}
JBP -SMNH EX,EXPRESS,REVIEW,0.650,NUMBER_RANGE,11464,1,50,{LIKELY_TRUNCATED}
JBP GARIB RA,SUPERFAST,REVIEW,0.700,NUMBER_RANGE,12188,1,15,{LIKELY_TRUNCATED}
JBP JANSHATA,SUPERFAST,REVIEW,0.700,NUMBER_RANGE,12061,1,10,{LIKELY_TRUNCATED}
JBP REWA PAS,PASSENGER,REVIEW,0.600,NUMBER_RANGE,51701,1,26,{LIKELY_TRUNCATED}
JBP- IND OVE,SUPERFAST,REVIEW,0.700,NUMBER_RANGE,22192,1,19,{LIKELY_TRUNCATED}
JBP-ABKP EXP,EXPRESS,REVIEW,0.650,NUMBER_RANGE,11265,1,14,{LIKELY_TRUNCATED}
JBP-AII DAYO,SUPERFAST,REVIEW,0.700,NUMBER_RANGE,12181,1,22,{LIKELY_TRUNCATED}
JBP-AMI  SUF,SUPERFAST,REVIEW,0.700,NUMBER_RANGE,12160,1,20,{LIKELY_TRUNCATED}
JBP-HBJ INTE,SUPERFAST,REVIEW,0.700,NUMBER_RANGE,22188,1,10,{LIKELY_TRUNCATED}
JBP-INDB INT,EXPRESS,REVIEW,0.650,NUMBER_RANGE,11701,1,16,{LIKELY_TRUNCATED}
JBP-MUV EXPR,EXPRESS,REVIEW,0.650,NUMBER_RANGE,15118,1,10,{LIKELY_TRUNCATED}
JBP-NDLS SUF,SUPERFAST,REVIEW,0.700,NUMBER_RANGE,12192,1,24,{LIKELY_TRUNCATED}
JBP-NIR PASS,PASSENGER,REVIEW,0.600,NUMBER_RANGE,51703,2,35,{LIKELY_TRUNCATED}
JBP-NZM DAIL,SUPERFAST,REVIEW,0.700,NUMBER_RANGE,22181,1,15,{LIKELY_TRUNCATED}
JBP-NZM MAHA,SUPERFAST,REVIEW,0.700,NUMBER_RANGE,12189,1,29,{LIKELY_TRUNCATED}
JBP-REWA INT,SUPERFAST,REVIEW,0.700,NUMBER_RANGE,22189,1,11,{LIKELY_TRUNCATED}
JBP-SGRL INT,EXPRESS,REVIEW,0.650,NUMBER_RANGE,11651,1,14,{LIKELY_TRUNCATED}
JBP-SMNH EXP,EXPRESS,REVIEW,0.650,NUMBER_RANGE,11466,1,50,{LIKELY_TRUNCATED}
JBP-SVDK EXP,EXPRESS,REVIEW,0.650,NUMBER_RANGE,11449,1,34,{LIKELY_TRUNCATED}
JBP-YPR WEEK,SUPERFAST,REVIEW,0.700,NUMBER_RANGE,12194,1,20,{LIKELY_TRUNCATED}
JDB - DURG E,EXPRESS,REVIEW,0.650,NUMBER_RANGE,18212,1,15,{LIKELY_TRUNCATED}
JDB-BBS HIRA,EXPRESS,REVIEW,0.650,NUMBER_RANGE,18448,1,41,{LIKELY_TRUNCATED}
JDB-KRPU-HWH,EXPRESS,REVIEW,0.650,NUMBER_RANGE,18006,1,46,{LIKELY_TRUNCATED}
JDNX-PTK PAS,PASSENGER,REVIEW,0.600,NUMBER_RANGE,52472,2,67,{LIKELY_TRUNCATED}
JEA-DAL PASS,PASSENGER,REVIEW,0.600,NUMBER_RANGE,55049,1,55,{LIKELY_TRUNCATED}
JEA-LJN  PAS,PASSENGER,REVIEW,0.600,NUMBER_RANGE,55031,1,58,{LIKELY_TRUNCATED}
JGM SRC MEMU,PASSENGER,REVIEW,0.600,NUMBER_RANGE,68008,1,14,{LIKELY_TRUNCATED}
JGM-DHN MEMU,PASSENGER,REVIEW,0.600,NUMBER_RANGE,68019,2,81,{LIKELY_TRUNCATED}
JGM-MDN JANG,PASSENGER,REVIEW,0.600,NUMBER_RANGE,68092,1,7,{LIKELY_TRUNCATED}
JGM-PRR MEMU,PASSENGER,REVIEW,0.600,NUMBER_RANGE,68023,1,27,{LIKELY_TRUNCATED}
JHANSI KURJ,PASSENGER,REVIEW,0.600,NUMBER_RANGE,51818,1,27,{}
JHELUM EXPRE,EXPRESS,REVIEW,0.650,NUMBER_RANGE,11077,2,132,{LIKELY_TRUNCATED}
JHG-PRR BI-W,SUPERFAST,REVIEW,0.700,NUMBER_RANGE,22821,1,11,{LIKELY_TRUNCATED}
JHI - FZR PA,PASSENGER,REVIEW,0.600,NUMBER_RANGE,54045,1,34,{LIKELY_TRUNCATED}
JHL LDH PASS,PASSENGER,REVIEW,0.600,NUMBER_RANGE,54053,1,19,{LIKELY_TRUNCATED}
JHS-AGC,PASSENGER,REVIEW,0.600,NUMBER_RANGE,51831,1,25,{ROUTE_CODE_STYLE}
JHS-AGC PASS,PASSENGER,REVIEW,0.600,NUMBER_RANGE,51815,1,25,{LIKELY_TRUNCATED}
JHS-ALD PASS,PASSENGER,REVIEW,0.600,NUMBER_RANGE,54159,1,44,{LIKELY_TRUNCATED}
JHS-BDTS EXP,EXPRESS,REVIEW,0.650,NUMBER_RANGE,11103,1,21,{LIKELY_TRUNCATED}
JHS-BIN PASS,PASSENGER,REVIEW,0.600,NUMBER_RANGE,51812,1,20,{LIKELY_TRUNCATED}
JHS-BNDA PAS,PASSENGER,REVIEW,0.600,NUMBER_RANGE,51807,1,20,{LIKELY_TRUNCATED}
JHS-CNB-PASS,PASSENGER,REVIEW,0.600,NUMBER_RANGE,51803,1,26,{LIKELY_TRUNCATED}
JHS-ET PASS,PASSENGER,REVIEW,0.600,NUMBER_RANGE,51828,1,44,{ROUTE_CODE_STYLE}
JHS-ETW EXPR,EXPRESS,REVIEW,0.650,NUMBER_RANGE,11801,1,6,{LIKELY_TRUNCATED}
JHS-KURJ PAS,PASSENGER,REVIEW,0.600,NUMBER_RANGE,51821,1,6,{LIKELY_TRUNCATED}
JHS-LKO INTE,EXPRESS,REVIEW,0.650,NUMBER_RANGE,11109,1,11,{LIKELY_TRUNCATED}
JHS-LKO PASS,PASSENGER,REVIEW,0.600,NUMBER_RANGE,51813,1,38,{LIKELY_TRUNCATED}
JHS-MKP-PASS,PASSENGER,REVIEW,0.600,NUMBER_RANGE,51805,1,31,{LIKELY_TRUNCATED}
JIND,PASSENGER,REVIEW,0.600,NUMBER_RANGE,54048,1,17,{}
JIND -HSR PA,PASSENGER,REVIEW,0.600,NUMBER_RANGE,54043,1,40,{LIKELY_TRUNCATED}
JIND DELHI P,PASSENGER,REVIEW,0.600,NUMBER_RANGE,54024,2,50,{LIKELY_TRUNCATED}
JIND PAINPAT,PASSENGER,REVIEW,0.600,NUMBER_RANGE,54050,1,25,{LIKELY_TRUNCATED}
JIND PNP ROK,PASSENGER,REVIEW,0.600,NUMBER_RANGE,54007,2,50,{LIKELY_TRUNCATED}
JIND ROK PAS,PASSENGER,REVIEW,0.600,NUMBER_RANGE,54006,2,50,{LIKELY_TRUNCATED}
JIND-KKDE PA,PASSENGER,REVIEW,0.600,NUMBER_RANGE,54038,3,51,{LIKELY_TRUNCATED}
JIND-ROK-RE,PASSENGER,REVIEW,0.600,NUMBER_RANGE,74016,1,16,{ROUTE_CODE_STYLE}
JIND-SNP,PASSENGER,REVIEW,0.600,NUMBER_RANGE,74030,1,14,{ROUTE_CODE_STYLE}
JIND-SNP DEM,PASSENGER,REVIEW,0.600,NUMBER_RANGE,74020,1,14,{LIKELY_TRUNCATED}
JJJ - JUC PA,PASSENGER,REVIEW,0.600,NUMBER_RANGE,54625,1,17,{LIKELY_TRUNCATED}
JJJ-JUC DMU,PASSENGER,REVIEW,0.600,NUMBER_RANGE,74951,3,51,{ROUTE_CODE_STYLE}
JJKR  KGP PA,PASSENGER,REVIEW,0.600,NUMBER_RANGE,58010,1,36,{LIKELY_TRUNCATED}
JKAR-MBNR,PASSENGER,REVIEW,0.600,NUMBER_RANGE,77623,1,7,{ROUTE_CODE_STYLE}
JLR - DASF,PASSENGER,REVIEW,0.600,NUMBER_RANGE,52931,1,11,{}
JLRF - DASF,PASSENGER,REVIEW,0.600,NUMBER_RANGE,52947,1,11,{}
JLWC-KOTA PA,PASSENGER,REVIEW,0.600,NUMBER_RANGE,59837,2,22,{LIKELY_TRUNCATED}
JMP HWH EXP,EXPRESS,REVIEW,0.650,NUMBER_RANGE,13072,1,21,{}
JMP KGG DEMU,PASSENGER,REVIEW,0.600,NUMBER_RANGE,73464,1,5,{LIKELY_TRUNCATED}
JMP KJH SRAM,PASSENGER,REVIEW,0.600,NUMBER_RANGE,73903,1,2,{LIKELY_TRUNCATED}
JMP TIL DEMU,PASSENGER,REVIEW,0.600,NUMBER_RANGE,73452,1,10,{LIKELY_TRUNCATED}
JMP-BGP PASS,PASSENGER,REVIEW,0.600,NUMBER_RANGE,53498,1,18,{LIKELY_TRUNCATED}
JMP-BGP PGR,PASSENGER,REVIEW,0.600,NUMBER_RANGE,73430,1,14,{ROUTE_CODE_STYLE}
JMP-GAYA PAS,PASSENGER,REVIEW,0.600,NUMBER_RANGE,53615,1,19,{LIKELY_TRUNCATED}
JMP-KEU PASS,PASSENGER,REVIEW,0.600,NUMBER_RANGE,53423,2,24,{LIKELY_TRUNCATED}
JMP-KEU PGR,PASSENGER,REVIEW,0.600,NUMBER_RANGE,73421,1,13,{ROUTE_CODE_STYLE}
JMP-KGG DEMU,PASSENGER,REVIEW,0.600,NUMBER_RANGE,73462,1,5,{LIKELY_TRUNCATED}
JMP-KIUL PAS,PASSENGER,REVIEW,0.600,NUMBER_RANGE,53479,1,13,{LIKELY_TRUNCATED}
JMP-KIUL PGR,PASSENGER,REVIEW,0.600,NUMBER_RANGE,73425,1,10,{LIKELY_TRUNCATED}
JMP-MLDT INT,EXPRESS,REVIEW,0.650,NUMBER_RANGE,13410,1,17,{LIKELY_TRUNCATED}
JMP-RPH PASS,PASSENGER,REVIEW,0.600,NUMBER_RANGE,53408,1,46,{LIKELY_TRUNCATED}
JMP-SBG PASS,PASSENGER,REVIEW,0.600,NUMBER_RANGE,53416,2,62,{LIKELY_TRUNCATED}
JMP-SGG PGR,PASSENGER,REVIEW,0.600,NUMBER_RANGE,73912,3,10,{ROUTE_CODE_STYLE}
JMP-TIL DEMU,PASSENGER,REVIEW,0.600,NUMBER_RANGE,73454,1,10,{LIKELY_TRUNCATED}
JMP-UREN SRA,PASSENGER,REVIEW,0.600,NUMBER_RANGE,73901,2,4,{LIKELY_TRUNCATED}
JNANESWARI D,SUPERFAST,REVIEW,0.700,NUMBER_RANGE,12101,1,16,{LIKELY_TRUNCATED}
JNANESWARISU,SUPERFAST,REVIEW,0.700,NUMBER_RANGE,12102,1,17,{LIKELY_TRUNCATED}
JND - KJV MG,PASSENGER,REVIEW,0.600,NUMBER_RANGE,52956,1,12,{LIKELY_TRUNCATED}
JND-DVA MG P,PASSENGER,REVIEW,0.600,NUMBER_RANGE,52952,1,19,{LIKELY_TRUNCATED}
JNR-LJR-SBP,PASSENGER,REVIEW,0.600,NUMBER_RANGE,58304,1,6,{ROUTE_CODE_STYLE}
JNRD-BBS LIN,EXPRESS,REVIEW,0.650,NUMBER_RANGE,18438,1,11,{LIKELY_TRUNCATED}
JNRD-R PASSE,PASSENGER,REVIEW,0.600,NUMBER_RANGE,58208,1,30,{LIKELY_TRUNCATED}
JNU - BSB PA,PASSENGER,REVIEW,0.600,NUMBER_RANGE,54262,1,11,{LIKELY_TRUNCATED}
JNU - RBL EX,EXPRESS,REVIEW,0.650,NUMBER_RANGE,14201,1,11,{LIKELY_TRUNCATED}
JNU-ALD-PASS,PASSENGER,REVIEW,0.600,NUMBER_RANGE,54107,1,19,{LIKELY_TRUNCATED}
JNU-ARJ PASS,PASSENGER,REVIEW,0.600,NUMBER_RANGE,55144,2,18,{LIKELY_TRUNCATED}
JNU-PRG PASS,PASSENGER,REVIEW,0.600,NUMBER_RANGE,54376,1,18,{LIKELY_TRUNCATED}
JODHPUR EXPR,EXPRESS,REVIEW,0.650,NUMBER_RANGE,16508,2,59,{LIKELY_TRUNCATED}
JODHPUR-PURI,EXPRESS,REVIEW,0.650,NUMBER_RANGE,20814,1,43,{LIKELY_TRUNCATED}
JOGBANI-KOLK,EXPRESS,REVIEW,0.650,NUMBER_RANGE,13160,1,16,{LIKELY_TRUNCATED}
JP - DURG EX,EXPRESS,REVIEW,0.650,NUMBER_RANGE,18214,1,20,{LIKELY_TRUNCATED}
JP - FL PASS,PASSENGER,REVIEW,0.600,NUMBER_RANGE,59714,1,10,{LIKELY_TRUNCATED}
JP ADI PASSN,PASSENGER,REVIEW,0.600,NUMBER_RANGE,54806,1,81,{LIKELY_TRUNCATED}
JP AF SHATAB,SUPERFAST,REVIEW,0.700,NUMBER_RANGE,12035,1,4,{LIKELY_TRUNCATED}
JP AWR EXP,EXPRESS,REVIEW,0.650,NUMBER_RANGE,14807,1,10,{}
JP BCT DURON,SUPERFAST,REVIEW,0.700,NUMBER_RANGE,12240,1,5,{LIKELY_TRUNCATED}
JP BCT SUPFA,SUPERFAST,REVIEW,0.700,NUMBER_RANGE,12956,1,19,{LIKELY_TRUNCATED}
JP BDTS  SF,SUPERFAST,REVIEW,0.700,NUMBER_RANGE,12980,1,17,{}
JP BDTS SF E,SUPERFAST,REVIEW,0.700,NUMBER_RANGE,22934,1,15,{LIKELY_TRUNCATED}
JP BPL EXP,EXPRESS,REVIEW,0.650,NUMBER_RANGE,19711,1,34,{}
JP CBE SF EX,SUPERFAST,REVIEW,0.700,NUMBER_RANGE,12970,1,39,{LIKELY_TRUNCATED}
JP CDG INTER,EXPRESS,REVIEW,0.650,NUMBER_RANGE,19717,1,17,{LIKELY_TRUNCATED}
JP CHENNAI E,SUPERFAST,REVIEW,0.700,NUMBER_RANGE,12968,1,32,{LIKELY_TRUNCATED}
JP DOUBLE DC,SUPERFAST,REVIEW,0.700,NUMBER_RANGE,12986,1,6,{LIKELY_TRUNCATED}
JP HSR PASS,PASSENGER,REVIEW,0.600,NUMBER_RANGE,54833,1,41,{}
JP INDB SF E,SUPERFAST,REVIEW,0.700,NUMBER_RANGE,12974,1,8,{LIKELY_TRUNCATED}
JP JU SF EXP,SUPERFAST,REVIEW,0.700,NUMBER_RANGE,22478,1,12,{LIKELY_TRUNCATED}
JP LJN EXP,EXPRESS,REVIEW,0.650,NUMBER_RANGE,19715,1,17,{}
JP MYS SF EX,SUPERFAST,REVIEW,0.700,NUMBER_RANGE,12976,1,43,{LIKELY_TRUNCATED}
JP OKHA EXP,EXPRESS,REVIEW,0.650,NUMBER_RANGE,19574,1,20,{}
JP PUNE SF E,SUPERFAST,REVIEW,0.700,NUMBER_RANGE,12940,1,12,{LIKELY_TRUNCATED}
JP SC EXP,EXPRESS,REVIEW,0.650,NUMBER_RANGE,19713,1,31,{}
JP UDZ SF EX,SUPERFAST,REVIEW,0.700,NUMBER_RANGE,12992,1,15,{LIKELY_TRUNCATED}
JP-BXN PASSE,PASSENGER,REVIEW,0.600,NUMBER_RANGE,59805,1,23,{LIKELY_TRUNCATED}
JP-HSR PASSE,PASSENGER,REVIEW,0.600,NUMBER_RANGE,59721,1,42,{LIKELY_TRUNCATED}
JP-HYB   EXP,EXPRESS,REVIEW,0.650,NUMBER_RANGE,17019,1,34,{LIKELY_TRUNCATED}
JP-KOTA EXP,EXPRESS,REVIEW,0.650,NUMBER_RANGE,19808,1,11,{ROUTE_CODE_STYLE}
JP-MTJ PASSE,PASSENGER,REVIEW,0.600,NUMBER_RANGE,51974,1,34,{LIKELY_TRUNCATED}
JP-SOG PASSA,PASSENGER,REVIEW,0.600,NUMBER_RANGE,59706,1,55,{LIKELY_TRUNCATED}
JRBM - SCL P,PASSENGER,REVIEW,0.600,NUMBER_RANGE,55666,1,9,{LIKELY_TRUNCATED}
JRLE-SDAH DE,PASSENGER,REVIEW,0.600,NUMBER_RANGE,73152,1,48,{LIKELY_TRUNCATED}
JRU-CTA PASS,PASSENGER,REVIEW,0.600,NUMBER_RANGE,56519,1,5,{LIKELY_TRUNCATED}
JRU-UBL  PAS,PASSENGER,REVIEW,0.600,NUMBER_RANGE,56911,1,19,{LIKELY_TRUNCATED}
JRU-UBL PASS,PASSENGER,REVIEW,0.600,NUMBER_RANGE,56915,1,22,{LIKELY_TRUNCATED}
JRUPAS,PASSENGER,REVIEW,0.600,NUMBER_RANGE,57452,1,22,{}
JRUPASS,PASSENGER,REVIEW,0.600,NUMBER_RANGE,57451,1,22,{}
JSG GONDIA P,PASSENGER,REVIEW,0.600,NUMBER_RANGE,58117,1,65,{LIKELY_TRUNCATED}
JSG HTE PASS,PASSENGER,REVIEW,0.600,NUMBER_RANGE,58162,1,34,{LIKELY_TRUNCATED}
JSG-ROU PASS,PASSENGER,REVIEW,0.600,NUMBER_RANGE,58134,1,15,{LIKELY_TRUNCATED}
JSG-SBP  PAS,PASSENGER,REVIEW,0.600,NUMBER_RANGE,58135,1,9,{LIKELY_TRUNCATED}
JSG-SBP PASS,PASSENGER,REVIEW,0.600,NUMBER_RANGE,58137,1,9,{LIKELY_TRUNCATED}
JSM - DLI EX,EXPRESS,REVIEW,0.650,NUMBER_RANGE,14660,1,39,{LIKELY_TRUNCATED}
JSM BDTS SF,SUPERFAST,REVIEW,0.700,NUMBER_RANGE,22932,1,27,{}
JSM HWH SF E,SUPERFAST,REVIEW,0.700,NUMBER_RANGE,12372,1,29,{LIKELY_TRUNCATED}
JSM JU EXPRE,EXPRESS,REVIEW,0.650,NUMBER_RANGE,14809,1,11,{LIKELY_TRUNCATED}
JSM LGH EXP,EXPRESS,REVIEW,0.650,NUMBER_RANGE,14703,1,14,{}
JSM-JU    PA,PASSENGER,REVIEW,0.600,NUMBER_RANGE,54819,1,22,{LIKELY_TRUNCATED}
JSME - BDME,PASSENGER,REVIEW,0.600,NUMBER_RANGE,63151,8,23,{}
JSME BANKA P,PASSENGER,REVIEW,0.600,NUMBER_RANGE,73581,1,9,{LIKELY_TRUNCATED}
JSME DMKA PA,PASSENGER,REVIEW,0.600,NUMBER_RANGE,53555,1,9,{LIKELY_TRUNCATED}
JSME DUMKA P,PASSENGER,REVIEW,0.600,NUMBER_RANGE,53553,1,9,{LIKELY_TRUNCATED}
JSME-ASN PAS,PASSENGER,REVIEW,0.600,NUMBER_RANGE,63564,1,16,{LIKELY_TRUNCATED}
JSME-BDME PG,PASSENGER,REVIEW,0.600,NUMBER_RANGE,63165,2,6,{LIKELY_TRUNCATED}
JSME-DUMKA P,PASSENGER,REVIEW,0.600,NUMBER_RANGE,53551,1,9,{LIKELY_TRUNCATED}
JSME-JAJ PGR,PASSENGER,REVIEW,0.600,NUMBER_RANGE,63565,1,5,{LIKELY_TRUNCATED}
JSME-KIUL ME,PASSENGER,REVIEW,0.600,NUMBER_RANGE,63571,2,33,{LIKELY_TRUNCATED}
JSME-UDL PAS,PASSENGER,REVIEW,0.600,NUMBER_RANGE,73538,1,18,{LIKELY_TRUNCATED}
JTJ -  ED PA,PASSENGER,REVIEW,0.600,NUMBER_RANGE,56845,1,23,{LIKELY_TRUNCATED}
JTJ ED PASSR,PASSENGER,REVIEW,0.600,NUMBER_RANGE,56839,1,23,{LIKELY_TRUNCATED}
JTJ-AJJ  EXP,EXPRESS,REVIEW,0.650,NUMBER_RANGE,16086,1,14,{LIKELY_TRUNCATED}
JTJ-ED PASS,PASSENGER,REVIEW,0.600,NUMBER_RANGE,56111,1,23,{ROUTE_CODE_STYLE}
JTJ-SBC EXP,EXPRESS,REVIEW,0.650,NUMBER_RANGE,16519,1,16,{ROUTE_CODE_STYLE}
JTTN - TSK P,PASSENGER,REVIEW,0.600,NUMBER_RANGE,55913,1,27,{LIKELY_TRUNCATED}
JU - ADI PAS,PASSENGER,REVIEW,0.600,NUMBER_RANGE,54803,1,58,{LIKELY_TRUNCATED}
JU BANGLORE,EXPRESS,REVIEW,0.650,NUMBER_RANGE,16507,1,46,{}
JU BL EXPRES,EXPRESS,REVIEW,0.650,NUMBER_RANGE,19056,1,18,{LIKELY_TRUNCATED}
JU BLDI PASS,PASSENGER,REVIEW,0.600,NUMBER_RANGE,74837,2,74,{LIKELY_TRUNCATED}
JU BME EXP,EXPRESS,REVIEW,0.650,NUMBER_RANGE,14661,1,8,{}
JU BME PASS,PASSENGER,REVIEW,0.600,NUMBER_RANGE,74839,2,48,{}
JU BTI PASEN,PASSENGER,REVIEW,0.600,NUMBER_RANGE,54704,1,56,{LIKELY_TRUNCATED}
JU DEE SF EX,SUPERFAST,REVIEW,0.700,NUMBER_RANGE,22481,1,19,{LIKELY_TRUNCATED}
JU GIMB SF E,SUPERFAST,REVIEW,0.700,NUMBER_RANGE,22483,1,14,{LIKELY_TRUNCATED}
JU HSR PASS,PASSENGER,REVIEW,0.600,NUMBER_RANGE,74835,1,49,{}
JU INDB EXP,EXPRESS,REVIEW,0.650,NUMBER_RANGE,14801,1,41,{}
JU JP SF EXP,SUPERFAST,REVIEW,0.700,NUMBER_RANGE,22477,1,12,{LIKELY_TRUNCATED}
JU JSM EXPRE,EXPRESS,REVIEW,0.650,NUMBER_RANGE,14810,1,11,{LIKELY_TRUNCATED}
JU MBF LINK,EXPRESS,REVIEW,0.650,NUMBER_RANGE,14889,1,2,{}
JU-BARA  PAS,PASSENGER,REVIEW,0.600,NUMBER_RANGE,54825,1,12,{LIKELY_TRUNCATED}
JU-BME PASS,PASSENGER,REVIEW,0.600,NUMBER_RANGE,54813,1,24,{ROUTE_CODE_STYLE}
JU-HWH SUPFA,SUPERFAST,REVIEW,0.700,NUMBER_RANGE,12308,1,28,{LIKELY_TRUNCATED}
JU-JSM  PASS,PASSENGER,REVIEW,0.600,NUMBER_RANGE,54820,1,22,{LIKELY_TRUNCATED}
JU-MS WEEKLY,SUPERFAST,REVIEW,0.700,NUMBER_RANGE,22664,1,27,{LIKELY_TRUNCATED}
JU-RE PASSEN,PASSENGER,REVIEW,0.600,NUMBER_RANGE,54810,1,64,{LIKELY_TRUNCATED}
JU-YPR,EXPRESS,REVIEW,0.650,NUMBER_RANGE,16533,1,30,{ROUTE_CODE_STYLE}
JUC - JJJ PA,PASSENGER,REVIEW,0.600,NUMBER_RANGE,54626,1,17,{LIKELY_TRUNCATED}
JUC - PTK PA,PASSENGER,REVIEW,0.600,NUMBER_RANGE,54621,1,18,{LIKELY_TRUNCATED}
JUC-ASR,PASSENGER,REVIEW,0.600,NUMBER_RANGE,74642,1,12,{ROUTE_CODE_STYLE}
JUC-ASR DMU,PASSENGER,REVIEW,0.600,NUMBER_RANGE,74643,1,12,{ROUTE_CODE_STYLE}
JUC-FZR DMU,PASSENGER,REVIEW,0.600,NUMBER_RANGE,54643,8,140,{ROUTE_CODE_STYLE}
JUC-HSX PASS,PASSENGER,REVIEW,0.600,NUMBER_RANGE,54637,1,7,{LIKELY_TRUNCATED}
JUC-JJJ DMU,PASSENGER,REVIEW,0.600,NUMBER_RANGE,74954,1,17,{ROUTE_CODE_STYLE}
JUC-NDLS EXP,EXPRESS,REVIEW,0.650,NUMBER_RANGE,14682,1,21,{LIKELY_TRUNCATED}
JUC-NRO,PASSENGER,REVIEW,0.600,NUMBER_RANGE,74942,1,2,{ROUTE_CODE_STYLE}
JUC-NRO DMU,PASSENGER,REVIEW,0.600,NUMBER_RANGE,74944,3,6,{ROUTE_CODE_STYLE}
JUC-NRO-LDH,PASSENGER,REVIEW,0.600,NUMBER_RANGE,74648,1,10,{ROUTE_CODE_STYLE}
JUC-UMB PASS,PASSENGER,REVIEW,0.600,NUMBER_RANGE,74646,1,21,{LIKELY_TRUNCATED}
JYG -ANVT GA,SUPERFAST,REVIEW,0.700,NUMBER_RANGE,12569,1,23,{LIKELY_TRUNCATED}
JYG KOAA  EX,EXPRESS,REVIEW,0.650,NUMBER_RANGE,13136,1,17,{LIKELY_TRUNCATED}
JYG RNC TRI,EXPRESS,REVIEW,0.650,NUMBER_RANGE,18606,1,17,{}
JYG-DBG PASS,PASSENGER,REVIEW,0.600,NUMBER_RANGE,55518,1,9,{LIKELY_TRUNCATED}
JYG-HWH PASS,PASSENGER,REVIEW,0.600,NUMBER_RANGE,53042,1,107,{LIKELY_TRUNCATED}
JYG-KIR JANK,EXPRESS,REVIEW,0.650,NUMBER_RANGE,15284,1,19,{LIKELY_TRUNCATED}
JYG-LTT JANS,EXPRESS,REVIEW,0.650,NUMBER_RANGE,15547,1,20,{LIKELY_TRUNCATED}
JYG-PNBE-JYG,EXPRESS,REVIEW,0.650,NUMBER_RANGE,15549,2,20,{LIKELY_TRUNCATED}
JYG-PURI WEE,EXPRESS,REVIEW,0.650,NUMBER_RANGE,18420,1,24,{LIKELY_TRUNCATED}
JYG-RJPB  IN,EXPRESS,REVIEW,0.650,NUMBER_RANGE,13225,1,20,{LIKELY_TRUNCATED}
JYG-SDAH GAN,EXPRESS,REVIEW,0.650,NUMBER_RANGE,13186,1,21,{LIKELY_TRUNCATED}
JYG-SPJ DEMU,PASSENGER,REVIEW,0.600,NUMBER_RANGE,75210,1,16,{LIKELY_TRUNCATED}
JYG-SPJ PASS,PASSENGER,REVIEW,0.600,NUMBER_RANGE,55514,2,39,{LIKELY_TRUNCATED}
JYG-UDN ANTY,EXPRESS,REVIEW,0.650,NUMBER_RANGE,15563,1,26,{LIKELY_TRUNCATED}
K V EXP,EXPRESS,REVIEW,0.650,NUMBER_RANGE,14257,1,32,{}
K1,EMU,REVIEW,0.750,NUMBER_RANGE,95701,1,7,{COACH_CODE_AS_NAME}
K10,EMU,REVIEW,0.750,NUMBER_RANGE,97010,1,24,{COACH_CODE_AS_NAME}
K100,EMU,REVIEW,0.750,NUMBER_RANGE,97102,1,24,{COACH_CODE_AS_NAME}
K101,EMU,REVIEW,0.750,NUMBER_RANGE,95733,1,14,{COACH_CODE_AS_NAME}
K102,EMU,REVIEW,0.750,NUMBER_RANGE,95736,1,13,{COACH_CODE_AS_NAME}
K103,EMU,REVIEW,0.750,NUMBER_RANGE,95737,1,14,{COACH_CODE_AS_NAME}
K104,EMU,REVIEW,0.750,NUMBER_RANGE,97104,1,24,{COACH_CODE_AS_NAME}
K105,EMU,REVIEW,0.750,NUMBER_RANGE,97125,1,24,{COACH_CODE_AS_NAME}
K106,EMU,REVIEW,0.750,NUMBER_RANGE,95738,1,14,{COACH_CODE_AS_NAME}
K107,EMU,REVIEW,0.750,NUMBER_RANGE,97127,1,24,{COACH_CODE_AS_NAME}
K108,EMU,REVIEW,0.750,NUMBER_RANGE,97106,1,24,{COACH_CODE_AS_NAME}
K109,EMU,REVIEW,0.750,NUMBER_RANGE,97129,1,24,{COACH_CODE_AS_NAME}
K11,EMU,REVIEW,0.750,NUMBER_RANGE,95703,1,9,{COACH_CODE_AS_NAME}
K110,EMU,REVIEW,0.750,NUMBER_RANGE,97108,1,24,{COACH_CODE_AS_NAME}
K111,EMU,REVIEW,0.750,NUMBER_RANGE,95739,1,9,{COACH_CODE_AS_NAME}
K112,EMU,REVIEW,0.750,NUMBER_RANGE,95740,1,2,{COACH_CODE_AS_NAME}
K113,EMU,REVIEW,0.750,NUMBER_RANGE,97133,1,24,{COACH_CODE_AS_NAME}
K114,EMU,REVIEW,0.750,NUMBER_RANGE,97112,1,24,{COACH_CODE_AS_NAME}
K115,EMU,REVIEW,0.750,NUMBER_RANGE,95741,1,14,{COACH_CODE_AS_NAME}
K116,EMU,REVIEW,0.750,NUMBER_RANGE,95742,1,14,{COACH_CODE_AS_NAME}
K117,EMU,REVIEW,0.750,NUMBER_RANGE,97139,1,24,{COACH_CODE_AS_NAME}
K118,EMU,REVIEW,0.750,NUMBER_RANGE,97114,1,24,{COACH_CODE_AS_NAME}
K119,EMU,REVIEW,0.750,NUMBER_RANGE,95743,1,17,{COACH_CODE_AS_NAME}
K12,EMU,REVIEW,0.750,NUMBER_RANGE,97014,1,24,{COACH_CODE_AS_NAME}
K120,EMU,REVIEW,0.750,NUMBER_RANGE,97122,1,24,{COACH_CODE_AS_NAME}
K121,EMU,REVIEW,0.750,NUMBER_RANGE,95745,1,9,{COACH_CODE_AS_NAME}
K122,EMU,REVIEW,0.750,NUMBER_RANGE,97124,1,24,{COACH_CODE_AS_NAME}
K123,EMU,REVIEW,0.750,NUMBER_RANGE,97147,1,24,{COACH_CODE_AS_NAME}
K124,EMU,REVIEW,0.750,NUMBER_RANGE,97128,1,24,{COACH_CODE_AS_NAME}
K125,EMU,REVIEW,0.750,NUMBER_RANGE,97149,1,24,{COACH_CODE_AS_NAME}
K126,EMU,REVIEW,0.750,NUMBER_RANGE,97136,1,24,{COACH_CODE_AS_NAME}
K127,EMU,REVIEW,0.750,NUMBER_RANGE,97151,1,24,{COACH_CODE_AS_NAME}
K128,EMU,REVIEW,0.750,NUMBER_RANGE,95744,1,8,{COACH_CODE_AS_NAME}
K129,EMU,REVIEW,0.750,NUMBER_RANGE,97153,1,24,{COACH_CODE_AS_NAME}
K13,EMU,REVIEW,0.750,NUMBER_RANGE,97021,1,24,{COACH_CODE_AS_NAME}
K130,EMU,REVIEW,0.750,NUMBER_RANGE,97142,1,24,{COACH_CODE_AS_NAME}
K132,EMU,REVIEW,0.750,NUMBER_RANGE,97144,1,24,{COACH_CODE_AS_NAME}
K134,EMU,REVIEW,0.750,NUMBER_RANGE,97146,1,24,{COACH_CODE_AS_NAME}
K138,EMU,REVIEW,0.750,NUMBER_RANGE,95746,1,9,{COACH_CODE_AS_NAME}
K14,EMU,REVIEW,0.750,NUMBER_RANGE,95704,1,9,{COACH_CODE_AS_NAME}
K15,EMU,REVIEW,0.750,NUMBER_RANGE,97025,1,24,{COACH_CODE_AS_NAME}
K16,EMU,REVIEW,0.750,NUMBER_RANGE,97016,1,24,{COACH_CODE_AS_NAME}
K17,EMU,REVIEW,0.750,NUMBER_RANGE,97027,1,24,{COACH_CODE_AS_NAME}
K18,EMU,REVIEW,0.750,NUMBER_RANGE,97018,1,24,{COACH_CODE_AS_NAME}
K19,EMU,REVIEW,0.750,NUMBER_RANGE,95705,1,9,{COACH_CODE_AS_NAME}
K2,EMU,REVIEW,0.750,NUMBER_RANGE,97000,2,26,{COACH_CODE_AS_NAME}
K20,EMU,REVIEW,0.750,NUMBER_RANGE,95708,1,13,{COACH_CODE_AS_NAME}
K21,EMU,REVIEW,0.750,NUMBER_RANGE,95707,1,16,{COACH_CODE_AS_NAME}
K22,EMU,REVIEW,0.750,NUMBER_RANGE,97020,1,24,{COACH_CODE_AS_NAME}
K23,EMU,REVIEW,0.750,NUMBER_RANGE,97029,1,23,{COACH_CODE_AS_NAME}
K24,EMU,REVIEW,0.750,NUMBER_RANGE,97022,1,24,{COACH_CODE_AS_NAME}
K25,EMU,REVIEW,0.750,NUMBER_RANGE,97031,1,24,{COACH_CODE_AS_NAME}
K26 L SPL,EMU,REVIEW,0.750,NUMBER_RANGE,97024,1,24,{}
K27,EMU,REVIEW,0.750,NUMBER_RANGE,95709,1,16,{COACH_CODE_AS_NAME}
K28,EMU,REVIEW,0.750,NUMBER_RANGE,95710,1,14,{COACH_CODE_AS_NAME}
K29,EMU,REVIEW,0.750,NUMBER_RANGE,97037,1,24,{COACH_CODE_AS_NAME}
K3,EMU,REVIEW,0.750,NUMBER_RANGE,97011,1,24,{COACH_CODE_AS_NAME}
K30,EMU,REVIEW,0.750,NUMBER_RANGE,95712,1,9,{COACH_CODE_AS_NAME}
K31,EMU,REVIEW,0.750,NUMBER_RANGE,97039,1,24,{COACH_CODE_AS_NAME}
K32,EMU,REVIEW,0.750,NUMBER_RANGE,95714,1,14,{COACH_CODE_AS_NAME}
K33,EMU,REVIEW,0.750,NUMBER_RANGE,95711,1,17,{COACH_CODE_AS_NAME}
K34,EMU,REVIEW,0.750,NUMBER_RANGE,95716,1,13,{COACH_CODE_AS_NAME}
K35,EMU,REVIEW,0.750,NUMBER_RANGE,97041,1,24,{COACH_CODE_AS_NAME}
K36,EMU,REVIEW,0.750,NUMBER_RANGE,95718,1,14,{COACH_CODE_AS_NAME}
K37,EMU,REVIEW,0.750,NUMBER_RANGE,97047,1,24,{COACH_CODE_AS_NAME}
K38,EMU,REVIEW,0.750,NUMBER_RANGE,97030,1,24,{COACH_CODE_AS_NAME}
K39,EMU,REVIEW,0.750,NUMBER_RANGE,97049,1,24,{COACH_CODE_AS_NAME}
K4,EMU,REVIEW,0.750,NUMBER_RANGE,97004,1,24,{COACH_CODE_AS_NAME}
K40,EMU,REVIEW,0.750,NUMBER_RANGE,97032,1,24,{COACH_CODE_AS_NAME}
K41,EMU,REVIEW,0.750,NUMBER_RANGE,95715,1,14,{COACH_CODE_AS_NAME}
K42,EMU,REVIEW,0.750,NUMBER_RANGE,95720,1,14,{COACH_CODE_AS_NAME}
K43,EMU,REVIEW,0.750,NUMBER_RANGE,97053,1,24,{COACH_CODE_AS_NAME}
K44,EMU,REVIEW,0.750,NUMBER_RANGE,97034,1,24,{COACH_CODE_AS_NAME}
K45,EMU,REVIEW,0.750,NUMBER_RANGE,97055,1,24,{COACH_CODE_AS_NAME}
K46,EMU,REVIEW,0.750,NUMBER_RANGE,97036,1,24,{COACH_CODE_AS_NAME}
K47,EMU,REVIEW,0.750,NUMBER_RANGE,97057,1,24,{COACH_CODE_AS_NAME}
K48,EMU,REVIEW,0.750,NUMBER_RANGE,97038,1,24,{COACH_CODE_AS_NAME}
K49,EMU,REVIEW,0.750,NUMBER_RANGE,97059,1,24,{COACH_CODE_AS_NAME}
K5,EMU,REVIEW,0.750,NUMBER_RANGE,97015,1,24,{COACH_CODE_AS_NAME}
K50,EMU,REVIEW,0.750,NUMBER_RANGE,97040,1,24,{COACH_CODE_AS_NAME}
K51,EMU,REVIEW,0.750,NUMBER_RANGE,97061,1,24,{COACH_CODE_AS_NAME}
K52,EMU,REVIEW,0.750,NUMBER_RANGE,97044,1,24,{COACH_CODE_AS_NAME}
K53,EMU,REVIEW,0.750,NUMBER_RANGE,95717,1,8,{COACH_CODE_AS_NAME}
K54,EMU,REVIEW,0.750,NUMBER_RANGE,97048,1,24,{COACH_CODE_AS_NAME}
K55,EMU,REVIEW,0.750,NUMBER_RANGE,97065,1,24,{COACH_CODE_AS_NAME}
K56,EMU,REVIEW,0.750,NUMBER_RANGE,95724,1,8,{COACH_CODE_AS_NAME}
K57,EMU,REVIEW,0.750,NUMBER_RANGE,97067,1,24,{COACH_CODE_AS_NAME}
K58,EMU,REVIEW,0.750,NUMBER_RANGE,97052,1,24,{COACH_CODE_AS_NAME}
K59,EMU,REVIEW,0.750,NUMBER_RANGE,97069,1,24,{COACH_CODE_AS_NAME}
K6,EMU,REVIEW,0.750,NUMBER_RANGE,97006,1,24,{COACH_CODE_AS_NAME}
K60,EMU,REVIEW,0.750,NUMBER_RANGE,97054,1,24,{COACH_CODE_AS_NAME}
K61,EMU,REVIEW,0.750,NUMBER_RANGE,97071,1,24,{COACH_CODE_AS_NAME}
K62,EMU,REVIEW,0.750,NUMBER_RANGE,97058,1,24,{COACH_CODE_AS_NAME}
K63,EMU,REVIEW,0.750,NUMBER_RANGE,97075,1,24,{COACH_CODE_AS_NAME}
K64,EMU,REVIEW,0.750,NUMBER_RANGE,97060,1,24,{COACH_CODE_AS_NAME}
K65,EMU,REVIEW,0.750,NUMBER_RANGE,97079,1,24,{COACH_CODE_AS_NAME}
K66,EMU,REVIEW,0.750,NUMBER_RANGE,97062,1,24,{COACH_CODE_AS_NAME}
K67,EMU,REVIEW,0.750,NUMBER_RANGE,97081,1,24,{COACH_CODE_AS_NAME}
K68,EMU,REVIEW,0.750,NUMBER_RANGE,97066,1,24,{COACH_CODE_AS_NAME}
K69,EMU,REVIEW,0.750,NUMBER_RANGE,97083,1,24,{COACH_CODE_AS_NAME}
K7,EMU,REVIEW,0.750,NUMBER_RANGE,97017,1,24,{COACH_CODE_AS_NAME}
K70,EMU,REVIEW,0.750,NUMBER_RANGE,97068,1,24,{COACH_CODE_AS_NAME}
K71,EMU,REVIEW,0.750,NUMBER_RANGE,97085,1,24,{COACH_CODE_AS_NAME}
K72,EMU,REVIEW,0.750,NUMBER_RANGE,97070,1,24,{COACH_CODE_AS_NAME}
K73,EMU,REVIEW,0.750,NUMBER_RANGE,95719,1,8,{COACH_CODE_AS_NAME}
K74,EMU,REVIEW,0.750,NUMBER_RANGE,97074,1,24,{COACH_CODE_AS_NAME}
K75,EMU,REVIEW,0.750,NUMBER_RANGE,97089,1,24,{COACH_CODE_AS_NAME}
K76,EMU,REVIEW,0.750,NUMBER_RANGE,95726,1,8,{COACH_CODE_AS_NAME}
K77,EMU,REVIEW,0.750,NUMBER_RANGE,97091,1,24,{COACH_CODE_AS_NAME}
K78,EMU,REVIEW,0.750,NUMBER_RANGE,97076,1,24,{COACH_CODE_AS_NAME}
K79,EMU,REVIEW,0.750,NUMBER_RANGE,97093,1,24,{COACH_CODE_AS_NAME}
K8,EMU,REVIEW,0.750,NUMBER_RANGE,97008,1,24,{COACH_CODE_AS_NAME}
K80,EMU,REVIEW,0.750,NUMBER_RANGE,97078,1,24,{COACH_CODE_AS_NAME}
K81,EMU,REVIEW,0.750,NUMBER_RANGE,97095,1,24,{COACH_CODE_AS_NAME}
K82,EMU,REVIEW,0.750,NUMBER_RANGE,97080,1,24,{COACH_CODE_AS_NAME}
K83,EMU,REVIEW,0.750,NUMBER_RANGE,97101,1,24,{COACH_CODE_AS_NAME}
K84,EMU,REVIEW,0.750,NUMBER_RANGE,97082,1,24,{COACH_CODE_AS_NAME}
K85,EMU,REVIEW,0.750,NUMBER_RANGE,97103,1,24,{COACH_CODE_AS_NAME}
K86,EMU,REVIEW,0.750,NUMBER_RANGE,97084,1,24,{COACH_CODE_AS_NAME}
K87,EMU,REVIEW,0.750,NUMBER_RANGE,97105,1,24,{COACH_CODE_AS_NAME}
K88,EMU,REVIEW,0.750,NUMBER_RANGE,97088,1,24,{COACH_CODE_AS_NAME}
K89,EMU,REVIEW,0.750,NUMBER_RANGE,95727,1,14,{COACH_CODE_AS_NAME}
K9,EMU,REVIEW,0.750,NUMBER_RANGE,97019,1,24,{COACH_CODE_AS_NAME}
K90,EMU,REVIEW,0.750,NUMBER_RANGE,97090,1,24,{COACH_CODE_AS_NAME}
K91,EMU,REVIEW,0.750,NUMBER_RANGE,97111,1,24,{COACH_CODE_AS_NAME}
K92,EMU,REVIEW,0.750,NUMBER_RANGE,97096,1,24,{COACH_CODE_AS_NAME}
K93,EMU,REVIEW,0.750,NUMBER_RANGE,97113,1,24,{COACH_CODE_AS_NAME}
K94,EMU,REVIEW,0.750,NUMBER_RANGE,95728,1,14,{COACH_CODE_AS_NAME}
K95,EMU,REVIEW,0.750,NUMBER_RANGE,95731,1,13,{COACH_CODE_AS_NAME}
K96,EMU,REVIEW,0.750,NUMBER_RANGE,97100,1,24,{COACH_CODE_AS_NAME}
K97,EMU,REVIEW,0.750,NUMBER_RANGE,97117,1,24,{COACH_CODE_AS_NAME}
K98,EMU,REVIEW,0.750,NUMBER_RANGE,95732,1,13,{COACH_CODE_AS_NAME}
K99,EMU,REVIEW,0.750,NUMBER_RANGE,97119,1,24,{COACH_CODE_AS_NAME}
KACHEGUDA EX,EXPRESS,REVIEW,0.650,NUMBER_RANGE,17616,1,23,{LIKELY_TRUNCATED}
KAIFIAT EXP,SUPERFAST,REVIEW,0.700,NUMBER_RANGE,12225,2,30,{}
KALINDI EXPR,EXPRESS,REVIEW,0.650,NUMBER_RANGE,14723,2,61,{LIKELY_TRUNCATED}
KALINGAUTKAL,EXPRESS,REVIEW,0.650,NUMBER_RANGE,18478,1,75,{LIKELY_TRUNCATED}
KAMAKHYA-GAN,EXPRESS,REVIEW,0.650,NUMBER_RANGE,15668,1,36,{LIKELY_TRUNCATED}
KAMAYANI EXP,EXPRESS,REVIEW,0.650,NUMBER_RANGE,11071,2,84,{LIKELY_TRUNCATED}
KAMLA GANGA,PASSENGER,REVIEW,0.600,NUMBER_RANGE,55527,2,74,{}
KAMRUP EXPRE,EXPRESS,REVIEW,0.650,NUMBER_RANGE,15959,2,112,{LIKELY_TRUNCATED}
KAN1,EMU,REVIEW,0.750,NUMBER_RANGE,96503,1,7,{}
KAN2,EMU,REVIEW,0.750,NUMBER_RANGE,96524,1,5,{}
KAN3,EMU,REVIEW,0.750,NUMBER_RANGE,96511,1,7,{}
KANCHAN JUNG,EXPRESS,REVIEW,0.650,NUMBER_RANGE,15657,1,33,{LIKELY_TRUNCATED}
KANCHAN KANY,EXPRESS,REVIEW,0.650,NUMBER_RANGE,13149,2,50,{LIKELY_TRUNCATED}
KANNIYAKUMAR,PASSENGER,REVIEW,0.600,NUMBER_RANGE,56715,1,19,{LIKELY_TRUNCATED}
KANPUR INTER,EXPRESS,REVIEW,0.650,NUMBER_RANGE,14124,1,15,{LIKELY_TRUNCATED}
KANPUR RAI B,PASSENGER,REVIEW,0.600,NUMBER_RANGE,54212,1,23,{LIKELY_TRUNCATED}
KANYAKUMARI,EXPRESS,REVIEW,0.650,NUMBER_RANGE,16381,2,112,{}
KAP-LKO MEMU,PASSENGER,REVIEW,0.600,NUMBER_RANGE,64214,2,32,{LIKELY_TRUNCATED}
KARAIKAL LTT,EXPRESS,REVIEW,0.650,NUMBER_RANGE,11018,1,30,{LIKELY_TRUNCATED}
KARMABHOOMI,SUPERFAST,REVIEW,0.700,NUMBER_RANGE,12407,4,92,{}
KARMBHOOMI E,SUPERFAST,REVIEW,0.700,NUMBER_RANGE,12545,2,42,{LIKELY_TRUNCATED}
KARNAVATI EX,SUPERFAST,REVIEW,0.700,NUMBER_RANGE,12933,2,21,{LIKELY_TRUNCATED}
KASHI EXP,EXPRESS,REVIEW,0.650,NUMBER_RANGE,15017,1,73,{}
KASHI V EXPR,EXPRESS,REVIEW,0.650,NUMBER_RANGE,14258,1,34,{LIKELY_TRUNCATED}
KATANGI- GON,PASSENGER,REVIEW,0.600,NUMBER_RANGE,78804,2,32,{LIKELY_TRUNCATED}
KATANGI-GOND,PASSENGER,REVIEW,0.600,NUMBER_RANGE,78802,3,48,{LIKELY_TRUNCATED}
KATHANA BRC,PASSENGER,REVIEW,0.600,NUMBER_RANGE,59102,2,22,{}
KAVERI EXPRE,EXPRESS,REVIEW,0.650,NUMBER_RANGE,16021,1,24,{LIKELY_TRUNCATED}
KAVI GURU EX,EXPRESS,REVIEW,0.650,NUMBER_RANGE,13027,3,59,{LIKELY_TRUNCATED}
KAVIGURU EXP,SUPERFAST,REVIEW,0.700,NUMBER_RANGE,12949,1,37,{LIKELY_TRUNCATED}
KAWR--YPR EX,EXPRESS,REVIEW,0.650,NUMBER_RANGE,16516,1,22,{LIKELY_TRUNCATED}
KAWR-MAO-PER,PASSENGER,REVIEW,0.600,NUMBER_RANGE,70102,2,24,{LIKELY_TRUNCATED}
KAWR-MAQ-YPR,EXPRESS,REVIEW,0.650,NUMBER_RANGE,16524,1,14,{LIKELY_TRUNCATED}
KBPR-MAQ PAS,PASSENGER,REVIEW,0.600,NUMBER_RANGE,56642,2,9,{LIKELY_TRUNCATED}
KBT-MMC EMU,PASSENGER,REVIEW,0.550,NUMBER_RANGE,43902,2,42,{ROUTE_CODE_STYLE}
KBT-MSB,PASSENGER,REVIEW,0.550,NUMBER_RANGE,43912,1,22,{ROUTE_CODE_STYLE}
KBT-VLCY LOC,PASSENGER,REVIEW,0.550,NUMBER_RANGE,43952,1,15,{LIKELY_TRUNCATED}
KCG NCJ EXP,EXPRESS,REVIEW,0.650,NUMBER_RANGE,16353,1,31,{}
KCG PASS,PASSENGER,REVIEW,0.600,NUMBER_RANGE,57326,1,79,{}
KCG-AK EXP,EXPRESS,REVIEW,0.650,NUMBER_RANGE,17639,1,21,{ROUTE_CODE_STYLE}
KCG-BDHN PAS,PASSENGER,REVIEW,0.600,NUMBER_RANGE,57473,1,40,{LIKELY_TRUNCATED}
KCG-CGL  EXP,EXPRESS,REVIEW,0.650,NUMBER_RANGE,17652,1,23,{LIKELY_TRUNCATED}
KCG-CTO VENK,SUPERFAST,REVIEW,0.700,NUMBER_RANGE,12797,1,22,{LIKELY_TRUNCATED}
KCG-GNT PASS,PASSENGER,REVIEW,0.600,NUMBER_RANGE,57305,1,78,{LIKELY_TRUNCATED}
KCG-MAQ EXP,EXPRESS,REVIEW,0.650,NUMBER_RANGE,17606,1,28,{ROUTE_CODE_STYLE}
KCG-MBNR DEM,PASSENGER,REVIEW,0.600,NUMBER_RANGE,77671,1,17,{LIKELY_TRUNCATED}
KCG-MDU EXP,EXPRESS,REVIEW,0.650,NUMBER_RANGE,17615,1,23,{ROUTE_CODE_STYLE}
KCG-MED PASS,PASSENGER,REVIEW,0.600,NUMBER_RANGE,57307,1,18,{LIKELY_TRUNCATED}
KCG-MRGA DEM,PASSENGER,REVIEW,0.600,NUMBER_RANGE,77674,2,35,{LIKELY_TRUNCATED}
KCG-NRKR,EXPRESS,REVIEW,0.650,NUMBER_RANGE,17641,1,32,{ROUTE_CODE_STYLE}
KCG-NZB,PASSENGER,REVIEW,0.600,NUMBER_RANGE,57688,1,11,{ROUTE_CODE_STYLE}
KCG-NZB PASS,PASSENGER,REVIEW,0.600,NUMBER_RANGE,57601,2,39,{LIKELY_TRUNCATED}
KCG-RAL PASS,EXPRESS,REVIEW,0.650,NUMBER_RANGE,17625,1,21,{LIKELY_TRUNCATED}
KCG-RC PASS,PASSENGER,REVIEW,0.600,NUMBER_RANGE,77693,1,22,{ROUTE_CODE_STYLE}
KCG-SBC EXP,SUPERFAST,REVIEW,0.700,NUMBER_RANGE,12785,1,17,{ROUTE_CODE_STYLE}
KCG-YPR EXP,EXPRESS,REVIEW,0.650,NUMBER_RANGE,17603,1,18,{ROUTE_CODE_STYLE}
KCG-YPR TRI,EXPRESS,REVIEW,0.650,NUMBER_RANGE,16570,1,15,{ROUTE_CODE_STYLE}
KCVL BVC EXP,EXPRESS,REVIEW,0.650,NUMBER_RANGE,19259,1,41,{LIKELY_TRUNCATED}
KCVL EXPRESS,EXPRESS,REVIEW,0.880,NAME_RULE,12483,2,54,{LIKELY_TRUNCATED}
KCVL GARIB R,SUPERFAST,REVIEW,0.700,NUMBER_RANGE,12201,1,25,{LIKELY_TRUNCATED}
KCVL INDORE,EXPRESS,REVIEW,0.650,NUMBER_RANGE,19331,1,32,{}
KCVL- UBL EX,SUPERFAST,REVIEW,0.700,NUMBER_RANGE,12778,1,22,{LIKELY_TRUNCATED}
KCVL-BKN  EX,EXPRESS,REVIEW,0.650,NUMBER_RANGE,16312,1,44,{LIKELY_TRUNCATED}
KCVL-DDN  EX,SUPERFAST,REVIEW,0.700,NUMBER_RANGE,22659,1,26,{LIKELY_TRUNCATED}
KCVL-HYB SAB,EXPRESS,REVIEW,0.650,NUMBER_RANGE,17229,1,43,{LIKELY_TRUNCATED}
KCVL-LTT BI-,SUPERFAST,REVIEW,0.700,NUMBER_RANGE,22114,1,26,{LIKELY_TRUNCATED}
KCVL-NCJ PAS,PASSENGER,REVIEW,0.600,NUMBER_RANGE,56317,1,16,{LIKELY_TRUNCATED}
KCVL-SBC EXP,EXPRESS,REVIEW,0.650,NUMBER_RANGE,16316,1,22,{LIKELY_TRUNCATED}
KCVL-YPR A/C,SUPERFAST,REVIEW,0.700,NUMBER_RANGE,22678,1,13,{LIKELY_TRUNCATED}
KCVL-YPR EXP,SUPERFAST,REVIEW,0.700,NUMBER_RANGE,12258,1,19,{LIKELY_TRUNCATED}
KDJR-BBS FAS,PASSENGER,REVIEW,0.600,NUMBER_RANGE,58425,1,22,{LIKELY_TRUNCATED}
KENDRI-DHAMT,PASSENGER,REVIEW,0.600,NUMBER_RANGE,58711,3,24,{LIKELY_TRUNCATED}
KENDRI-RAJIM,PASSENGER,REVIEW,0.600,NUMBER_RANGE,58717,1,4,{LIKELY_TRUNCATED}
KERALA EXPRE,SUPERFAST,REVIEW,0.700,NUMBER_RANGE,12625,1,43,{LIKELY_TRUNCATED}
KERALA S.KRA,SUPERFAST,REVIEW,0.700,NUMBER_RANGE,12217,2,44,{LIKELY_TRUNCATED}
KEU-JMP PASS,PASSENGER,REVIEW,0.600,NUMBER_RANGE,73428,1,11,{LIKELY_TRUNCATED}
KGG-JMP DEMU,PASSENGER,REVIEW,0.600,NUMBER_RANGE,73461,1,5,{LIKELY_TRUNCATED}
KGM-CNB GARI,SUPERFAST,REVIEW,0.700,NUMBER_RANGE,12210,1,12,{LIKELY_TRUNCATED}
KGM-DDN EXP.,EXPRESS,REVIEW,0.650,NUMBER_RANGE,14119,1,11,{LIKELY_TRUNCATED}
KGM-JAT GARI,SUPERFAST,REVIEW,0.700,NUMBER_RANGE,12207,1,16,{LIKELY_TRUNCATED}
KGM-LJN EXPR,EXPRESS,REVIEW,0.650,NUMBER_RANGE,15044,1,11,{LIKELY_TRUNCATED}
KGM-MB PASSE,PASSENGER,REVIEW,0.600,NUMBER_RANGE,55302,2,26,{LIKELY_TRUNCATED}
KGM-NDLS SHA,SUPERFAST,REVIEW,0.700,NUMBER_RANGE,12039,1,8,{LIKELY_TRUNCATED}
KGN - DJ PAS,PASSENGER,REVIEW,0.600,NUMBER_RANGE,52587,1,5,{LIKELY_TRUNCATED}
KGN-DJ RED P,PASSENGER,REVIEW,0.600,NUMBER_RANGE,52571,1,5,{LIKELY_TRUNCATED}
KGP - ASN PA,PASSENGER,REVIEW,0.600,NUMBER_RANGE,58017,1,31,{LIKELY_TRUNCATED}
KGP - BLDA,PASSENGER,REVIEW,0.600,NUMBER_RANGE,68047,1,6,{}
KGP ADRA PAS,PASSENGER,REVIEW,0.600,NUMBER_RANGE,58601,1,22,{LIKELY_TRUNCATED}
KGP BLS LOCA,PASSENGER,REVIEW,0.600,NUMBER_RANGE,68021,1,18,{LIKELY_TRUNCATED}
KGP GOMO PAS,PASSENGER,REVIEW,0.600,NUMBER_RANGE,58603,1,40,{LIKELY_TRUNCATED}
KGP HTE PASS,PASSENGER,REVIEW,0.600,NUMBER_RANGE,58025,1,44,{LIKELY_TRUNCATED}
KGP HWH  LOC,PASSENGER,REVIEW,0.550,NUMBER_RANGE,38726,1,33,{LIKELY_TRUNCATED}
KGP HWH LADI,PASSENGER,REVIEW,0.550,NUMBER_RANGE,38710,1,33,{LIKELY_TRUNCATED}
KGP HWH LOCA,PASSENGER,REVIEW,0.550,NUMBER_RANGE,38702,5,156,{LIKELY_TRUNCATED}
KGP JJKR PAS,PASSENGER,REVIEW,0.600,NUMBER_RANGE,58009,1,36,{LIKELY_TRUNCATED}
KGP TATA  LO,PASSENGER,REVIEW,0.600,NUMBER_RANGE,68013,1,19,{LIKELY_TRUNCATED}
KGP TATA LOC,PASSENGER,REVIEW,0.600,NUMBER_RANGE,68011,3,54,{LIKELY_TRUNCATED}
KGP TATA PAS,PASSENGER,REVIEW,0.600,NUMBER_RANGE,58021,2,36,{LIKELY_TRUNCATED}
KGP VM BI-WK,SUPERFAST,REVIEW,0.700,NUMBER_RANGE,22603,1,20,{LIKELY_TRUNCATED}
KGP-BHC PASS,PASSENGER,REVIEW,0.600,NUMBER_RANGE,58007,1,28,{LIKELY_TRUNCATED}
KGP-HIJ LOCA,PASSENGER,REVIEW,0.600,NUMBER_RANGE,68643,2,4,{LIKELY_TRUNCATED}
KGP-HWH EMU,PASSENGER,REVIEW,0.550,NUMBER_RANGE,38708,1,33,{ROUTE_CODE_STYLE}
KGP-KUR PASS,PASSENGER,REVIEW,0.600,NUMBER_RANGE,58005,1,32,{LIKELY_TRUNCATED}
KGP-MDN MEMU,PASSENGER,REVIEW,0.600,NUMBER_RANGE,68094,1,10,{LIKELY_TRUNCATED}
KGP-PRR EXPR,SUPERFAST,REVIEW,0.700,NUMBER_RANGE,22875,1,14,{LIKELY_TRUNCATED}
KGQ-BYNDOOR,PASSENGER,REVIEW,0.600,NUMBER_RANGE,56665,1,20,{ROUTE_CODE_STYLE}
KHULNA KOLKA,EXPRESS,REVIEW,0.650,NUMBER_RANGE,13130,1,2,{LIKELY_TRUNCATED}
KHURJA MEERU,PASSENGER,REVIEW,0.600,NUMBER_RANGE,54401,3,42,{LIKELY_TRUNCATED}
KIG - HWH SU,PASSENGER,REVIEW,0.550,NUMBER_RANGE,38602,1,19,{LIKELY_TRUNCATED}
KIK- TPJ PAS,PASSENGER,REVIEW,0.600,NUMBER_RANGE,76851,1,26,{LIKELY_TRUNCATED}
KIK-ERSEXP,EXPRESS,REVIEW,0.650,NUMBER_RANGE,16187,1,29,{ROUTE_CODE_STYLE}
KIK-MS EXP,EXPRESS,REVIEW,0.650,NUMBER_RANGE,16176,1,16,{ROUTE_CODE_STYLE}
KIK-TJ PASSR,PASSENGER,REVIEW,0.600,NUMBER_RANGE,76815,1,19,{LIKELY_TRUNCATED}
KIK-TPJ PASS,PASSENGER,REVIEW,0.600,NUMBER_RANGE,56711,1,26,{LIKELY_TRUNCATED}
KIK-VLNK PAS,PASSENGER,REVIEW,0.600,NUMBER_RANGE,76813,1,4,{LIKELY_TRUNCATED}
KIR - BOE DE,PASSENGER,REVIEW,0.600,NUMBER_RANGE,75747,1,11,{LIKELY_TRUNCATED}
KIR - JBN DE,PASSENGER,REVIEW,0.600,NUMBER_RANGE,75745,1,19,{LIKELY_TRUNCATED}
KIR - JBN PA,PASSENGER,REVIEW,0.600,NUMBER_RANGE,55733,6,106,{LIKELY_TRUNCATED}
KIR - MLFC P,PASSENGER,REVIEW,0.600,NUMBER_RANGE,55704,2,40,{LIKELY_TRUNCATED}
KIR - RDP PA,PASSENGER,REVIEW,0.600,NUMBER_RANGE,55727,2,40,{LIKELY_TRUNCATED}
KIR - TETA D,PASSENGER,REVIEW,0.600,NUMBER_RANGE,75749,1,15,{LIKELY_TRUNCATED}
KIR - TNPR D,PASSENGER,REVIEW,0.600,NUMBER_RANGE,75734,4,32,{LIKELY_TRUNCATED}
KIR-ASR EXPR,EXPRESS,REVIEW,0.650,NUMBER_RANGE,15707,1,51,{LIKELY_TRUNCATED}
KIR-BJU PASS,PASSENGER,REVIEW,0.600,NUMBER_RANGE,55221,1,24,{LIKELY_TRUNCATED}
KIR-DBG PASS,PASSENGER,REVIEW,0.600,NUMBER_RANGE,55223,1,41,{LIKELY_TRUNCATED}
KIR-HJP PASS,PASSENGER,REVIEW,0.600,NUMBER_RANGE,55539,1,44,{LIKELY_TRUNCATED}
KIR-HWH EXP,EXPRESS,REVIEW,0.650,NUMBER_RANGE,13034,1,45,{ROUTE_CODE_STYLE}
KIR-HWH EXPR,EXPRESS,REVIEW,0.650,NUMBER_RANGE,15712,1,11,{LIKELY_TRUNCATED}
KIR-JYG JANK,EXPRESS,REVIEW,0.650,NUMBER_RANGE,15283,1,19,{LIKELY_TRUNCATED}
KIR-MLDT PAS,PASSENGER,REVIEW,0.600,NUMBER_RANGE,55702,1,20,{LIKELY_TRUNCATED}
KIR-RDP EXPR,SUPERFAST,REVIEW,0.700,NUMBER_RANGE,22488,1,7,{LIKELY_TRUNCATED}
KIR-RDP PASS,PASSENGER,REVIEW,0.600,NUMBER_RANGE,55708,1,24,{LIKELY_TRUNCATED}
KIR-SGUJ INT,EXPRESS,REVIEW,0.650,NUMBER_RANGE,15719,1,18,{LIKELY_TRUNCATED}
KIR-SPJ PASS,PASSENGER,REVIEW,0.600,NUMBER_RANGE,55537,1,34,{LIKELY_TRUNCATED}
KISAN EXPRES,EXPRESS,REVIEW,0.650,NUMBER_RANGE,14519,2,38,{LIKELY_TRUNCATED}
KIUL-GAYA,PASSENGER,REVIEW,0.600,NUMBER_RANGE,53625,2,25,{ROUTE_CODE_STYLE}
KIUL-GAYA PA,PASSENGER,REVIEW,0.600,NUMBER_RANGE,53629,1,12,{LIKELY_TRUNCATED}
KIUL-JMP PAS,PASSENGER,REVIEW,0.600,NUMBER_RANGE,53480,1,13,{LIKELY_TRUNCATED}
KIUL-JMP PGR,PASSENGER,REVIEW,0.600,NUMBER_RANGE,53424,3,36,{LIKELY_TRUNCATED}
KIUL-JSME ME,PASSENGER,REVIEW,0.600,NUMBER_RANGE,63574,1,13,{LIKELY_TRUNCATED}
KIUL-MKA MEM,PASSENGER,REVIEW,0.600,NUMBER_RANGE,63203,1,8,{LIKELY_TRUNCATED}
KIUL-PNBE ME,PASSENGER,REVIEW,0.600,NUMBER_RANGE,63205,1,25,{LIKELY_TRUNCATED}
KJM-BBS WEEK,SUPERFAST,REVIEW,0.700,NUMBER_RANGE,22834,1,19,{LIKELY_TRUNCATED}
KJT-PUNE PAS,PASSENGER,REVIEW,0.600,NUMBER_RANGE,51317,1,19,{LIKELY_TRUNCATED}
KJV - JND MG,PASSENGER,REVIEW,0.600,NUMBER_RANGE,52955,1,12,{LIKELY_TRUNCATED}
KKDE-DLI DMU,PASSENGER,REVIEW,0.600,NUMBER_RANGE,74014,1,41,{LIKELY_TRUNCATED}
KKDE-DLI MEM,PASSENGER,REVIEW,0.600,NUMBER_RANGE,64452,2,56,{LIKELY_TRUNCATED}
KKDE-JIND PA,PASSENGER,REVIEW,0.600,NUMBER_RANGE,54037,4,61,{LIKELY_TRUNCATED}
KKDE-MTJ EXP,EXPRESS,REVIEW,0.650,NUMBER_RANGE,11902,1,13,{LIKELY_TRUNCATED}
KKDE-NZM MEM,PASSENGER,REVIEW,0.600,NUMBER_RANGE,64462,1,32,{LIKELY_TRUNCATED}
KKDE-UMB MEM,PASSENGER,REVIEW,0.600,NUMBER_RANGE,64483,1,7,{LIKELY_TRUNCATED}
KKDE-UMB PAS,PASSENGER,REVIEW,0.600,NUMBER_RANGE,64545,3,21,{LIKELY_TRUNCATED}
KKDI-MS PALL,SUPERFAST,REVIEW,0.700,NUMBER_RANGE,12606,1,13,{LIKELY_TRUNCATED}
KKDI-TPJ DMU,PASSENGER,REVIEW,0.600,NUMBER_RANGE,76830,1,10,{LIKELY_TRUNCATED}
KKDI-TPJ PAS,PASSENGER,REVIEW,0.600,NUMBER_RANGE,76840,1,10,{LIKELY_TRUNCATED}
KKDI-VPT PAS,PASSENGER,REVIEW,0.600,NUMBER_RANGE,76837,1,11,{LIKELY_TRUNCATED}
KKK GKP EXPR,EXPRESS,REVIEW,0.650,NUMBER_RANGE,15051,1,22,{LIKELY_TRUNCATED}
KKK-GKP EXP,EXPRESS,REVIEW,0.650,NUMBER_RANGE,15049,1,27,{ROUTE_CODE_STYLE}
KKP-FKA DMU,PASSENGER,REVIEW,0.600,NUMBER_RANGE,74981,2,26,{ROUTE_CODE_STYLE}
KLK - UMB LI,SUPERFAST,REVIEW,0.700,NUMBER_RANGE,22926,1,3,{LIKELY_TRUNCATED}
KLK BME EXPR,EXPRESS,REVIEW,0.650,NUMBER_RANGE,14887,1,40,{LIKELY_TRUNCATED}
KLK DLI HWH,SUPERFAST,REVIEW,0.700,NUMBER_RANGE,12312,1,40,{}
KLK DLI PASS,PASSENGER,REVIEW,0.600,NUMBER_RANGE,54304,1,47,{LIKELY_TRUNCATED}
KLK UMB PASS,PASSENGER,REVIEW,0.600,NUMBER_RANGE,54532,1,8,{LIKELY_TRUNCATED}
KLK-NDLS SHA,SUPERFAST,REVIEW,0.700,NUMBER_RANGE,12006,2,11,{LIKELY_TRUNCATED}
KLK-SML,PASSENGER,REVIEW,0.600,NUMBER_RANGE,52455,1,11,{ROUTE_CODE_STYLE}
KLK-SML MAIL,PASSENGER,REVIEW,0.600,NUMBER_RANGE,52453,1,12,{LIKELY_TRUNCATED}
KLK-SML PASS,PASSENGER,REVIEW,0.600,NUMBER_RANGE,52457,1,18,{LIKELY_TRUNCATED}
KLK-SML RMC,PASSENGER,REVIEW,0.600,NUMBER_RANGE,72451,1,3,{ROUTE_CODE_STYLE}
KLK-SML SHIV,PASSENGER,REVIEW,0.600,NUMBER_RANGE,52451,2,6,{LIKELY_TRUNCATED}
KLK-SNSI SUP,SUPERFAST,REVIEW,0.700,NUMBER_RANGE,22456,1,15,{LIKELY_TRUNCATED}
KLK-SVDK EXP,EXPRESS,REVIEW,0.650,NUMBER_RANGE,14503,1,10,{LIKELY_TRUNCATED}
KLYM - BGB L,PASSENGER,REVIEW,0.550,NUMBER_RANGE,34056,1,32,{LIKELY_TRUNCATED}
KLYM - MJT L,PASSENGER,REVIEW,0.550,NUMBER_RANGE,30128,1,32,{LIKELY_TRUNCATED}
KLYM - NH LO,PASSENGER,REVIEW,0.550,NUMBER_RANGE,31192,1,7,{LIKELY_TRUNCATED}
KLYM - SDAH,PASSENGER,REVIEW,0.550,NUMBER_RANGE,31316,1,21,{}
KLYM-SDAH EM,PASSENGER,REVIEW,0.550,NUMBER_RANGE,31338,1,21,{LIKELY_TRUNCATED}
KLYM-SDAH LO,PASSENGER,REVIEW,0.550,NUMBER_RANGE,31312,12,243,{LIKELY_TRUNCATED}
KMU TJ PASSR,PASSENGER,REVIEW,0.600,NUMBER_RANGE,56819,1,10,{LIKELY_TRUNCATED}
KMZ-BINA PAS,PASSENGER,REVIEW,0.600,NUMBER_RANGE,51602,1,31,{LIKELY_TRUNCATED}
KMZ-CHRM PAS,PASSENGER,REVIEW,0.600,NUMBER_RANGE,51605,1,28,{LIKELY_TRUNCATED}
KNF BJE PASS,PASSENGER,REVIEW,0.600,NUMBER_RANGE,68074,1,12,{LIKELY_TRUNCATED}
KNH-AIT PASS,PASSENGER,REVIEW,0.600,NUMBER_RANGE,51862,5,10,{LIKELY_TRUNCATED}
KNJ - SDAH,PASSENGER,REVIEW,0.550,NUMBER_RANGE,31814,10,262,{}
KNJ - SDAH L,PASSENGER,REVIEW,0.550,NUMBER_RANGE,31816,2,58,{LIKELY_TRUNCATED}
KNJ - SDAJ L,PASSENGER,REVIEW,0.550,NUMBER_RANGE,31812,1,29,{LIKELY_TRUNCATED}
KNJ -RHA LOC,PASSENGER,REVIEW,0.550,NUMBER_RANGE,31722,1,6,{LIKELY_TRUNCATED}
KNJ LGL EMU,PASSENGER,REVIEW,0.550,NUMBER_RANGE,31861,3,64,{}
KNJ-RHA LOCA,PASSENGER,REVIEW,0.550,NUMBER_RANGE,31726,1,7,{LIKELY_TRUNCATED}
KNJ-RHALOCAL,PASSENGER,REVIEW,0.550,NUMBER_RANGE,31724,1,5,{LIKELY_TRUNCATED}
KNJ-SDAH EMU,PASSENGER,REVIEW,0.550,NUMBER_RANGE,31842,1,9,{LIKELY_TRUNCATED}
KNJ-SDAH LOC,PASSENGER,REVIEW,0.550,NUMBER_RANGE,31802,4,85,{LIKELY_TRUNCATED}
KNJ-STB LOCA,PASSENGER,REVIEW,0.550,NUMBER_RANGE,31584,2,4,{LIKELY_TRUNCATED}
KNW-BIR SHUT,PASSENGER,REVIEW,0.600,NUMBER_RANGE,51685,2,10,{LIKELY_TRUNCATED}
KOAA - DBRG,SUPERFAST,REVIEW,0.700,NUMBER_RANGE,12525,1,23,{}
KOAA ADI EXP,EXPRESS,REVIEW,0.650,NUMBER_RANGE,19414,1,37,{LIKELY_TRUNCATED}
KOAA AII EXP,EXPRESS,REVIEW,0.650,NUMBER_RANGE,19607,1,30,{LIKELY_TRUNCATED}
KOAA GCT EXP,EXPRESS,REVIEW,0.650,NUMBER_RANGE,13121,1,16,{LIKELY_TRUNCATED}
KOAA GCT SHA,SUPERFAST,REVIEW,0.700,NUMBER_RANGE,22323,1,9,{LIKELY_TRUNCATED}
KOAA HDB SF,SUPERFAST,REVIEW,0.700,NUMBER_RANGE,12363,1,11,{}
KOAA JSME PG,PASSENGER,REVIEW,0.600,NUMBER_RANGE,53139,1,18,{LIKELY_TRUNCATED}
KOAA JYG EXP,EXPRESS,REVIEW,0.650,NUMBER_RANGE,13135,1,17,{LIKELY_TRUNCATED}
KOAA KHULNA,EXPRESS,REVIEW,0.650,NUMBER_RANGE,13129,1,2,{}
KOAA LGL EXP,EXPRESS,REVIEW,0.650,NUMBER_RANGE,13117,1,11,{LIKELY_TRUNCATED}
KOAA PNBE  E,EXPRESS,REVIEW,0.650,NUMBER_RANGE,13131,1,44,{LIKELY_TRUNCATED}
KOAA-AGC WEE,SUPERFAST,REVIEW,0.700,NUMBER_RANGE,12319,1,12,{LIKELY_TRUNCATED}
KOAA-AGC WKL,EXPRESS,REVIEW,0.650,NUMBER_RANGE,13167,1,22,{LIKELY_TRUNCATED}
KOAA-AMH WKL,EXPRESS,REVIEW,0.650,NUMBER_RANGE,13137,1,22,{LIKELY_TRUNCATED}
KOAA-NANGALD,SUPERFAST,REVIEW,0.700,NUMBER_RANGE,12325,1,18,{LIKELY_TRUNCATED}
KOAA-SDAH LO,PASSENGER,REVIEW,0.550,NUMBER_RANGE,30451,1,11,{LIKELY_TRUNCATED}
KOCHUVELI EX,EXPRESS,REVIEW,0.650,NUMBER_RANGE,19262,1,30,{LIKELY_TRUNCATED}
KODR - VRLF,PASSENGER,REVIEW,0.600,NUMBER_RANGE,52953,1,7,{}
KOL GARIB RA,SUPERFAST,REVIEW,0.700,NUMBER_RANGE,12360,1,13,{LIKELY_TRUNCATED}
KOL-DHAKA MA,EXPRESS,REVIEW,0.650,NUMBER_RANGE,13109,1,2,{LIKELY_TRUNCATED}
KOLKATA EXPR,EXPRESS,REVIEW,0.650,NUMBER_RANGE,19413,1,37,{LIKELY_TRUNCATED}
KOLKATA MAIL,SUPERFAST,REVIEW,0.700,NUMBER_RANGE,12322,1,49,{LIKELY_TRUNCATED}
KOLKATA RADH,EXPRESS,REVIEW,0.650,NUMBER_RANGE,13145,1,20,{LIKELY_TRUNCATED}
KOLKATA RAJD,SUPERFAST,REVIEW,0.700,NUMBER_RANGE,12301,4,34,{LIKELY_TRUNCATED}
KOLKATA-BALU,EXPRESS,REVIEW,0.650,NUMBER_RANGE,13161,1,12,{LIKELY_TRUNCATED}
KOLKATA-DARB,EXPRESS,REVIEW,0.650,NUMBER_RANGE,15233,1,10,{LIKELY_TRUNCATED}
KOLKATA-JOGB,EXPRESS,REVIEW,0.650,NUMBER_RANGE,13159,1,16,{LIKELY_TRUNCATED}
KOLKATA-SITA,EXPRESS,REVIEW,0.650,NUMBER_RANGE,13165,1,15,{LIKELY_TRUNCATED}
KOLKATTA RAD,EXPRESS,REVIEW,0.650,NUMBER_RANGE,13146,1,20,{LIKELY_TRUNCATED}
KOLONGPAR PA,PASSENGER,REVIEW,0.600,NUMBER_RANGE,55603,2,58,{LIKELY_TRUNCATED}
KONARK EXPRE,EXPRESS,REVIEW,0.650,NUMBER_RANGE,11019,2,79,{LIKELY_TRUNCATED}
KONGU EXPRES,SUPERFAST,REVIEW,0.700,NUMBER_RANGE,12647,2,56,{LIKELY_TRUNCATED}
KONKAN KANYA,EXPRESS,REVIEW,0.650,NUMBER_RANGE,10111,2,40,{LIKELY_TRUNCATED}
KOP - SUR EX,EXPRESS,REVIEW,0.650,NUMBER_RANGE,11052,1,9,{LIKELY_TRUNCATED}
KOP MRJ PASS,PASSENGER,REVIEW,0.600,NUMBER_RANGE,51408,2,13,{LIKELY_TRUNCATED}
KOP SLI PASS,PASSENGER,REVIEW,0.600,NUMBER_RANGE,51430,1,9,{LIKELY_TRUNCATED}
KOP-ADI EXPR,EXPRESS,REVIEW,0.650,NUMBER_RANGE,11050,1,18,{LIKELY_TRUNCATED}
KOP-HYB EXPR,EXPRESS,REVIEW,0.650,NUMBER_RANGE,11304,1,38,{LIKELY_TRUNCATED}
KOP-NGP EXPR,EXPRESS,REVIEW,0.650,NUMBER_RANGE,11404,1,22,{LIKELY_TRUNCATED}
KOP-NZM EXPR,SUPERFAST,REVIEW,0.700,NUMBER_RANGE,12147,1,22,{LIKELY_TRUNCATED}
KOP-PUNE PAS,PASSENGER,REVIEW,0.600,NUMBER_RANGE,51410,1,41,{LIKELY_TRUNCATED}
KOP-STR PASS,PASSENGER,REVIEW,0.600,NUMBER_RANGE,51442,1,24,{LIKELY_TRUNCATED}
KOP-TPTY HAR,EXPRESS,REVIEW,0.650,NUMBER_RANGE,17416,1,32,{LIKELY_TRUNCATED}
KORAPUT ROU,EXPRESS,REVIEW,0.650,NUMBER_RANGE,18108,1,13,{}
KORBA-VSKP E,EXPRESS,REVIEW,0.650,NUMBER_RANGE,18517,1,31,{LIKELY_TRUNCATED}
KOTA - PNBE,EXPRESS,REVIEW,0.650,NUMBER_RANGE,13238,2,52,{}
KOTA JANSHTB,SUPERFAST,REVIEW,0.700,NUMBER_RANGE,12060,1,10,{LIKELY_TRUNCATED}
KOTA-BHIND P,PASSENGER,REVIEW,0.600,NUMBER_RANGE,59821,1,42,{LIKELY_TRUNCATED}
KOTA-BINA PA,PASSENGER,REVIEW,0.600,NUMBER_RANGE,51611,1,38,{LIKELY_TRUNCATED}
KOTA-BRC PAR,PASSENGER,REVIEW,0.600,NUMBER_RANGE,59832,1,63,{LIKELY_TRUNCATED}
KOTA-HMH -KO,SUPERFAST,REVIEW,0.700,NUMBER_RANGE,22982,1,28,{LIKELY_TRUNCATED}
KOTA-HMH SUP,SUPERFAST,REVIEW,0.700,NUMBER_RANGE,22981,1,28,{LIKELY_TRUNCATED}
KOTA-INDB IN,SUPERFAST,REVIEW,0.700,NUMBER_RANGE,22983,1,14,{LIKELY_TRUNCATED}
KOTA-JAB PAS,PASSENGER,REVIEW,0.600,NUMBER_RANGE,59813,1,42,{LIKELY_TRUNCATED}
KOTA-JLWC,PASSENGER,REVIEW,0.600,NUMBER_RANGE,59838,1,11,{ROUTE_CODE_STYLE}
KOTA-JLWC PA,PASSENGER,REVIEW,0.600,NUMBER_RANGE,59840,1,11,{LIKELY_TRUNCATED}
KOTA-JP EXP,EXPRESS,REVIEW,0.650,NUMBER_RANGE,19807,1,11,{ROUTE_CODE_STYLE}
KOTA-NMH FAS,PASSENGER,REVIEW,0.600,NUMBER_RANGE,59833,1,15,{LIKELY_TRUNCATED}
KOTA-RTM PAS,PASSENGER,REVIEW,0.600,NUMBER_RANGE,59804,1,24,{LIKELY_TRUNCATED}
KOTA-SVDK WE,EXPRESS,REVIEW,0.650,NUMBER_RANGE,19803,1,30,{LIKELY_TRUNCATED}
KOTA-UHP WEE,EXPRESS,REVIEW,0.650,NUMBER_RANGE,19805,1,22,{LIKELY_TRUNCATED}
KOTDEWAR NBD,PASSENGER,REVIEW,0.600,NUMBER_RANGE,54388,2,6,{LIKELY_TRUNCATED}
KOYNA EXPRES,EXPRESS,REVIEW,0.650,NUMBER_RANGE,11029,2,69,{LIKELY_TRUNCATED}
KP 15,EMU,REVIEW,0.750,NUMBER_RANGE,96019,1,10,{}
KP 8,EMU,REVIEW,0.750,NUMBER_RANGE,95008,1,8,{}
KP-17,EMU,REVIEW,0.750,NUMBER_RANGE,95013,1,8,{ROUTE_CODE_STYLE}
KP1,EMU,REVIEW,0.750,NUMBER_RANGE,96003,1,10,{COACH_CODE_AS_NAME}
KP10,EMU,REVIEW,0.750,NUMBER_RANGE,95010,1,8,{COACH_CODE_AS_NAME}
KP11,EMU,REVIEW,0.750,NUMBER_RANGE,95009,1,10,{COACH_CODE_AS_NAME}
KP12,EMU,REVIEW,0.750,NUMBER_RANGE,95012,1,8,{COACH_CODE_AS_NAME}
KP13,EMU,REVIEW,0.750,NUMBER_RANGE,95011,1,10,{COACH_CODE_AS_NAME}
KP14,EMU,REVIEW,0.750,NUMBER_RANGE,96020,1,8,{COACH_CODE_AS_NAME}
KP2,EMU,REVIEW,0.750,NUMBER_RANGE,95004,1,8,{COACH_CODE_AS_NAME}
KP3,EMU,REVIEW,0.750,NUMBER_RANGE,95001,1,10,{COACH_CODE_AS_NAME}
KP4,EMU,REVIEW,0.750,NUMBER_RANGE,95002,1,8,{COACH_CODE_AS_NAME}
KP5,EMU,REVIEW,0.750,NUMBER_RANGE,95003,1,10,{COACH_CODE_AS_NAME}
KP6,EMU,REVIEW,0.750,NUMBER_RANGE,95006,1,8,{COACH_CODE_AS_NAME}
KP7,EMU,REVIEW,0.750,NUMBER_RANGE,95005,1,10,{COACH_CODE_AS_NAME}
KP9,EMU,REVIEW,0.750,NUMBER_RANGE,95007,1,10,{COACH_CODE_AS_NAME}
KPD -VM PASS,PASSENGER,REVIEW,0.600,NUMBER_RANGE,56883,1,14,{LIKELY_TRUNCATED}
KPD PASSENGE,PASSENGER,REVIEW,0.600,NUMBER_RANGE,57401,1,13,{LIKELY_TRUNCATED}
KPD-AJJ PASS,PASSENGER,REVIEW,0.600,NUMBER_RANGE,56008,2,23,{LIKELY_TRUNCATED}
KPD-SA PASSR,PASSENGER,REVIEW,0.600,NUMBER_RANGE,66019,1,27,{LIKELY_TRUNCATED}
KPD-TPTY PAS,PASSENGER,REVIEW,0.600,NUMBER_RANGE,57404,1,14,{LIKELY_TRUNCATED}
KPD-VM PASSR,PASSENGER,REVIEW,0.600,NUMBER_RANGE,56881,1,14,{LIKELY_TRUNCATED}
KPN-BWT MEMU,PASSENGER,REVIEW,0.600,NUMBER_RANGE,66527,1,5,{LIKELY_TRUNCATED}
KPN-SBC MEMU,PASSENGER,REVIEW,0.600,NUMBER_RANGE,66543,1,17,{LIKELY_TRUNCATED}
KPN-SBC PASS,PASSENGER,REVIEW,0.600,NUMBER_RANGE,66529,1,16,{LIKELY_TRUNCATED}
KPV-LKU PASS,PASSENGER,REVIEW,0.600,NUMBER_RANGE,55316,3,20,{LIKELY_TRUNCATED}
KPV-MB PASSE,PASSENGER,REVIEW,0.600,NUMBER_RANGE,55312,1,9,{LIKELY_TRUNCATED}
KPV-RMR PASS,PASSENGER,REVIEW,0.600,NUMBER_RANGE,55313,1,4,{LIKELY_TRUNCATED}
KQR-DHN MEMU,PASSENGER,REVIEW,0.600,NUMBER_RANGE,63550,1,23,{LIKELY_TRUNCATED}
KQR-HZBN-BRK,PASSENGER,REVIEW,0.600,NUMBER_RANGE,53371,2,32,{LIKELY_TRUNCATED}
KQR-KWAR PAS,PASSENGER,REVIEW,0.600,NUMBER_RANGE,53366,2,18,{LIKELY_TRUNCATED}
KQZ - BNC PA,PASSENGER,REVIEW,0.600,NUMBER_RANGE,76502,1,2,{LIKELY_TRUNCATED}
KQZ-BNC PASS,PASSENGER,REVIEW,0.600,NUMBER_RANGE,76506,1,10,{LIKELY_TRUNCATED}
KQZ-BWT DEMU,PASSENGER,REVIEW,0.600,NUMBER_RANGE,76504,1,2,{LIKELY_TRUNCATED}
KQZ-CPT DEMU,PASSENGER,REVIEW,0.600,NUMBER_RANGE,76526,1,31,{LIKELY_TRUNCATED}
KQZ-SBC PASS,PASSENGER,REVIEW,0.600,NUMBER_RANGE,76552,1,22,{LIKELY_TRUNCATED}
KRBA TVC EXP,SUPERFAST,REVIEW,0.700,NUMBER_RANGE,22647,1,55,{LIKELY_TRUNCATED}
KRDL-VSKP,PASSENGER,REVIEW,0.600,NUMBER_RANGE,58502,1,53,{ROUTE_CODE_STYLE}
KRISHAK EXPR,EXPRESS,REVIEW,0.650,NUMBER_RANGE,15007,2,73,{LIKELY_TRUNCATED}
KRJ-SSB 12CA,PASSENGER,REVIEW,0.600,NUMBER_RANGE,64113,1,22,{LIKELY_TRUNCATED}
KRMI-CSTM TE,SUPERFAST,REVIEW,0.700,NUMBER_RANGE,22120,1,7,{LIKELY_TRUNCATED}
KRMI-LTT AC,SUPERFAST,REVIEW,0.700,NUMBER_RANGE,22116,1,8,{ROUTE_CODE_STYLE}
KRML-LJPL,PASSENGER,REVIEW,0.600,NUMBER_RANGE,77274,1,3,{ROUTE_CODE_STYLE}
KRMR-LJPL,PASSENGER,REVIEW,0.600,NUMBER_RANGE,77273,1,3,{ROUTE_CODE_STYLE}
KRMR-MRTD PA,PASSENGER,REVIEW,0.600,NUMBER_RANGE,77260,1,8,{LIKELY_TRUNCATED}
KRMR-TPTY EX,SUPERFAST,REVIEW,0.700,NUMBER_RANGE,12762,1,12,{LIKELY_TRUNCATED}
KRNT PASS,PASSENGER,REVIEW,0.600,NUMBER_RANGE,57435,2,37,{}
KRNT-NDL,PASSENGER,REVIEW,0.600,NUMBER_RANGE,77696,1,14,{ROUTE_CODE_STYLE}
KRNT-SC TUNG,EXPRESS,REVIEW,0.650,NUMBER_RANGE,17024,1,14,{LIKELY_TRUNCATED}
KRPU-SBP PAS,PASSENGER,REVIEW,0.600,NUMBER_RANGE,58302,1,41,{LIKELY_TRUNCATED}
KRPU-VSKP BI,EXPRESS,REVIEW,0.650,NUMBER_RANGE,18511,1,12,{LIKELY_TRUNCATED}
KRPU-VSKP PA,PASSENGER,REVIEW,0.600,NUMBER_RANGE,58537,1,39,{LIKELY_TRUNCATED}
KRR TPJ PASS,PASSENGER,REVIEW,0.600,NUMBER_RANGE,76834,2,33,{LIKELY_TRUNCATED}
KRR-SA PASSR,PASSENGER,REVIEW,0.600,NUMBER_RANGE,56106,2,14,{LIKELY_TRUNCATED}
KSJ-AF PASSE,PASSENGER,REVIEW,0.600,NUMBER_RANGE,55333,1,22,{LIKELY_TRUNCATED}
KSJ-AH FAST,PASSENGER,REVIEW,0.600,NUMBER_RANGE,55337,1,18,{ROUTE_CODE_STYLE}
KSJ-BC PASSE,PASSENGER,REVIEW,0.600,NUMBER_RANGE,55343,2,38,{LIKELY_TRUNCATED}
KSJ-BC-PASS,PASSENGER,REVIEW,0.600,NUMBER_RANGE,55355,3,46,{ROUTE_CODE_STYLE}
KSJ-BTE PASS,PASSENGER,REVIEW,0.600,NUMBER_RANGE,55341,1,22,{LIKELY_TRUNCATED}
KSJ-CNB-EXP,EXPRESS,REVIEW,0.650,NUMBER_RANGE,15038,1,20,{ROUTE_CODE_STYLE}
KSJ-FBD PASS,PASSENGER,REVIEW,0.600,NUMBER_RANGE,55332,1,17,{LIKELY_TRUNCATED}
KSJ-FBD-EXP,EXPRESS,REVIEW,0.650,NUMBER_RANGE,15040,2,17,{ROUTE_CODE_STYLE}
KSJ-LJN  PAS,PASSENGER,REVIEW,0.600,NUMBER_RANGE,55326,1,55,{LIKELY_TRUNCATED}
KSJ-MTJ  PAS,PASSENGER,REVIEW,0.600,NUMBER_RANGE,55339,2,21,{LIKELY_TRUNCATED}
KSJ-SKB PASS,PASSENGER,REVIEW,0.600,NUMBER_RANGE,55330,1,33,{LIKELY_TRUNCATED}
KSV-AGC MEMU,PASSENGER,REVIEW,0.600,NUMBER_RANGE,64959,1,14,{LIKELY_TRUNCATED}
KSV-GZB 12CA,PASSENGER,REVIEW,0.600,NUMBER_RANGE,64901,1,22,{LIKELY_TRUNCATED}
KSV-NDLS 12C,PASSENGER,REVIEW,0.600,NUMBER_RANGE,64073,1,16,{LIKELY_TRUNCATED}
KSV-NZM PASS,PASSENGER,REVIEW,0.600,NUMBER_RANGE,64569,1,13,{LIKELY_TRUNCATED}
KTE BSL PASS,PASSENGER,REVIEW,0.600,NUMBER_RANGE,51188,1,71,{LIKELY_TRUNCATED}
KTE-BINA PAS,PASSENGER,REVIEW,0.600,NUMBER_RANGE,51604,1,32,{LIKELY_TRUNCATED}
KTE-BSP MEMU,PASSENGER,REVIEW,0.600,NUMBER_RANGE,68748,1,37,{LIKELY_TRUNCATED}
KTE-CPU PASS,PASSENGER,REVIEW,0.600,NUMBER_RANGE,51675,2,70,{LIKELY_TRUNCATED}
KTE-ET FAST,PASSENGER,REVIEW,0.600,NUMBER_RANGE,51672,1,44,{ROUTE_CODE_STYLE}
KTW NBD PASS,PASSENGER,REVIEW,0.600,NUMBER_RANGE,54386,1,3,{LIKELY_TRUNCATED}
KTW-NBD PASS,PASSENGER,REVIEW,0.600,NUMBER_RANGE,54092,1,3,{LIKELY_TRUNCATED}
KTYM-ERS PAS,PASSENGER,REVIEW,0.600,NUMBER_RANGE,56386,2,18,{LIKELY_TRUNCATED}
KTYM-QLN PAS,PASSENGER,REVIEW,0.600,NUMBER_RANGE,56305,2,28,{LIKELY_TRUNCATED}
KUMBHA EXPRE,SUPERFAST,REVIEW,0.700,NUMBER_RANGE,12369,1,20,{LIKELY_TRUNCATED}
KUNCHANJUNGH,EXPRESS,REVIEW,0.650,NUMBER_RANGE,15658,1,33,{LIKELY_TRUNCATED}
KUR-KGP PASS,PASSENGER,REVIEW,0.600,NUMBER_RANGE,58006,1,32,{LIKELY_TRUNCATED}
KUR-NYGT PAS,PASSENGER,REVIEW,0.600,NUMBER_RANGE,58429,2,14,{LIKELY_TRUNCATED}
KUR-PURI PAS,PASSENGER,REVIEW,0.600,NUMBER_RANGE,58403,2,22,{LIKELY_TRUNCATED}
KURJ JHANSI,PASSENGER,REVIEW,0.600,NUMBER_RANGE,51817,1,26,{}
KURJ UDZ EXP,EXPRESS,REVIEW,0.650,NUMBER_RANGE,19665,1,29,{LIKELY_TRUNCATED}
KURJ-BPL MAH,SUPERFAST,REVIEW,0.700,NUMBER_RANGE,22164,1,9,{LIKELY_TRUNCATED}
KURJ-BSB LIN,EXPRESS,REVIEW,0.650,NUMBER_RANGE,21107,2,4,{LIKELY_TRUNCATED}
KURJ-CNB-PAS,PASSENGER,REVIEW,0.600,NUMBER_RANGE,54161,1,27,{LIKELY_TRUNCATED}
KURJ-JHS PAS,PASSENGER,REVIEW,0.600,NUMBER_RANGE,51822,1,6,{LIKELY_TRUNCATED}
KUSHINAGAR E,EXPRESS,REVIEW,0.650,NUMBER_RANGE,11015,2,93,{LIKELY_TRUNCATED}
KUTCH EXPRES,SUPERFAST,REVIEW,0.700,NUMBER_RANGE,22955,2,44,{LIKELY_TRUNCATED}
KW1,EMU,REVIEW,0.750,NUMBER_RANGE,95721,1,19,{COACH_CODE_AS_NAME}
KW2,EMU,REVIEW,0.750,NUMBER_RANGE,95702,1,17,{COACH_CODE_AS_NAME}
KWAE - AZ  P,PASSENGER,REVIEW,0.600,NUMBER_RANGE,53011,3,48,{LIKELY_TRUNCATED}
KWAE - AZ PA,PASSENGER,REVIEW,0.600,NUMBER_RANGE,53009,1,18,{LIKELY_TRUNCATED}
KWAE - RPH P,PASSENGER,REVIEW,0.600,NUMBER_RANGE,53007,1,28,{LIKELY_TRUNCATED}
KWAE BDC LOC,PASSENGER,REVIEW,0.550,NUMBER_RANGE,37756,1,28,{LIKELY_TRUNCATED}
KWAE-AZ DEMU,PASSENGER,REVIEW,0.600,NUMBER_RANGE,73031,1,13,{LIKELY_TRUNCATED}
KWAE-AZ PASS,PASSENGER,REVIEW,0.600,NUMBER_RANGE,53005,4,66,{LIKELY_TRUNCATED}
KWAE-BDC LOC,PASSENGER,REVIEW,0.550,NUMBER_RANGE,37742,8,214,{LIKELY_TRUNCATED}
KWAE-HWH LOC,PASSENGER,REVIEW,0.550,NUMBER_RANGE,37912,9,333,{LIKELY_TRUNCATED}
KWAE-NILE DE,PASSENGER,REVIEW,0.600,NUMBER_RANGE,73035,1,23,{LIKELY_TRUNCATED}
KWAE-SDAH LO,PASSENGER,REVIEW,0.550,NUMBER_RANGE,31112,1,37,{LIKELY_TRUNCATED}
KWAR-KQR PAS,PASSENGER,REVIEW,0.600,NUMBER_RANGE,53365,2,18,{LIKELY_TRUNCATED}
KWDP-LKPR LO,PASSENGER,REVIEW,0.550,NUMBER_RANGE,34981,1,7,{LIKELY_TRUNCATED}
KWV-MRJ PASS,PASSENGER,REVIEW,0.600,NUMBER_RANGE,51437,1,17,{LIKELY_TRUNCATED}
KYJ-ALLP PAS,PASSENGER,REVIEW,0.600,NUMBER_RANGE,56378,1,6,{LIKELY_TRUNCATED}
KYJ-ERS PASS,PASSENGER,REVIEW,0.600,NUMBER_RANGE,56380,3,48,{LIKELY_TRUNCATED}
KYND-TPTY PA,PASSENGER,REVIEW,0.600,NUMBER_RANGE,57478,1,42,{LIKELY_TRUNCATED}
KYQ - ANVT E,EXPRESS,REVIEW,0.650,NUMBER_RANGE,15621,1,25,{LIKELY_TRUNCATED}
KYQ - APDJ I,EXPRESS,REVIEW,0.650,NUMBER_RANGE,15772,1,20,{LIKELY_TRUNCATED}
KYQ - BNC HU,SUPERFAST,REVIEW,0.700,NUMBER_RANGE,12504,1,23,{LIKELY_TRUNCATED}
KYQ - DBB FA,PASSENGER,REVIEW,0.600,NUMBER_RANGE,55812,1,21,{LIKELY_TRUNCATED}
KYQ - DMV BG,EXPRESS,REVIEW,0.650,NUMBER_RANGE,15665,1,9,{LIKELY_TRUNCATED}
KYQ - DMV EX,EXPRESS,REVIEW,0.650,NUMBER_RANGE,15669,1,7,{LIKELY_TRUNCATED}
KYQ - LMG PA,PASSENGER,REVIEW,0.600,NUMBER_RANGE,55601,1,26,{LIKELY_TRUNCATED}
KYQ - PURI E,EXPRESS,REVIEW,0.650,NUMBER_RANGE,15640,1,26,{LIKELY_TRUNCATED}
KYQ - SVDK E,EXPRESS,REVIEW,0.650,NUMBER_RANGE,15655,1,40,{LIKELY_TRUNCATED}
KYQ - YPR AC,SUPERFAST,REVIEW,0.700,NUMBER_RANGE,12552,1,29,{LIKELY_TRUNCATED}
KYQ BGKT WEE,EXPRESS,REVIEW,0.650,NUMBER_RANGE,15624,1,46,{LIKELY_TRUNCATED}
KYQ JP KAVIG,EXPRESS,REVIEW,0.650,NUMBER_RANGE,19710,1,37,{LIKELY_TRUNCATED}
KYQ-DBRG IC,EXPRESS,REVIEW,0.650,NUMBER_RANGE,15605,1,20,{ROUTE_CODE_STYLE}
KYQ-DKGN INT,EXPRESS,REVIEW,0.650,NUMBER_RANGE,15815,1,12,{LIKELY_TRUNCATED}
KYQ-GAYA EXP,EXPRESS,REVIEW,0.650,NUMBER_RANGE,15620,1,21,{LIKELY_TRUNCATED}
KYQ-LTT AC E,SUPERFAST,REVIEW,0.700,NUMBER_RANGE,12520,1,28,{LIKELY_TRUNCATED}
KYQ-PURI  EX,EXPRESS,REVIEW,0.650,NUMBER_RANGE,15644,1,26,{LIKELY_TRUNCATED}
KYQ-RJPB CAP,EXPRESS,REVIEW,0.650,NUMBER_RANGE,13247,1,41,{LIKELY_TRUNCATED}
KYQ-RNC EXPR,EXPRESS,REVIEW,0.650,NUMBER_RANGE,15662,1,29,{LIKELY_TRUNCATED}
KZJ-AJNI PAS,PASSENGER,REVIEW,0.600,NUMBER_RANGE,57136,1,48,{LIKELY_TRUNCATED}
KZJ-LTT ANAN,SUPERFAST,REVIEW,0.700,NUMBER_RANGE,22128,1,21,{LIKELY_TRUNCATED}
KZJ-LTT TADO,EXPRESS,REVIEW,0.650,NUMBER_RANGE,11084,1,28,{LIKELY_TRUNCATED}
KZJ-MUGR PAS,PASSENGER,REVIEW,0.600,NUMBER_RANGE,57658,1,23,{LIKELY_TRUNCATED}
KZJ-PUNE SF,SUPERFAST,REVIEW,0.700,NUMBER_RANGE,22152,1,19,{ROUTE_CODE_STYLE}
KZJ-VSKP LIN,SUPERFAST,REVIEW,0.700,NUMBER_RANGE,12862,1,19,{LIKELY_TRUNCATED}
LACHIT EXPRE,EXPRESS,REVIEW,0.650,NUMBER_RANGE,15613,2,50,{LIKELY_TRUNCATED}
LAD RNC PASS,PASSENGER,REVIEW,0.600,NUMBER_RANGE,58652,2,20,{LIKELY_TRUNCATED}
LAD-RNC PASS,PASSENGER,REVIEW,0.600,NUMBER_RANGE,58658,1,7,{LIKELY_TRUNCATED}
LAKHIKANTAPU,PASSENGER,REVIEW,0.550,NUMBER_RANGE,34331,1,13,{LIKELY_TRUNCATED}
LASHKAR EXPR,SUPERFAST,REVIEW,0.700,NUMBER_RANGE,12161,2,42,{LIKELY_TRUNCATED}
LD MRJ PASNG,PASSENGER,REVIEW,0.600,NUMBER_RANGE,51432,1,21,{LIKELY_TRUNCATED}
LDH - FZR PA,PASSENGER,REVIEW,0.600,NUMBER_RANGE,54571,1,20,{LIKELY_TRUNCATED}
LDH - LNK PA,PASSENGER,REVIEW,0.600,NUMBER_RANGE,54575,1,15,{LIKELY_TRUNCATED}
LDH HSR PASS,PASSENGER,REVIEW,0.600,NUMBER_RANGE,54634,1,34,{LIKELY_TRUNCATED}
LDH-ASR MEMU,PASSENGER,REVIEW,0.600,NUMBER_RANGE,64551,1,21,{LIKELY_TRUNCATED}
LDH-FZR DMU,PASSENGER,REVIEW,0.600,NUMBER_RANGE,74961,4,80,{ROUTE_CODE_STYLE}
LDH-FZR PASS,PASSENGER,REVIEW,0.600,NUMBER_RANGE,54051,2,28,{LIKELY_TRUNCATED}
LDH-HSR PASS,PASSENGER,REVIEW,0.600,NUMBER_RANGE,54604,2,58,{LIKELY_TRUNCATED}
LDH-JUC DMU,PASSENGER,REVIEW,0.600,NUMBER_RANGE,74647,1,8,{ROUTE_CODE_STYLE}
LDH-LNK DMU,PASSENGER,REVIEW,0.600,NUMBER_RANGE,74965,5,75,{ROUTE_CODE_STYLE}
LDH-NDLS SHA,SUPERFAST,REVIEW,0.700,NUMBER_RANGE,12038,1,7,{LIKELY_TRUNCATED}
LDH-UMB MEMU,PASSENGER,REVIEW,0.600,NUMBER_RANGE,64522,2,28,{LIKELY_TRUNCATED}
LEDO - DBRT,PASSENGER,REVIEW,0.600,NUMBER_RANGE,75902,2,28,{}
LEDO - TSK D,PASSENGER,REVIEW,0.600,NUMBER_RANGE,75904,1,4,{LIKELY_TRUNCATED}
LEELAN EXP,SUPERFAST,REVIEW,0.700,NUMBER_RANGE,12467,2,44,{}
LGH JSM EXP,EXPRESS,REVIEW,0.650,NUMBER_RANGE,14704,1,14,{}
LGH-ABS PASS,PASSENGER,REVIEW,0.600,NUMBER_RANGE,54702,1,39,{LIKELY_TRUNCATED}
LGL - RHA EM,PASSENGER,REVIEW,0.550,NUMBER_RANGE,31772,1,29,{LIKELY_TRUNCATED}
LGL - RHA PA,PASSENGER,REVIEW,0.550,NUMBER_RANGE,31768,1,27,{LIKELY_TRUNCATED}
LGL KNJ EMU,PASSENGER,REVIEW,0.550,NUMBER_RANGE,31866,1,21,{}
LGL KOAA EXP,EXPRESS,REVIEW,0.650,NUMBER_RANGE,13118,1,11,{LIKELY_TRUNCATED}
LGL PGR,PASSENGER,REVIEW,0.600,NUMBER_RANGE,53181,1,34,{}
LGL SDAH PGR,PASSENGER,REVIEW,0.600,NUMBER_RANGE,53172,1,38,{LIKELY_TRUNCATED}
LGL-KOAA PAS,PASSENGER,REVIEW,0.600,NUMBER_RANGE,53180,1,39,{LIKELY_TRUNCATED}
LGL-RHA EMU,PASSENGER,REVIEW,0.550,NUMBER_RANGE,31766,2,54,{ROUTE_CODE_STYLE}
LGL-SDAH MEM,PASSENGER,REVIEW,0.600,NUMBER_RANGE,63108,1,34,{LIKELY_TRUNCATED}
LGL-SDAH PAS,PASSENGER,REVIEW,0.600,NUMBER_RANGE,53176,1,36,{LIKELY_TRUNCATED}
LGL-SDAH PGR,PASSENGER,REVIEW,0.600,NUMBER_RANGE,53178,2,69,{LIKELY_TRUNCATED}
LICHCHIVI EX,EXPRESS,REVIEW,0.650,NUMBER_RANGE,14005,2,84,{LIKELY_TRUNCATED}
LINK EXPRESS,EXPRESS,REVIEW,0.880,NAME_RULE,20901,2,8,{LIKELY_TRUNCATED}
LJN - MAS EX,EXPRESS,REVIEW,0.650,NUMBER_RANGE,16094,1,46,{LIKELY_TRUNCATED}
LJN BDTS EXP,EXPRESS,REVIEW,0.650,NUMBER_RANGE,19022,1,23,{LIKELY_TRUNCATED}
LJN JP EXP,EXPRESS,REVIEW,0.650,NUMBER_RANGE,19716,1,17,{}
LJN PPTA S F,SUPERFAST,REVIEW,0.700,NUMBER_RANGE,12530,1,10,{LIKELY_TRUNCATED}
LJN SRE EXP,EXPRESS,REVIEW,0.650,NUMBER_RANGE,15012,1,20,{}
LJN- GKP INT,SUPERFAST,REVIEW,0.700,NUMBER_RANGE,12532,1,12,{LIKELY_TRUNCATED}
LJN-BBK MEMU,PASSENGER,REVIEW,0.600,NUMBER_RANGE,64272,2,20,{LIKELY_TRUNCATED}
LJN-BPL-EXP,SUPERFAST,REVIEW,0.700,NUMBER_RANGE,12593,1,6,{ROUTE_CODE_STYLE}
LJN-CNB MEMU,PASSENGER,REVIEW,0.600,NUMBER_RANGE,64251,2,26,{LIKELY_TRUNCATED}
LJN-CPR-EXP,EXPRESS,REVIEW,0.650,NUMBER_RANGE,15054,2,28,{ROUTE_CODE_STYLE}
LJN-JEA  PAS,PASSENGER,REVIEW,0.600,NUMBER_RANGE,55050,1,58,{LIKELY_TRUNCATED}
LJN-KAP MEMU,PASSENGER,REVIEW,0.600,NUMBER_RANGE,64253,2,32,{LIKELY_TRUNCATED}
LJN-KGM EXPR,EXPRESS,REVIEW,0.650,NUMBER_RANGE,15043,1,11,{LIKELY_TRUNCATED}
LJN-KSJ  PAS,PASSENGER,REVIEW,0.600,NUMBER_RANGE,55325,1,55,{LIKELY_TRUNCATED}
LJN-LTT EXPR,SUPERFAST,REVIEW,0.700,NUMBER_RANGE,12108,1,11,{LIKELY_TRUNCATED}
LJN-PUNE EXP,EXPRESS,REVIEW,0.650,NUMBER_RANGE,11408,2,30,{LIKELY_TRUNCATED}
LJN-SRE EXP,EXPRESS,REVIEW,0.650,NUMBER_RANGE,15011,1,20,{ROUTE_CODE_STYLE}
LKO - BDL IN,EXPRESS,REVIEW,0.650,NUMBER_RANGE,14210,1,8,{LIKELY_TRUNCATED}
LKO - CDG EX,SUPERFAST,REVIEW,0.700,NUMBER_RANGE,12231,1,16,{LIKELY_TRUNCATED}
LKO -JHS INT,EXPRESS,REVIEW,0.650,NUMBER_RANGE,11110,1,11,{LIKELY_TRUNCATED}
LKO ADI EXP,EXPRESS,REVIEW,0.650,NUMBER_RANGE,19402,1,27,{}
LKO BSB INTE,EXPRESS,REVIEW,0.650,NUMBER_RANGE,14204,1,14,{LIKELY_TRUNCATED}
LKO-BBK MEMU,PASSENGER,REVIEW,0.600,NUMBER_RANGE,64232,2,10,{LIKELY_TRUNCATED}
LKO-BSB EXPR,EXPRESS,REVIEW,0.650,NUMBER_RANGE,14220,1,12,{LIKELY_TRUNCATED}
LKO-BSB PASS,PASSENGER,REVIEW,0.600,NUMBER_RANGE,54256,2,88,{LIKELY_TRUNCATED}
LKO-CNB MEMU,PASSENGER,REVIEW,0.600,NUMBER_RANGE,64201,7,92,{LIKELY_TRUNCATED}
LKO-FD PASS,PASSENGER,REVIEW,0.600,NUMBER_RANGE,54234,1,18,{ROUTE_CODE_STYLE}
LKO-FD PASSE,PASSENGER,REVIEW,0.600,NUMBER_RANGE,54232,1,18,{LIKELY_TRUNCATED}
LKO-HRI-LKO,PASSENGER,REVIEW,0.600,NUMBER_RANGE,64221,1,22,{ROUTE_CODE_STYLE}
LKO-JHS PASS,PASSENGER,REVIEW,0.600,NUMBER_RANGE,51814,1,39,{LIKELY_TRUNCATED}
LKO-LTT AC S,SUPERFAST,REVIEW,0.700,NUMBER_RANGE,22122,1,11,{LIKELY_TRUNCATED}
LKO-MGS EKAT,EXPRESS,REVIEW,0.650,NUMBER_RANGE,14260,1,8,{LIKELY_TRUNCATED}
LKO-NDLS SHA,SUPERFAST,REVIEW,0.700,NUMBER_RANGE,12003,1,7,{LIKELY_TRUNCATED}
LKO-PBH PASS,PASSENGER,REVIEW,0.600,NUMBER_RANGE,54294,1,27,{LIKELY_TRUNCATED}
LKO-PYG PASS,PASSENGER,REVIEW,0.600,NUMBER_RANGE,54254,1,32,{LIKELY_TRUNCATED}
LKO-RBD PASS,PASSENGER,REVIEW,0.600,NUMBER_RANGE,54201,1,7,{LIKELY_TRUNCATED}
LKO-SLN,PASSENGER,REVIEW,0.600,NUMBER_RANGE,54284,1,18,{ROUTE_CODE_STYLE}
LKO-SLN MEMU,PASSENGER,REVIEW,0.600,NUMBER_RANGE,64282,1,18,{LIKELY_TRUNCATED}
LKO-SLN PASS,PASSENGER,REVIEW,0.600,NUMBER_RANGE,54282,1,18,{LIKELY_TRUNCATED}
LKO-SRE PASS,PASSENGER,REVIEW,0.600,NUMBER_RANGE,54251,1,74,{LIKELY_TRUNCATED}
LKO-SVDK FTR,SPECIAL,REVIEW,0.500,NUMBER_RANGE,421,1,5,{LIKELY_TRUNCATED}
LKO-YPR EXPR,SUPERFAST,REVIEW,0.700,NUMBER_RANGE,12540,1,18,{LIKELY_TRUNCATED}
LKO-YPR WEEK,SUPERFAST,REVIEW,0.700,NUMBER_RANGE,22684,1,31,{LIKELY_TRUNCATED}
LKO/PBH DMU,PASSENGER,REVIEW,0.600,NUMBER_RANGE,74202,1,25,{}
LKPR - MJT L,PASSENGER,REVIEW,0.550,NUMBER_RANGE,30711,1,26,{LIKELY_TRUNCATED}
LKPR - NMKA,PASSENGER,REVIEW,0.550,NUMBER_RANGE,34912,12,96,{}
LKPR - SDAH,PASSENGER,REVIEW,0.550,NUMBER_RANGE,34711,24,527,{}
LKU  HWH  EX,SUPERFAST,REVIEW,0.700,NUMBER_RANGE,12354,1,18,{LIKELY_TRUNCATED}
LKU-ANVT EXP,EXPRESS,REVIEW,0.650,NUMBER_RANGE,15059,1,11,{LIKELY_TRUNCATED}
LKU-ASR EXPR,EXPRESS,REVIEW,0.650,NUMBER_RANGE,14615,1,18,{LIKELY_TRUNCATED}
LKU-BC PASSE,PASSENGER,REVIEW,0.600,NUMBER_RANGE,55336,4,40,{LIKELY_TRUNCATED}
LKU-KPV  PAS,PASSENGER,REVIEW,0.600,NUMBER_RANGE,55315,2,14,{LIKELY_TRUNCATED}
LKU-KPV PASS,PASSENGER,REVIEW,0.600,NUMBER_RANGE,55319,1,6,{LIKELY_TRUNCATED}
LLI-TPJ  DMU,PASSENGER,REVIEW,0.600,NUMBER_RANGE,76803,1,9,{LIKELY_TRUNCATED}
LLJ-DMW-RBL,PASSENGER,REVIEW,0.600,NUMBER_RANGE,54222,1,10,{ROUTE_CODE_STYLE}
LMG - APDJ I,EXPRESS,REVIEW,0.650,NUMBER_RANGE,15770,1,26,{LIKELY_TRUNCATED}
LMG - KYQ PA,PASSENGER,REVIEW,0.600,NUMBER_RANGE,55602,1,26,{LIKELY_TRUNCATED}
LMG - TSK PA,PASSENGER,REVIEW,0.600,NUMBER_RANGE,55901,1,49,{LIKELY_TRUNCATED}
LMP-MLN PASS,PASSENGER,REVIEW,0.600,NUMBER_RANGE,52268,1,6,{LIKELY_TRUNCATED}
LMP-PBE PASS,PASSENGER,REVIEW,0.600,NUMBER_RANGE,52224,1,13,{LIKELY_TRUNCATED}
LNK - LDH PA,PASSENGER,REVIEW,0.600,NUMBER_RANGE,54576,1,15,{LIKELY_TRUNCATED}
LNK-LDH DMU,PASSENGER,REVIEW,0.600,NUMBER_RANGE,74970,1,15,{ROUTE_CODE_STYLE}
LNL-PUNE EMU,EMU,REVIEW,0.750,NUMBER_RANGE,99801,17,284,{LIKELY_TRUNCATED}
LNL-SVJR EMU,EMU,REVIEW,0.750,NUMBER_RANGE,99821,1,17,{LIKELY_TRUNCATED}
LOK SHAKTI E,SUPERFAST,REVIEW,0.700,NUMBER_RANGE,22927,2,39,{LIKELY_TRUNCATED}
LOKAMANYA TT,EXPRESS,REVIEW,0.650,NUMBER_RANGE,11044,1,26,{LIKELY_TRUNCATED}
LOKMANYA TT,EXPRESS,REVIEW,0.650,NUMBER_RANGE,11014,1,34,{}
LOKNAYAK EXP,EXPRESS,REVIEW,0.650,NUMBER_RANGE,15115,2,42,{LIKELY_TRUNCATED}
LPI-FM,PASSENGER,REVIEW,0.550,NUMBER_RANGE,47171,25,550,{ROUTE_CODE_STYLE}
LPI-HYB,PASSENGER,REVIEW,0.550,NUMBER_RANGE,47126,20,260,{ROUTE_CODE_STYLE}
LPI-SC,PASSENGER,REVIEW,0.550,NUMBER_RANGE,47159,4,78,{ROUTE_CODE_STYLE}
LT(T)-UBL EX,EXPRESS,REVIEW,0.650,NUMBER_RANGE,17318,1,16,{LIKELY_TRUNCATED}
LTT  RJPB EX,EXPRESS,REVIEW,0.650,NUMBER_RANGE,13202,1,63,{LIKELY_TRUNCATED}
LTT - HW SUP,SUPERFAST,REVIEW,0.700,NUMBER_RANGE,12171,1,12,{LIKELY_TRUNCATED}
LTT BSB SUP,SUPERFAST,REVIEW,0.700,NUMBER_RANGE,12165,1,16,{}
LTT GARIB RA,SUPERFAST,REVIEW,0.700,NUMBER_RANGE,12202,1,25,{LIKELY_TRUNCATED}
LTT HTE EXPR,SUPERFAST,REVIEW,0.700,NUMBER_RANGE,12811,1,18,{LIKELY_TRUNCATED}
LTT MANMAD E,SUPERFAST,REVIEW,0.700,NUMBER_RANGE,12117,1,10,{LIKELY_TRUNCATED}
LTT NZM AC E,SUPERFAST,REVIEW,0.700,NUMBER_RANGE,22109,1,9,{LIKELY_TRUNCATED}
LTT RNC WEEK,EXPRESS,REVIEW,0.650,NUMBER_RANGE,18610,1,29,{LIKELY_TRUNCATED}
LTT-AJNI EXP,EXPRESS,REVIEW,0.650,NUMBER_RANGE,11201,1,26,{LIKELY_TRUNCATED}
LTT-ALD DURA,SUPERFAST,REVIEW,0.700,NUMBER_RANGE,12293,1,5,{LIKELY_TRUNCATED}
LTT-AMH EXPR,EXPRESS,REVIEW,0.650,NUMBER_RANGE,11053,1,17,{LIKELY_TRUNCATED}
LTT-BBS BI-W,SUPERFAST,REVIEW,0.700,NUMBER_RANGE,12879,1,20,{LIKELY_TRUNCATED}
LTT-BE EXPRE,EXPRESS,REVIEW,0.650,NUMBER_RANGE,14313,2,53,{LIKELY_TRUNCATED}
LTT-BGP EXP,SUPERFAST,REVIEW,0.700,NUMBER_RANGE,12336,1,38,{ROUTE_CODE_STYLE}
LTT-BIDR EXP,EXPRESS,REVIEW,0.650,NUMBER_RANGE,11075,1,13,{LIKELY_TRUNCATED}
LTT-CNB EXPR,SUPERFAST,REVIEW,0.700,NUMBER_RANGE,12173,1,13,{LIKELY_TRUNCATED}
LTT-COA EXP,EXPRESS,REVIEW,0.650,NUMBER_RANGE,17222,1,23,{ROUTE_CODE_STYLE}
LTT-DBG  EXP,EXPRESS,REVIEW,0.650,NUMBER_RANGE,11061,1,41,{LIKELY_TRUNCATED}
LTT-ERS DURO,SUPERFAST,REVIEW,0.700,NUMBER_RANGE,12223,1,6,{LIKELY_TRUNCATED}
LTT-FD EXPRE,SUPERFAST,REVIEW,0.700,NUMBER_RANGE,22103,1,17,{LIKELY_TRUNCATED}
LTT-GHY EXP,EXPRESS,REVIEW,0.650,NUMBER_RANGE,15645,2,101,{ROUTE_CODE_STYLE}
LTT-GKP EXP,EXPRESS,REVIEW,0.650,NUMBER_RANGE,15064,1,23,{ROUTE_CODE_STYLE}
LTT-GKP EXPR,EXPRESS,REVIEW,0.650,NUMBER_RANGE,11079,1,25,{LIKELY_TRUNCATED}
LTT-GKP VIA,EXPRESS,REVIEW,0.650,NUMBER_RANGE,11081,1,20,{ROUTE_CODE_STYLE}
LTT-GKP-SUPE,SUPERFAST,REVIEW,0.700,NUMBER_RANGE,12542,1,16,{LIKELY_TRUNCATED}
LTT-HBJ EXPR,SUPERFAST,REVIEW,0.700,NUMBER_RANGE,12153,1,10,{LIKELY_TRUNCATED}
LTT-JYG JANS,EXPRESS,REVIEW,0.650,NUMBER_RANGE,15548,1,20,{LIKELY_TRUNCATED}
LTT-KCVL BI-,SUPERFAST,REVIEW,0.700,NUMBER_RANGE,22113,1,26,{LIKELY_TRUNCATED}
LTT-KIK WEEK,EXPRESS,REVIEW,0.650,NUMBER_RANGE,11017,1,30,{LIKELY_TRUNCATED}
LTT-KRMI AC,SUPERFAST,REVIEW,0.700,NUMBER_RANGE,22115,1,8,{ROUTE_CODE_STYLE}
LTT-KYQ AC E,SUPERFAST,REVIEW,0.700,NUMBER_RANGE,12519,1,28,{LIKELY_TRUNCATED}
LTT-KZJ ANAN,SUPERFAST,REVIEW,0.700,NUMBER_RANGE,22127,1,21,{LIKELY_TRUNCATED}
LTT-KZJ TADO,EXPRESS,REVIEW,0.650,NUMBER_RANGE,11083,1,29,{LIKELY_TRUNCATED}
LTT-LJN EXPR,SUPERFAST,REVIEW,0.700,NUMBER_RANGE,12107,1,11,{LIKELY_TRUNCATED}
LTT-LKO AC S,SUPERFAST,REVIEW,0.700,NUMBER_RANGE,22121,1,11,{LIKELY_TRUNCATED}
LTT-MADURAI,EXPRESS,REVIEW,0.650,NUMBER_RANGE,11043,1,27,{ROUTE_CODE_STYLE}
LTT-MAO DOUB,EXPRESS,REVIEW,0.650,NUMBER_RANGE,11085,1,11,{LIKELY_TRUNCATED}
LTT-MAS EXPR,EXPRESS,REVIEW,0.650,NUMBER_RANGE,11073,1,18,{LIKELY_TRUNCATED}
LTT-NED EXPR,EXPRESS,REVIEW,0.650,NUMBER_RANGE,11011,1,16,{LIKELY_TRUNCATED}
LTT-NZB EXPR,EXPRESS,REVIEW,0.650,NUMBER_RANGE,11205,1,20,{LIKELY_TRUNCATED}
LTT-PBH-RBL,EXPRESS,REVIEW,0.650,NUMBER_RANGE,21067,1,4,{ROUTE_CODE_STYLE}
LTT-PPTA EXP,SUPERFAST,REVIEW,0.700,NUMBER_RANGE,12141,1,14,{LIKELY_TRUNCATED}
LTT-PURI S/F,SUPERFAST,REVIEW,0.700,NUMBER_RANGE,22865,1,18,{LIKELY_TRUNCATED}
LTT-PURI WEE,SUPERFAST,REVIEW,0.700,NUMBER_RANGE,12145,1,27,{LIKELY_TRUNCATED}
LTT-RXL JANS,EXPRESS,REVIEW,0.650,NUMBER_RANGE,15268,1,23,{LIKELY_TRUNCATED}
LTT-SC AC DU,SUPERFAST,REVIEW,0.700,NUMBER_RANGE,12219,1,4,{LIKELY_TRUNCATED}
LTT-SHM-KURL,EXPRESS,REVIEW,0.650,NUMBER_RANGE,18029,1,83,{LIKELY_TRUNCATED}
LTT-SLN SF E,SUPERFAST,REVIEW,0.700,NUMBER_RANGE,12143,1,14,{LIKELY_TRUNCATED}
LTT-TATA ANT,SUPERFAST,REVIEW,0.700,NUMBER_RANGE,22885,1,14,{LIKELY_TRUNCATED}
LTT-UBL WEEK,EXPRESS,REVIEW,0.650,NUMBER_RANGE,17322,1,13,{LIKELY_TRUNCATED}
LTT-VSKP EXP,EXPRESS,REVIEW,0.650,NUMBER_RANGE,18520,1,20,{LIKELY_TRUNCATED}
LTT-VSKP S/F,SUPERFAST,REVIEW,0.700,NUMBER_RANGE,22848,1,24,{LIKELY_TRUNCATED}
LTT(T)-BSB S,SUPERFAST,REVIEW,0.700,NUMBER_RANGE,12167,1,13,{LIKELY_TRUNCATED}
LUCKNOW BALA,PASSENGER,REVIEW,0.600,NUMBER_RANGE,54331,1,11,{LIKELY_TRUNCATED}
LUCKNOW MAIL,SUPERFAST,REVIEW,0.700,NUMBER_RANGE,12229,2,18,{LIKELY_TRUNCATED}
LUCKNOW-BARA,EXPRESS,REVIEW,0.650,NUMBER_RANGE,15204,1,37,{LIKELY_TRUNCATED}
LUDHINA HISA,PASSENGER,REVIEW,0.600,NUMBER_RANGE,54636,1,29,{LIKELY_TRUNCATED}
LUDHINA JHL,PASSENGER,REVIEW,0.600,NUMBER_RANGE,54054,1,19,{}
M 1,EMU,REVIEW,0.750,NUMBER_RANGE,98601,1,2,{}
M 3,EMU,REVIEW,0.750,NUMBER_RANGE,98603,1,2,{}
M P S KRANTI,SUPERFAST,REVIEW,0.700,NUMBER_RANGE,12122,1,7,{LIKELY_TRUNCATED}
M P SMPRK KR,SUPERFAST,REVIEW,0.700,NUMBER_RANGE,12121,1,7,{LIKELY_TRUNCATED}
M2,EMU,REVIEW,0.750,NUMBER_RANGE,98600,1,2,{COACH_CODE_AS_NAME}
M4,EMU,REVIEW,0.750,NUMBER_RANGE,98602,1,2,{COACH_CODE_AS_NAME}
MACHILIPATNA,SUPERFAST,REVIEW,0.700,NUMBER_RANGE,12750,1,19,{LIKELY_TRUNCATED}
MADGAON - RA,PASSENGER,REVIEW,0.600,NUMBER_RANGE,50102,1,22,{LIKELY_TRUNCATED}
MAGADH EXPRE,SUPERFAST,REVIEW,0.700,NUMBER_RANGE,12401,2,56,{LIKELY_TRUNCATED}
MAHABODHI EX,SUPERFAST,REVIEW,0.700,NUMBER_RANGE,12397,2,30,{LIKELY_TRUNCATED}
MAHALAXMI EX,EXPRESS,REVIEW,0.650,NUMBER_RANGE,17411,2,37,{LIKELY_TRUNCATED}
MAHAMANA EXP,SUPERFAST,REVIEW,0.700,NUMBER_RANGE,22417,2,18,{LIKELY_TRUNCATED}
MAHAMANA SUP,EXPRESS,REVIEW,0.650,NUMBER_RANGE,20903,2,22,{LIKELY_TRUNCATED}
MAHANAGARI E,EXPRESS,REVIEW,0.650,NUMBER_RANGE,11093,2,53,{LIKELY_TRUNCATED}
MAHARASHTRA,EXPRESS,REVIEW,0.650,NUMBER_RANGE,11039,2,122,{}
MAJN-CSMT EX,SUPERFAST,REVIEW,0.700,NUMBER_RANGE,12134,1,14,{LIKELY_TRUNCATED}
MAJN-YPR TRI,EXPRESS,REVIEW,0.650,NUMBER_RANGE,16576,1,14,{LIKELY_TRUNCATED}
MALABAR EXP,EXPRESS,REVIEW,0.650,NUMBER_RANGE,16629,1,54,{}
MALABAR EXPR,EXPRESS,REVIEW,0.650,NUMBER_RANGE,16630,1,54,{LIKELY_TRUNCATED}
MALB  MVI DE,PASSENGER,REVIEW,0.600,NUMBER_RANGE,79450,1,7,{LIKELY_TRUNCATED}
MALDAH TOWN,EXPRESS,REVIEW,0.650,NUMBER_RANGE,13154,1,15,{}
MALWA EXPRES,SUPERFAST,REVIEW,0.700,NUMBER_RANGE,12919,2,103,{LIKELY_TRUNCATED}
MANAS RHINO,PASSENGER,REVIEW,0.600,NUMBER_RANGE,55801,2,44,{}
MANDOR EXPRE,SUPERFAST,REVIEW,0.700,NUMBER_RANGE,12461,2,34,{LIKELY_TRUNCATED}
MANDOVI EXPR,EXPRESS,REVIEW,0.650,NUMBER_RANGE,10103,2,40,{LIKELY_TRUNCATED}
MANDUADIH EX,SUPERFAST,REVIEW,0.700,NUMBER_RANGE,12537,1,15,{LIKELY_TRUNCATED}
MANGALA LDWE,SUPERFAST,REVIEW,0.700,NUMBER_RANGE,12617,1,48,{LIKELY_TRUNCATED}
MANGALORE MA,SUPERFAST,REVIEW,0.700,NUMBER_RANGE,12601,1,31,{LIKELY_TRUNCATED}
MANMAD LTT E,SUPERFAST,REVIEW,0.700,NUMBER_RANGE,12118,1,10,{LIKELY_TRUNCATED}
MAO HAPA SUP,SUPERFAST,REVIEW,0.700,NUMBER_RANGE,22907,1,18,{LIKELY_TRUNCATED}
MAO MAQ PASS,PASSENGER,REVIEW,0.600,NUMBER_RANGE,56641,1,30,{LIKELY_TRUNCATED}
MAO-DR JAN S,SUPERFAST,REVIEW,0.700,NUMBER_RANGE,12052,1,9,{LIKELY_TRUNCATED}
MAO-ERS,EXPRESS,REVIEW,0.650,NUMBER_RANGE,10215,1,13,{ROUTE_CODE_STYLE}
MAO-KOP SPEC,SPECIAL,REVIEW,0.500,NUMBER_RANGE,128,1,22,{LIKELY_TRUNCATED}
MAO-LTT DOUB,EXPRESS,REVIEW,0.650,NUMBER_RANGE,11086,1,11,{LIKELY_TRUNCATED}
MAO-MAQ DEMU,PASSENGER,REVIEW,0.600,NUMBER_RANGE,70105,1,30,{LIKELY_TRUNCATED}
MAO-NZM RAJD,SUPERFAST,REVIEW,0.700,NUMBER_RANGE,22413,1,10,{LIKELY_TRUNCATED}
MAO-SWV PASS,PASSENGER,REVIEW,0.600,NUMBER_RANGE,50108,1,9,{LIKELY_TRUNCATED}
MAQ - SRC SF,SUPERFAST,REVIEW,0.700,NUMBER_RANGE,22852,1,40,{LIKELY_TRUNCATED}
MAQ INTERCIT,SUPERFAST,REVIEW,0.700,NUMBER_RANGE,22635,1,10,{LIKELY_TRUNCATED}
MAQ MS EXP,EXPRESS,REVIEW,0.650,NUMBER_RANGE,16860,1,53,{}
MAQ PDY  EXP,EXPRESS,REVIEW,0.650,NUMBER_RANGE,16856,1,23,{LIKELY_TRUNCATED}
MAQ-CAN PASS,PASSENGER,REVIEW,0.600,NUMBER_RANGE,56656,1,23,{LIKELY_TRUNCATED}
MAQ-CBE FAST,PASSENGER,REVIEW,0.600,NUMBER_RANGE,56324,1,54,{LIKELY_TRUNCATED}
MAQ-CBE INTE,SUPERFAST,REVIEW,0.700,NUMBER_RANGE,22609,1,14,{LIKELY_TRUNCATED}
MAQ-CLT PASS,PASSENGER,REVIEW,0.600,NUMBER_RANGE,56654,1,40,{LIKELY_TRUNCATED}
MAQ-KBPR PAS,PASSENGER,REVIEW,0.600,NUMBER_RANGE,56643,2,9,{LIKELY_TRUNCATED}
MAQ-KCG EXP,EXPRESS,REVIEW,0.650,NUMBER_RANGE,17605,1,28,{ROUTE_CODE_STYLE}
MAQ-MAO DEMU,PASSENGER,REVIEW,0.600,NUMBER_RANGE,70106,1,30,{LIKELY_TRUNCATED}
MAQ-MAO PASS,PASSENGER,REVIEW,0.600,NUMBER_RANGE,56640,1,30,{LIKELY_TRUNCATED}
MAQ-MAO SF I,SUPERFAST,REVIEW,0.700,NUMBER_RANGE,22636,1,10,{LIKELY_TRUNCATED}
MAQ-MAS EXP.,SUPERFAST,REVIEW,0.700,NUMBER_RANGE,12686,1,18,{LIKELY_TRUNCATED}
MAQ-NCJ PARA,EXPRESS,REVIEW,0.650,NUMBER_RANGE,16649,1,52,{LIKELY_TRUNCATED}
MAQ-PDY WKLY,EXPRESS,REVIEW,0.650,NUMBER_RANGE,16858,1,19,{LIKELY_TRUNCATED}
MAQ-SBHR PAS,PASSENGER,REVIEW,0.600,NUMBER_RANGE,56647,1,11,{LIKELY_TRUNCATED}
MAQ-SVDK NAV,EXPRESS,REVIEW,0.650,NUMBER_RANGE,16687,1,63,{LIKELY_TRUNCATED}
MAQ-TVC EXPR,EXPRESS,REVIEW,0.650,NUMBER_RANGE,16348,1,49,{LIKELY_TRUNCATED}
MAQ-YPR EXPR,EXPRESS,REVIEW,0.650,NUMBER_RANGE,16566,1,20,{LIKELY_TRUNCATED}
MARU SAGAR E,SUPERFAST,REVIEW,0.700,NUMBER_RANGE,12977,2,64,{LIKELY_TRUNCATED}
MARUDHAR EXP,EXPRESS,REVIEW,0.650,NUMBER_RANGE,14853,6,202,{LIKELY_TRUNCATED}
MAS - BSP SF,SUPERFAST,REVIEW,0.700,NUMBER_RANGE,12852,1,17,{LIKELY_TRUNCATED}
MAS - SHM EX,SUPERFAST,REVIEW,0.700,NUMBER_RANGE,22826,1,24,{LIKELY_TRUNCATED}
MAS - SRC AC,SUPERFAST,REVIEW,0.700,NUMBER_RANGE,22808,1,18,{LIKELY_TRUNCATED}
MAS - TVC SU,SUPERFAST,REVIEW,0.700,NUMBER_RANGE,12695,1,21,{LIKELY_TRUNCATED}
MAS ADI EXPR,EXPRESS,REVIEW,0.650,NUMBER_RANGE,19419,1,26,{LIKELY_TRUNCATED}
MAS ASN  EXP,SUPERFAST,REVIEW,0.700,NUMBER_RANGE,12375,1,27,{LIKELY_TRUNCATED}
MAS CBE EXP,SUPERFAST,REVIEW,0.700,NUMBER_RANGE,12681,1,7,{}
MAS NJP EXPR,SUPERFAST,REVIEW,0.700,NUMBER_RANGE,22611,1,22,{LIKELY_TRUNCATED}
MAS- HUBLI E,SUPERFAST,REVIEW,0.700,NUMBER_RANGE,22698,1,17,{LIKELY_TRUNCATED}
MAS-AJJ PASS,PASSENGER,REVIEW,0.600,NUMBER_RANGE,56001,1,6,{LIKELY_TRUNCATED}
MAS-BKN ANUR,SUPERFAST,REVIEW,0.700,NUMBER_RANGE,22631,1,32,{LIKELY_TRUNCATED}
MAS-BZA JAN,SUPERFAST,REVIEW,0.700,NUMBER_RANGE,12077,1,10,{ROUTE_CODE_STYLE}
MAS-BZA PINA,SUPERFAST,REVIEW,0.700,NUMBER_RANGE,12712,1,14,{LIKELY_TRUNCATED}
MAS-CBE CHER,SUPERFAST,REVIEW,0.700,NUMBER_RANGE,12673,1,8,{LIKELY_TRUNCATED}
MAS-CBE INTE,SUPERFAST,REVIEW,0.700,NUMBER_RANGE,12679,1,12,{LIKELY_TRUNCATED}
MAS-CBE KOVA,SUPERFAST,REVIEW,0.700,NUMBER_RANGE,12675,1,11,{LIKELY_TRUNCATED}
MAS-CBE SHAT,SUPERFAST,REVIEW,0.700,NUMBER_RANGE,12243,1,6,{LIKELY_TRUNCATED}
MAS-CPR GANG,SUPERFAST,REVIEW,0.700,NUMBER_RANGE,12669,1,25,{LIKELY_TRUNCATED}
MAS-CSMT MUM,EXPRESS,REVIEW,0.650,NUMBER_RANGE,11028,2,86,{LIKELY_TRUNCATED}
MAS-GPD EMU,PASSENGER,REVIEW,0.550,NUMBER_RANGE,42002,1,15,{ROUTE_CODE_STYLE}
MAS-HLZ WEEK,SUPERFAST,REVIEW,0.700,NUMBER_RANGE,22613,1,15,{LIKELY_TRUNCATED}
MAS-HWH MAIL,SUPERFAST,REVIEW,0.700,NUMBER_RANGE,12840,1,36,{LIKELY_TRUNCATED}
MAS-HYB CHAR,SUPERFAST,REVIEW,0.700,NUMBER_RANGE,12759,1,17,{LIKELY_TRUNCATED}
MAS-LJN EXPR,EXPRESS,REVIEW,0.650,NUMBER_RANGE,16093,1,47,{LIKELY_TRUNCATED}
MAS-MAQ EXP.,SUPERFAST,REVIEW,0.700,NUMBER_RANGE,12685,1,18,{LIKELY_TRUNCATED}
MAS-MDU DURA,SUPERFAST,REVIEW,0.700,NUMBER_RANGE,22205,1,3,{LIKELY_TRUNCATED}
MAS-MDU WEEK,EXPRESS,REVIEW,0.650,NUMBER_RANGE,20601,1,6,{LIKELY_TRUNCATED}
MAS-MTP NILA,SUPERFAST,REVIEW,0.700,NUMBER_RANGE,12671,1,9,{LIKELY_TRUNCATED}
MAS-MYS EXPR,SUPERFAST,REVIEW,0.700,NUMBER_RANGE,22682,1,11,{LIKELY_TRUNCATED}
MAS-MYS SHAT,SUPERFAST,REVIEW,0.700,NUMBER_RANGE,12007,1,4,{LIKELY_TRUNCATED}
MAS-NCJ EXP.,SUPERFAST,REVIEW,0.700,NUMBER_RANGE,12689,1,19,{LIKELY_TRUNCATED}
MAS-NDLS GRA,SUPERFAST,REVIEW,0.700,NUMBER_RANGE,12615,1,41,{LIKELY_TRUNCATED}
MAS-NDLS TAM,SUPERFAST,REVIEW,0.700,NUMBER_RANGE,12621,1,12,{LIKELY_TRUNCATED}
MAS-NSL WKLY,EXPRESS,REVIEW,0.650,NUMBER_RANGE,16003,1,26,{LIKELY_TRUNCATED}
MAS-NZM DURA,SUPERFAST,REVIEW,0.700,NUMBER_RANGE,12269,1,7,{LIKELY_TRUNCATED}
MAS-NZM GARI,SUPERFAST,REVIEW,0.700,NUMBER_RANGE,12611,1,11,{LIKELY_TRUNCATED}
MAS-NZM RAJD,SUPERFAST,REVIEW,0.700,NUMBER_RANGE,12433,1,10,{LIKELY_TRUNCATED}
MAS-PGT  EXP,SUPERFAST,REVIEW,0.700,NUMBER_RANGE,22651,1,19,{LIKELY_TRUNCATED}
MAS-PURI S/F,SUPERFAST,REVIEW,0.700,NUMBER_RANGE,22860,1,21,{LIKELY_TRUNCATED}
MAS-SBC AC D,SUPERFAST,REVIEW,0.700,NUMBER_RANGE,22625,1,11,{LIKELY_TRUNCATED}
MAS-SBC BRIN,SUPERFAST,REVIEW,0.700,NUMBER_RANGE,12639,1,12,{LIKELY_TRUNCATED}
MAS-SBC EXP,SUPERFAST,REVIEW,0.700,NUMBER_RANGE,12609,1,19,{ROUTE_CODE_STYLE}
MAS-SBC LALB,SUPERFAST,REVIEW,0.700,NUMBER_RANGE,12607,1,12,{LIKELY_TRUNCATED}
MAS-SBC MAIL,SUPERFAST,REVIEW,0.700,NUMBER_RANGE,12657,1,8,{LIKELY_TRUNCATED}
MAS-SBC SHAT,SUPERFAST,REVIEW,0.700,NUMBER_RANGE,12027,1,4,{LIKELY_TRUNCATED}
MAS-SNSI EXP,SUPERFAST,REVIEW,0.700,NUMBER_RANGE,22601,1,23,{LIKELY_TRUNCATED}
MAS-SSPN EXP,SUPERFAST,REVIEW,0.700,NUMBER_RANGE,12691,2,25,{LIKELY_TRUNCATED}
MAS-SVDK AND,EXPRESS,REVIEW,0.650,NUMBER_RANGE,16031,1,81,{LIKELY_TRUNCATED}
MAS-TPT YELA,EXPRESS,REVIEW,0.650,NUMBER_RANGE,16089,1,16,{LIKELY_TRUNCATED}
MAS-TPTY EXP,EXPRESS,REVIEW,0.650,NUMBER_RANGE,16053,2,18,{LIKELY_TRUNCATED}
MAS-TPTY SAP,EXPRESS,REVIEW,0.650,NUMBER_RANGE,16057,1,8,{LIKELY_TRUNCATED}
MAS-TRT EMU,PASSENGER,REVIEW,0.550,NUMBER_RANGE,43501,1,28,{ROUTE_CODE_STYLE}
MAS-TVC AC E,SUPERFAST,REVIEW,0.700,NUMBER_RANGE,22207,1,11,{LIKELY_TRUNCATED}
MAS-TVC EXP.,SUPERFAST,REVIEW,0.700,NUMBER_RANGE,12697,1,14,{LIKELY_TRUNCATED}
MAS-VSKP S/F,SUPERFAST,REVIEW,0.700,NUMBER_RANGE,22870,1,13,{LIKELY_TRUNCATED}
MAS-YPR EXP,SUPERFAST,REVIEW,0.700,NUMBER_RANGE,12292,1,7,{ROUTE_CODE_STYLE}
MASPASS,PASSENGER,REVIEW,0.600,NUMBER_RANGE,57240,1,31,{}
mathura - ch,SUPERFAST,REVIEW,0.700,NUMBER_RANGE,22532,1,22,{LIKELY_TRUNCATED}
MATRIBHUMI L,PASSENGER,REVIEW,0.550,NUMBER_RANGE,37201,1,17,{LIKELY_TRUNCATED}
MATSYAGANDA,SUPERFAST,REVIEW,0.700,NUMBER_RANGE,12620,1,22,{}
MATSYAGANDHA,SUPERFAST,REVIEW,0.700,NUMBER_RANGE,12619,1,24,{LIKELY_TRUNCATED}
MAU-ALY-DMU-,PASSENGER,REVIEW,0.600,NUMBER_RANGE,75105,1,37,{LIKELY_TRUNCATED}
MAU-ANVT EXP,EXPRESS,REVIEW,0.650,NUMBER_RANGE,15025,1,11,{LIKELY_TRUNCATED}
MAU-BCY- DMU,PASSENGER,REVIEW,0.600,NUMBER_RANGE,75109,1,14,{LIKELY_TRUNCATED}
MAU-CPR PASS,PASSENGER,REVIEW,0.600,NUMBER_RANGE,55018,1,23,{LIKELY_TRUNCATED}
MAURYA EXP,EXPRESS,REVIEW,0.650,NUMBER_RANGE,15027,1,50,{}
MAURYA EXPRE,EXPRESS,REVIEW,0.650,NUMBER_RANGE,15028,1,50,{LIKELY_TRUNCATED}
MAVELI EXPRE,EXPRESS,REVIEW,0.650,NUMBER_RANGE,16603,1,32,{LIKELY_TRUNCATED}
MAYILADUTARA,EXPRESS,REVIEW,0.650,NUMBER_RANGE,16232,1,25,{LIKELY_TRUNCATED}
MAYURAKSHI F,PASSENGER,REVIEW,0.600,NUMBER_RANGE,53045,2,41,{LIKELY_TRUNCATED}
MB-ALJN PASS,PASSENGER,REVIEW,0.600,NUMBER_RANGE,54392,1,24,{LIKELY_TRUNCATED}
MB-ANVT MEMU,PASSENGER,REVIEW,0.600,NUMBER_RANGE,64553,1,24,{LIKELY_TRUNCATED}
MB-BE PASSEN,PASSENGER,REVIEW,0.600,NUMBER_RANGE,54078,1,19,{LIKELY_TRUNCATED}
MB-DLI PASSE,PASSENGER,REVIEW,0.600,NUMBER_RANGE,54307,1,23,{LIKELY_TRUNCATED}
MB-GJL PASSE,PASSENGER,REVIEW,0.600,NUMBER_RANGE,54393,1,9,{LIKELY_TRUNCATED}
MB-KGM  PASS,PASSENGER,REVIEW,0.600,NUMBER_RANGE,55301,1,13,{LIKELY_TRUNCATED}
MB-KGM PASSE,PASSENGER,REVIEW,0.600,NUMBER_RANGE,55303,1,14,{LIKELY_TRUNCATED}
MB-KPV  PASS,PASSENGER,REVIEW,0.600,NUMBER_RANGE,55311,1,9,{LIKELY_TRUNCATED}
MB-NBD PASSE,PASSENGER,REVIEW,0.600,NUMBER_RANGE,54395,1,23,{LIKELY_TRUNCATED}
MB-RMR  PASS,PASSENGER,REVIEW,0.600,NUMBER_RANGE,55307,4,38,{LIKELY_TRUNCATED}
MB-RMR PASSE,PASSENGER,REVIEW,0.600,NUMBER_RANGE,55305,1,7,{LIKELY_TRUNCATED}
MB-SHTS DMU,PASSENGER,REVIEW,0.600,NUMBER_RANGE,74302,3,26,{ROUTE_CODE_STYLE}
MB-SHTS PASS,PASSENGER,REVIEW,0.600,NUMBER_RANGE,54398,1,9,{LIKELY_TRUNCATED}
MB-SRE MEMU,PASSENGER,REVIEW,0.600,NUMBER_RANGE,64565,1,30,{ROUTE_CODE_STYLE}
MBF - BME PA,PASSENGER,REVIEW,0.600,NUMBER_RANGE,54882,1,8,{LIKELY_TRUNCATED}
MBF BGKT EXP,EXPRESS,REVIEW,0.650,NUMBER_RANGE,14890,1,2,{LIKELY_TRUNCATED}
MBNR PASS,PASSENGER,REVIEW,0.600,NUMBER_RANGE,57447,1,15,{}
MBNR-JKAR,PASSENGER,REVIEW,0.600,NUMBER_RANGE,77622,1,7,{ROUTE_CODE_STYLE}
MBNR-KCG DEM,PASSENGER,REVIEW,0.600,NUMBER_RANGE,77672,1,21,{LIKELY_TRUNCATED}
MBNR-KCG PAS,PASSENGER,REVIEW,0.600,NUMBER_RANGE,57456,1,20,{LIKELY_TRUNCATED}
MBNR-MZL PAS,PASSENGER,REVIEW,0.600,NUMBER_RANGE,57448,1,43,{LIKELY_TRUNCATED}
MCA - HWH LO,PASSENGER,REVIEW,0.550,NUMBER_RANGE,38306,1,20,{LIKELY_TRUNCATED}
MCA DGHA LOC,PASSENGER,REVIEW,0.600,NUMBER_RANGE,68685,1,22,{LIKELY_TRUNCATED}
MCA HWH LOCA,PASSENGER,REVIEW,0.550,NUMBER_RANGE,38304,4,80,{LIKELY_TRUNCATED}
MCA SHM LOCA,PASSENGER,REVIEW,0.550,NUMBER_RANGE,38310,1,18,{LIKELY_TRUNCATED}
MCA-HWH LOCA,PASSENGER,REVIEW,0.550,NUMBER_RANGE,38302,2,40,{LIKELY_TRUNCATED}
MCA-SRC LOCA,PASSENGER,REVIEW,0.550,NUMBER_RANGE,38316,1,16,{LIKELY_TRUNCATED}
MCLA PASS,PASSENGER,REVIEW,0.600,NUMBER_RANGE,57317,3,38,{}
MDGR-ABKP PA,PASSENGER,REVIEW,0.600,NUMBER_RANGE,58223,1,15,{LIKELY_TRUNCATED}
MDLE - BGP P,PASSENGER,REVIEW,0.600,NUMBER_RANGE,53443,1,16,{LIKELY_TRUNCATED}
MDN - HWH LO,PASSENGER,REVIEW,0.550,NUMBER_RANGE,38820,1,36,{LIKELY_TRUNCATED}
MDN ADRA LOC,PASSENGER,REVIEW,0.600,NUMBER_RANGE,68089,1,20,{LIKELY_TRUNCATED}
MDN HWH LOCA,PASSENGER,REVIEW,0.550,NUMBER_RANGE,38802,10,322,{LIKELY_TRUNCATED}
MDN KGP LOCA,PASSENGER,REVIEW,0.550,NUMBER_RANGE,38832,1,4,{LIKELY_TRUNCATED}
MDN-HWH LOCA,PASSENGER,REVIEW,0.550,NUMBER_RANGE,38804,4,135,{LIKELY_TRUNCATED}
MDN-JGM JANG,PASSENGER,REVIEW,0.600,NUMBER_RANGE,68091,1,9,{LIKELY_TRUNCATED}
MDN-KGP MEMU,PASSENGER,REVIEW,0.600,NUMBER_RANGE,68093,2,14,{LIKELY_TRUNCATED}
MDP - GRD PA,PASSENGER,REVIEW,0.600,NUMBER_RANGE,53519,1,7,{LIKELY_TRUNCATED}
MDP-GRD PASS,PASSENGER,REVIEW,0.600,NUMBER_RANGE,53511,4,28,{LIKELY_TRUNCATED}
MDSA - ND PA,PASSENGER,REVIEW,0.600,NUMBER_RANGE,59154,1,10,{LIKELY_TRUNCATED}
MDU MS SUPER,SUPERFAST,REVIEW,0.700,NUMBER_RANGE,22624,1,11,{LIKELY_TRUNCATED}
MDU-DDN/CDG,SUPERFAST,REVIEW,0.700,NUMBER_RANGE,12687,1,30,{ROUTE_CODE_STYLE}
MDU-DG PASS,PASSENGER,REVIEW,0.600,NUMBER_RANGE,56708,1,8,{ROUTE_CODE_STYLE}
MDU-MAS  DUR,SUPERFAST,REVIEW,0.700,NUMBER_RANGE,22206,1,3,{LIKELY_TRUNCATED}
MDU-MAS WEEK,EXPRESS,REVIEW,0.650,NUMBER_RANGE,20602,1,7,{LIKELY_TRUNCATED}
MDU-MS PANDI,SUPERFAST,REVIEW,0.700,NUMBER_RANGE,12638,1,12,{LIKELY_TRUNCATED}
MDU-MS VAIGA,SUPERFAST,REVIEW,0.700,NUMBER_RANGE,12636,1,11,{LIKELY_TRUNCATED}
MDU-NZM  EXP,SUPERFAST,REVIEW,0.700,NUMBER_RANGE,12651,1,15,{LIKELY_TRUNCATED}
MDU-PLNI PAS,PASSENGER,REVIEW,0.600,NUMBER_RANGE,56710,1,12,{LIKELY_TRUNCATED}
MDU-PUU PASS,PASSENGER,REVIEW,0.600,NUMBER_RANGE,56700,1,46,{LIKELY_TRUNCATED}
MDU-RMM PASS,PASSENGER,REVIEW,0.600,NUMBER_RANGE,56721,3,51,{LIKELY_TRUNCATED}
MDU-SCT  PAS,PASSENGER,REVIEW,0.600,NUMBER_RANGE,56735,1,14,{LIKELY_TRUNCATED}
MDU-SCT PASS,PASSENGER,REVIEW,0.600,NUMBER_RANGE,56731,2,28,{LIKELY_TRUNCATED}
MDU-TVC AMRI,EXPRESS,REVIEW,0.650,NUMBER_RANGE,16344,1,22,{LIKELY_TRUNCATED}
MDU-VM PASSE,PASSENGER,REVIEW,0.600,NUMBER_RANGE,56706,1,42,{LIKELY_TRUNCATED}
MEC - MTD RA,PASSENGER,REVIEW,0.600,NUMBER_RANGE,74807,1,2,{LIKELY_TRUNCATED}
MEC-MTD,PASSENGER,REVIEW,0.600,NUMBER_RANGE,74803,1,2,{ROUTE_CODE_STYLE}
MEC-MTD DMU,PASSENGER,REVIEW,0.600,NUMBER_RANGE,74801,1,2,{ROUTE_CODE_STYLE}
MEC-MTD RAIL,PASSENGER,REVIEW,0.600,NUMBER_RANGE,74805,6,12,{LIKELY_TRUNCATED}
MED PASS,PASSENGER,REVIEW,0.600,NUMBER_RANGE,57594,1,36,{}
MED-FM DEMU,PASSENGER,REVIEW,0.600,NUMBER_RANGE,77602,3,69,{ROUTE_CODE_STYLE}
MED-KCG PASS,PASSENGER,REVIEW,0.600,NUMBER_RANGE,57308,1,18,{LIKELY_TRUNCATED}
MED-SC DEMU,PASSENGER,REVIEW,0.600,NUMBER_RANGE,77608,2,28,{ROUTE_CODE_STYLE}
MEERUT AMBAL,PASSENGER,REVIEW,0.600,NUMBER_RANGE,54541,1,28,{LIKELY_TRUNCATED}
MEERUT CITY,PASSENGER,REVIEW,0.600,NUMBER_RANGE,54404,1,14,{}
MEJ-TN LINK,EXPRESS,REVIEW,0.650,NUMBER_RANGE,16129,1,4,{ROUTE_CODE_STYLE}
MEWAR EXPRES,SUPERFAST,REVIEW,0.700,NUMBER_RANGE,12963,2,36,{LIKELY_TRUNCATED}
MFP - SPJ DE,PASSENGER,REVIEW,0.600,NUMBER_RANGE,75208,1,22,{LIKELY_TRUNCATED}
MFP DDN EXP,EXPRESS,REVIEW,0.650,NUMBER_RANGE,15001,1,26,{}
MFP ST EXPRE,EXPRESS,REVIEW,0.650,NUMBER_RANGE,19054,1,25,{LIKELY_TRUNCATED}
MFP-ADI JANS,EXPRESS,REVIEW,0.650,NUMBER_RANGE,15269,1,25,{LIKELY_TRUNCATED}
MFP-ANVT GAR,SUPERFAST,REVIEW,0.700,NUMBER_RANGE,12211,1,14,{LIKELY_TRUNCATED}
MFP-DBG DEMU,PASSENGER,REVIEW,0.600,NUMBER_RANGE,75256,1,14,{LIKELY_TRUNCATED}
MFP-HWH JANS,EXPRESS,REVIEW,0.650,NUMBER_RANGE,15271,1,12,{LIKELY_TRUNCATED}
MFP-NKE DEMU,PASSENGER,REVIEW,0.600,NUMBER_RANGE,75237,1,20,{LIKELY_TRUNCATED}
MFP-NKE PASS,PASSENGER,REVIEW,0.600,NUMBER_RANGE,55207,3,56,{LIKELY_TRUNCATED}
MFP-PPTA PAS,PASSENGER,REVIEW,0.600,NUMBER_RANGE,55215,2,29,{LIKELY_TRUNCATED}
MFP-RXL PAS,PASSENGER,REVIEW,0.600,NUMBER_RANGE,55225,1,21,{ROUTE_CODE_STYLE}
MFP-RXL PASS,PASSENGER,REVIEW,0.600,NUMBER_RANGE,55211,1,22,{LIKELY_TRUNCATED}
MFP-SDAH PAS,PASSENGER,REVIEW,0.600,NUMBER_RANGE,53132,1,70,{LIKELY_TRUNCATED}
MFP-SGL-RXL,PASSENGER,REVIEW,0.600,NUMBER_RANGE,75231,1,18,{ROUTE_CODE_STYLE}
MFP-SPJ PASS,PASSENGER,REVIEW,0.600,NUMBER_RANGE,55228,2,19,{LIKELY_TRUNCATED}
MFP-UMB EXPR,EXPRESS,REVIEW,0.650,NUMBER_RANGE,14523,1,21,{LIKELY_TRUNCATED}
MGS - FD PAS,PASSENGER,REVIEW,0.600,NUMBER_RANGE,54109,2,66,{LIKELY_TRUNCATED}
MGS- ALD MEM,PASSENGER,REVIEW,0.600,NUMBER_RANGE,63238,1,20,{LIKELY_TRUNCATED}
MGS-ALD MEMU,PASSENGER,REVIEW,0.600,NUMBER_RANGE,63237,2,41,{LIKELY_TRUNCATED}
MGS-ARA  PAS,PASSENGER,REVIEW,0.600,NUMBER_RANGE,54272,1,31,{LIKELY_TRUNCATED}
MGS-BSB PASS,PASSENGER,REVIEW,0.600,NUMBER_RANGE,54267,1,4,{LIKELY_TRUNCATED}
MGS-BSB-JNU,PASSENGER,REVIEW,0.600,NUMBER_RANGE,54261,1,14,{ROUTE_CODE_STYLE}
MGS-BXR MEMU,PASSENGER,REVIEW,0.600,NUMBER_RANGE,63240,1,11,{LIKELY_TRUNCATED}
MGS-DLN  PAS,PASSENGER,REVIEW,0.600,NUMBER_RANGE,53642,1,9,{LIKELY_TRUNCATED}
MGS-DOS MEMU,PASSENGER,REVIEW,0.600,NUMBER_RANGE,63294,1,18,{LIKELY_TRUNCATED}
MGS-GAYA MEM,PASSENGER,REVIEW,0.600,NUMBER_RANGE,63296,1,28,{LIKELY_TRUNCATED}
MGS-PNBE  ME,PASSENGER,REVIEW,0.600,NUMBER_RANGE,63228,1,31,{LIKELY_TRUNCATED}
MGS-PNBE MEM,PASSENGER,REVIEW,0.600,NUMBER_RANGE,63234,2,60,{LIKELY_TRUNCATED}
MGT- SDAH LO,PASSENGER,REVIEW,0.550,NUMBER_RANGE,34899,1,16,{LIKELY_TRUNCATED}
MGZ-DDA PASS,PASSENGER,REVIEW,0.600,NUMBER_RANGE,55172,5,10,{LIKELY_TRUNCATED}
MHOW INDB DE,PASSENGER,REVIEW,0.600,NUMBER_RANGE,79320,3,18,{LIKELY_TRUNCATED}
MHOW INDB DM,PASSENGER,REVIEW,0.600,NUMBER_RANGE,79324,1,6,{LIKELY_TRUNCATED}
MHRST SMPRK,SUPERFAST,REVIEW,0.700,NUMBER_RANGE,12908,1,5,{}
MHV - BVC PA,PASSENGER,REVIEW,0.600,NUMBER_RANGE,59226,1,25,{LIKELY_TRUNCATED}
MHV - DLJ PA,PASSENGER,REVIEW,0.600,NUMBER_RANGE,59236,1,22,{LIKELY_TRUNCATED}
MHV - RJU PA,PASSENGER,REVIEW,0.600,NUMBER_RANGE,59244,1,7,{LIKELY_TRUNCATED}
MHV BDTS SF,SUPERFAST,REVIEW,0.700,NUMBER_RANGE,22990,2,31,{}
MITHILA EXPR,EXPRESS,REVIEW,0.650,NUMBER_RANGE,13021,2,84,{LIKELY_TRUNCATED}
MITHILANCHAL,EXPRESS,REVIEW,0.650,NUMBER_RANGE,13155,2,38,{LIKELY_TRUNCATED}
MJ AII PASS,PASSENGER,REVIEW,0.600,NUMBER_RANGE,59601,1,19,{}
MJ MVJ PASS,PASSENGER,REVIEW,0.600,NUMBER_RANGE,52075,1,16,{}
MJ-MVJ PASS,PASSENGER,REVIEW,0.600,NUMBER_RANGE,52073,1,15,{ROUTE_CODE_STYLE}
MJT - BT LOC,PASSENGER,REVIEW,0.550,NUMBER_RANGE,30351,1,17,{LIKELY_TRUNCATED}
MJT - GOF LO,PASSENGER,REVIEW,0.550,NUMBER_RANGE,30552,1,17,{LIKELY_TRUNCATED}
MJT - HNB LO,PASSENGER,REVIEW,0.550,NUMBER_RANGE,30321,2,66,{LIKELY_TRUNCATED}
MJT - LKPR,PASSENGER,REVIEW,0.550,NUMBER_RANGE,30712,1,26,{}
MJT - NH LOC,PASSENGER,REVIEW,0.550,NUMBER_RANGE,30123,1,25,{LIKELY_TRUNCATED}
MJT- HB LOCA,PASSENGER,REVIEW,0.550,NUMBER_RANGE,30331,1,27,{LIKELY_TRUNCATED}
MJT-BT LOCAL,PASSENGER,REVIEW,0.550,NUMBER_RANGE,30313,1,21,{LIKELY_TRUNCATED}
MJT-DTK LOCA,PASSENGER,REVIEW,0.550,NUMBER_RANGE,30317,2,42,{LIKELY_TRUNCATED}
MJT-HB  LOCA,PASSENGER,REVIEW,0.550,NUMBER_RANGE,30333,1,27,{LIKELY_TRUNCATED}
MJT-MMG LOCA,PASSENGER,REVIEW,0.550,NUMBER_RANGE,30357,1,15,{LIKELY_TRUNCATED}
MJT-NH LOCAL,PASSENGER,REVIEW,0.550,NUMBER_RANGE,30121,1,26,{LIKELY_TRUNCATED}
MJT-RHA LOCA,PASSENGER,REVIEW,0.550,NUMBER_RANGE,30135,1,34,{LIKELY_TRUNCATED}
MJZ-PBE,PASSENGER,REVIEW,0.600,NUMBER_RANGE,55372,1,3,{ROUTE_CODE_STYLE}
MJZ-PBE PASS,PASSENGER,REVIEW,0.600,NUMBER_RANGE,55374,2,6,{LIKELY_TRUNCATED}
MKA - HWH PA,PASSENGER,REVIEW,0.600,NUMBER_RANGE,53050,1,50,{LIKELY_TRUNCATED}
MKA - JSME M,PASSENGER,REVIEW,0.600,NUMBER_RANGE,63572,1,20,{LIKELY_TRUNCATED}
MKA-BJU MEMU,PASSENGER,REVIEW,0.600,NUMBER_RANGE,63274,2,14,{LIKELY_TRUNCATED}
MKA-DNR MEMU,PASSENGER,REVIEW,0.600,NUMBER_RANGE,63217,1,18,{LIKELY_TRUNCATED}
MKA-KIUL MEM,PASSENGER,REVIEW,0.600,NUMBER_RANGE,63204,1,8,{LIKELY_TRUNCATED}
MKA-PNBE MEM,PASSENGER,REVIEW,0.600,NUMBER_RANGE,63221,2,22,{LIKELY_TRUNCATED}
MKC - IND PA,PASSENGER,REVIEW,0.600,NUMBER_RANGE,59380,1,7,{LIKELY_TRUNCATED}
MKM-BWT MEMU,PASSENGER,REVIEW,0.600,NUMBER_RANGE,66516,1,6,{LIKELY_TRUNCATED}
MKM-BWT PASS,PASSENGER,REVIEW,0.600,NUMBER_RANGE,56506,3,18,{LIKELY_TRUNCATED}
MKM-BYPL MEM,PASSENGER,REVIEW,0.600,NUMBER_RANGE,66514,1,15,{LIKELY_TRUNCATED}
MKM-SBC MEMU,PASSENGER,REVIEW,0.600,NUMBER_RANGE,66512,1,16,{LIKELY_TRUNCATED}
MKM-SBC PASS,PASSENGER,REVIEW,0.600,NUMBER_RANGE,56509,2,28,{LIKELY_TRUNCATED}
MKM-SBC SWAR,PASSENGER,REVIEW,0.600,NUMBER_RANGE,56507,1,17,{LIKELY_TRUNCATED}
MKP-STA PASS,PASSENGER,REVIEW,0.600,NUMBER_RANGE,51764,2,20,{LIKELY_TRUNCATED}
MLDT  HWH IN,EXPRESS,REVIEW,0.650,NUMBER_RANGE,13012,1,18,{LIKELY_TRUNCATED}
MLDT - BLGT,PASSENGER,REVIEW,0.600,NUMBER_RANGE,55421,1,14,{}
MLDT - NJP P,PASSENGER,REVIEW,0.600,NUMBER_RANGE,55711,1,41,{LIKELY_TRUNCATED}
MLDT -AZ PAS,PASSENGER,REVIEW,0.600,NUMBER_RANGE,53028,1,22,{LIKELY_TRUNCATED}
MLDT INTERCI,EXPRESS,REVIEW,0.650,NUMBER_RANGE,13465,2,30,{LIKELY_TRUNCATED}
MLDT-ANVT WK,EXPRESS,REVIEW,0.650,NUMBER_RANGE,13429,1,24,{LIKELY_TRUNCATED}
MLDT-BWN PAS,PASSENGER,REVIEW,0.600,NUMBER_RANGE,53418,1,39,{LIKELY_TRUNCATED}
MLDT-DIGHA,EXPRESS,REVIEW,0.650,NUMBER_RANGE,13418,1,16,{ROUTE_CODE_STYLE}
MLDT-JMP INT,EXPRESS,REVIEW,0.650,NUMBER_RANGE,13409,1,17,{LIKELY_TRUNCATED}
MLDT-KIR PAS,PASSENGER,REVIEW,0.600,NUMBER_RANGE,55701,1,20,{LIKELY_TRUNCATED}
MLDT-NDLS EX,EXPRESS,REVIEW,0.650,NUMBER_RANGE,14003,1,23,{LIKELY_TRUNCATED}
MLDT-PNBE EX,EXPRESS,REVIEW,0.650,NUMBER_RANGE,13415,1,18,{LIKELY_TRUNCATED}
MLDT-SBG PAS,PASSENGER,REVIEW,0.600,NUMBER_RANGE,53402,1,19,{LIKELY_TRUNCATED}
MLDT-ST WEEK,EXPRESS,REVIEW,0.650,NUMBER_RANGE,13425,1,30,{LIKELY_TRUNCATED}
MLFC - BNDP,PASSENGER,REVIEW,0.600,NUMBER_RANGE,55771,1,9,{}
MLFC - KIR P,PASSENGER,REVIEW,0.600,NUMBER_RANGE,55703,2,40,{LIKELY_TRUNCATED}
MLFC - SGUJ,PASSENGER,REVIEW,0.600,NUMBER_RANGE,75719,1,45,{}
MLMR-MSB PAS,PASSENGER,REVIEW,0.600,NUMBER_RANGE,66044,1,14,{LIKELY_TRUNCATED}
MLMR-VM PASS,PASSENGER,REVIEW,0.600,NUMBER_RANGE,66045,1,5,{LIKELY_TRUNCATED}
MLN-BRK PASS,PASSENGER,REVIEW,0.600,NUMBER_RANGE,52252,4,71,{LIKELY_TRUNCATED}
MLN-GD  PASS,PASSENGER,REVIEW,0.600,NUMBER_RANGE,52260,1,16,{LIKELY_TRUNCATED}
MLN-PBE  PAS,PASSENGER,REVIEW,0.600,NUMBER_RANGE,52222,1,13,{LIKELY_TRUNCATED}
MLN-PBE PASS,PASSENGER,REVIEW,0.600,NUMBER_RANGE,52226,1,13,{LIKELY_TRUNCATED}
MLN-STP PASS,PASSENGER,REVIEW,0.600,NUMBER_RANGE,52239,1,6,{LIKELY_TRUNCATED}
MMC-AJJ EMU,PASSENGER,REVIEW,0.550,NUMBER_RANGE,43401,19,400,{ROUTE_CODE_STYLE}
MMC-AJJ MEMU,PASSENGER,REVIEW,0.600,NUMBER_RANGE,66015,2,20,{LIKELY_TRUNCATED}
MMC-AJJ PASS,PASSENGER,REVIEW,0.600,NUMBER_RANGE,66009,2,28,{LIKELY_TRUNCATED}
MMC-AVD EMU,PASSENGER,REVIEW,0.550,NUMBER_RANGE,43001,12,124,{ROUTE_CODE_STYLE}
MMC-AVD MEMU,PASSENGER,REVIEW,0.600,NUMBER_RANGE,66003,2,14,{LIKELY_TRUNCATED}
MMC-AVDPASSR,PASSENGER,REVIEW,0.600,NUMBER_RANGE,66005,1,7,{LIKELY_TRUNCATED}
MMC-ENR EMU,PASSENGER,REVIEW,0.550,NUMBER_RANGE,42901,1,8,{ROUTE_CODE_STYLE}
MMC-GPD EMU,PASSENGER,REVIEW,0.550,NUMBER_RANGE,42001,23,364,{ROUTE_CODE_STYLE}
MMC-KBT EMU,PASSENGER,REVIEW,0.550,NUMBER_RANGE,43901,2,42,{ROUTE_CODE_STYLE}
MMC-PON EMU,PASSENGER,REVIEW,0.550,NUMBER_RANGE,42301,1,14,{ROUTE_CODE_STYLE}
MMC-PTMS EMU,PASSENGER,REVIEW,0.550,NUMBER_RANGE,43101,14,179,{LIKELY_TRUNCATED}
MMC-SPE EMU,PASSENGER,REVIEW,0.550,NUMBER_RANGE,42401,10,209,{ROUTE_CODE_STYLE}
MMC-SPE PASS,PASSENGER,REVIEW,0.600,NUMBER_RANGE,66025,3,48,{LIKELY_TRUNCATED}
MMC-TPTY MEM,PASSENGER,REVIEW,0.600,NUMBER_RANGE,66047,1,14,{LIKELY_TRUNCATED}
MMC-TRL,PASSENGER,REVIEW,0.550,NUMBER_RANGE,43257,1,11,{ROUTE_CODE_STYLE}
MMC-TRL EMU,PASSENGER,REVIEW,0.550,NUMBER_RANGE,43201,28,483,{ROUTE_CODE_STYLE}
MMC-TRT EMU,PASSENGER,REVIEW,0.550,NUMBER_RANGE,43503,8,213,{ROUTE_CODE_STYLE}
MMCC-AJJ,PASSENGER,REVIEW,0.550,NUMBER_RANGE,43423,2,28,{ROUTE_CODE_STYLE}
MMCC-AVD,PASSENGER,REVIEW,0.550,NUMBER_RANGE,43025,2,14,{ROUTE_CODE_STYLE}
MMCC-AVD EMU,PASSENGER,REVIEW,0.550,NUMBER_RANGE,43023,1,11,{LIKELY_TRUNCATED}
MMG - SDAH L,PASSENGER,REVIEW,0.550,NUMBER_RANGE,33422,1,9,{LIKELY_TRUNCATED}
MMG-MJT LOCA,PASSENGER,REVIEW,0.550,NUMBER_RANGE,30358,1,15,{LIKELY_TRUNCATED}
MMR IGP SHUT,PASSENGER,REVIEW,0.600,NUMBER_RANGE,51424,1,15,{LIKELY_TRUNCATED}
MMR PASS,PASSENGER,REVIEW,0.600,NUMBER_RANGE,57542,2,124,{}
MMR PUNE PAS,PASSENGER,REVIEW,0.600,NUMBER_RANGE,51402,1,34,{LIKELY_TRUNCATED}
MMR-CSMT RAJ,SUPERFAST,REVIEW,0.700,NUMBER_RANGE,22102,1,8,{LIKELY_TRUNCATED}
MMR-DAB MARA,EXPRESS,REVIEW,0.650,NUMBER_RANGE,17687,1,24,{LIKELY_TRUNCATED}
MMR-KCG- PAS,PASSENGER,REVIEW,0.600,NUMBER_RANGE,57562,1,87,{LIKELY_TRUNCATED}
MMR-SC AJANT,EXPRESS,REVIEW,0.650,NUMBER_RANGE,17063,1,23,{LIKELY_TRUNCATED}
MMTS,PASSENGER,REVIEW,0.550,NUMBER_RANGE,47211,1,22,{}
MMTS-NEW-GEN,PASSENGER,REVIEW,0.550,NUMBER_RANGE,47212,1,22,{LIKELY_TRUNCATED}
MNDP - GHY P,PASSENGER,REVIEW,0.600,NUMBER_RANGE,55819,1,14,{LIKELY_TRUNCATED}
MNGLA LKSDP,SUPERFAST,REVIEW,0.700,NUMBER_RANGE,12618,1,48,{}
MNM-TPJ PASS,PASSENGER,REVIEW,0.600,NUMBER_RANGE,76808,1,14,{LIKELY_TRUNCATED}
MOB-SC DEMU,PASSENGER,REVIEW,0.600,NUMBER_RANGE,77606,3,51,{ROUTE_CODE_STYLE}
MODASA - ND,PASSENGER,REVIEW,0.600,NUMBER_RANGE,59152,1,10,{}
MOGA-NDLS SH,SUPERFAST,REVIEW,0.700,NUMBER_RANGE,12044,1,8,{LIKELY_TRUNCATED}
MORADABAD CH,PASSENGER,REVIEW,0.600,NUMBER_RANGE,54312,2,29,{LIKELY_TRUNCATED}
MORADABAD DE,PASSENGER,REVIEW,0.600,NUMBER_RANGE,54055,2,52,{LIKELY_TRUNCATED}
MOURDHAJ EXP,SUPERFAST,REVIEW,0.700,NUMBER_RANGE,12492,1,22,{LIKELY_TRUNCATED}
MOURDHWAJ EX,SUPERFAST,REVIEW,0.700,NUMBER_RANGE,12491,1,22,{LIKELY_TRUNCATED}
MQ- MV PASSR,PASSENGER,REVIEW,0.600,NUMBER_RANGE,56034,1,11,{LIKELY_TRUNCATED}
MQ-BGKT,EXPRESS,REVIEW,0.650,NUMBER_RANGE,16864,1,42,{ROUTE_CODE_STYLE}
MQ-MS,EXPRESS,REVIEW,0.650,NUMBER_RANGE,16180,1,13,{ROUTE_CODE_STYLE}
MQ-TPJ PASSR,PASSENGER,REVIEW,0.600,NUMBER_RANGE,76805,1,12,{LIKELY_TRUNCATED}
MQ-TPTY PAMA,EXPRESS,REVIEW,0.650,NUMBER_RANGE,17408,1,19,{LIKELY_TRUNCATED}
MRGA-KCG DEM,PASSENGER,REVIEW,0.600,NUMBER_RANGE,77673,2,35,{LIKELY_TRUNCATED}
MRGA-PGRL PA,PASSENGER,REVIEW,0.600,NUMBER_RANGE,77676,1,6,{LIKELY_TRUNCATED}
MRJ - PRLI P,PASSENGER,REVIEW,0.600,NUMBER_RANGE,51426,1,35,{LIKELY_TRUNCATED}
MRJ -PVR SUP,SUPERFAST,REVIEW,0.700,NUMBER_RANGE,22146,1,9,{LIKELY_TRUNCATED}
MRJ KOP PASS,PASSENGER,REVIEW,0.600,NUMBER_RANGE,51407,2,15,{LIKELY_TRUNCATED}
MRJ LD PASSE,PASSENGER,REVIEW,0.600,NUMBER_RANGE,51431,1,22,{LIKELY_TRUNCATED}
MRJ UBL EXP,EXPRESS,REVIEW,0.650,NUMBER_RANGE,11047,1,12,{}
MRJ-BGM PASS,PASSENGER,REVIEW,0.600,NUMBER_RANGE,51461,2,33,{LIKELY_TRUNCATED}
MRJ-CLR PASS,PASSENGER,REVIEW,0.600,NUMBER_RANGE,51405,1,24,{LIKELY_TRUNCATED}
MRJ-KWV PASS,PASSENGER,REVIEW,0.600,NUMBER_RANGE,51438,1,17,{LIKELY_TRUNCATED}
MRJ-SUR EXP,EXPRESS,REVIEW,0.650,NUMBER_RANGE,11310,1,14,{ROUTE_CODE_STYLE}
MRJ-UBL PASS,PASSENGER,REVIEW,0.600,NUMBER_RANGE,51419,1,35,{LIKELY_TRUNCATED}
MRK GNT PASS,PASSENGER,REVIEW,0.600,NUMBER_RANGE,77249,1,19,{LIKELY_TRUNCATED}
MS - TCN EXP,EXPRESS,REVIEW,0.650,NUMBER_RANGE,16105,1,29,{LIKELY_TRUNCATED}
MS GURUVAYUR,EXPRESS,REVIEW,0.650,NUMBER_RANGE,16127,1,48,{LIKELY_TRUNCATED}
MS MDU SUPER,SUPERFAST,REVIEW,0.700,NUMBER_RANGE,22623,1,11,{LIKELY_TRUNCATED}
MS SA SUPER,EXPRESS,REVIEW,0.650,NUMBER_RANGE,11063,1,14,{}
MS-CAPE EXP.,SUPERFAST,REVIEW,0.700,NUMBER_RANGE,12633,1,17,{LIKELY_TRUNCATED}
MS-JU WEEKLY,SUPERFAST,REVIEW,0.700,NUMBER_RANGE,22663,1,27,{LIKELY_TRUNCATED}
MS-KIK EXP,EXPRESS,REVIEW,0.650,NUMBER_RANGE,16175,1,16,{ROUTE_CODE_STYLE}
MS-KKDI PALL,SUPERFAST,REVIEW,0.700,NUMBER_RANGE,12605,1,13,{LIKELY_TRUNCATED}
MS-MAQ EXPRE,EXPRESS,REVIEW,0.650,NUMBER_RANGE,16859,1,52,{LIKELY_TRUNCATED}
MS-MDU VAIGA,SUPERFAST,REVIEW,0.700,NUMBER_RANGE,12635,1,10,{LIKELY_TRUNCATED}
MS-MQ,EXPRESS,REVIEW,0.650,NUMBER_RANGE,16179,1,13,{ROUTE_CODE_STYLE}
MS-NCJ EXP.,SUPERFAST,REVIEW,0.700,NUMBER_RANGE,12667,1,11,{ROUTE_CODE_STYLE}
MS-PDY EXP,EXPRESS,REVIEW,0.650,NUMBER_RANGE,16115,1,10,{ROUTE_CODE_STYLE}
MS-PDY PASS,PASSENGER,REVIEW,0.600,NUMBER_RANGE,56037,1,18,{ROUTE_CODE_STYLE}
MS-QLN ANANT,EXPRESS,REVIEW,0.650,NUMBER_RANGE,16723,1,31,{LIKELY_TRUNCATED}
MS-RMM EXP,EXPRESS,REVIEW,0.650,NUMBER_RANGE,16101,1,24,{ROUTE_CODE_STYLE}
MS-RMM SUPER,SUPERFAST,REVIEW,0.700,NUMBER_RANGE,22661,1,19,{LIKELY_TRUNCATED}
MS-SCT POTHI,SUPERFAST,REVIEW,0.700,NUMBER_RANGE,12661,1,18,{LIKELY_TRUNCATED}
MS-SCT SILAM,EXPRESS,REVIEW,0.650,NUMBER_RANGE,16181,1,26,{LIKELY_TRUNCATED}
MS-TEN NELLA,SUPERFAST,REVIEW,0.700,NUMBER_RANGE,12631,1,15,{LIKELY_TRUNCATED}
MS-TN PEARL,SUPERFAST,REVIEW,0.700,NUMBER_RANGE,12693,1,22,{ROUTE_CODE_STYLE}
MSAE BQA DEM,PASSENGER,REVIEW,0.600,NUMBER_RANGE,78055,1,26,{LIKELY_TRUNCATED}
MSAE- BQA LO,PASSENGER,REVIEW,0.600,NUMBER_RANGE,78059,1,26,{LIKELY_TRUNCATED}
MSAE- BQA PA,PASSENGER,REVIEW,0.600,NUMBER_RANGE,78053,2,52,{LIKELY_TRUNCATED}
MSAE-BQA DEM,PASSENGER,REVIEW,0.600,NUMBER_RANGE,78051,1,26,{LIKELY_TRUNCATED}
MSAE-HWH LOC,PASSENGER,REVIEW,0.550,NUMBER_RANGE,36082,4,94,{LIKELY_TRUNCATED}
MSB - CGL EM,PASSENGER,REVIEW,0.550,NUMBER_RANGE,40665,1,11,{LIKELY_TRUNCATED}
MSB - VLCY E,PASSENGER,REVIEW,0.550,NUMBER_RANGE,41501,7,20,{LIKELY_TRUNCATED}
MSB-AJJ EMU,PASSENGER,REVIEW,0.550,NUMBER_RANGE,43801,3,84,{ROUTE_CODE_STYLE}
MSB-AVD EMU,PASSENGER,REVIEW,0.550,NUMBER_RANGE,43601,7,66,{ROUTE_CODE_STYLE}
MSB-CGL EMU,PASSENGER,REVIEW,0.550,NUMBER_RANGE,40501,64,255,{ROUTE_CODE_STYLE}
MSB-CJ EMU L,PASSENGER,REVIEW,0.550,NUMBER_RANGE,40801,2,9,{LIKELY_TRUNCATED}
MSB-GPD EMU,PASSENGER,REVIEW,0.550,NUMBER_RANGE,42601,4,68,{ROUTE_CODE_STYLE}
MSB-MLMR PAS,PASSENGER,REVIEW,0.600,NUMBER_RANGE,66043,1,11,{LIKELY_TRUNCATED}
MSB-PON EMU,PASSENGER,REVIEW,0.550,NUMBER_RANGE,42701,1,11,{ROUTE_CODE_STYLE}
MSB-PTMS EMU,PASSENGER,REVIEW,0.550,NUMBER_RANGE,43751,4,60,{LIKELY_TRUNCATED}
MSB-PV EMU L,PASSENGER,REVIEW,0.550,NUMBER_RANGE,40021,2,21,{LIKELY_TRUNCATED}
MSB-SPE EMU,PASSENGER,REVIEW,0.550,NUMBER_RANGE,42801,1,22,{ROUTE_CODE_STYLE}
MSB-STM EMU,PASSENGER,REVIEW,0.550,NUMBER_RANGE,40025,1,18,{ROUTE_CODE_STYLE}
MSB-TBM EMU,PASSENGER,REVIEW,0.550,NUMBER_RANGE,40001,137,2436,{ROUTE_CODE_STYLE}
MSB-TMLP EMU,PASSENGER,REVIEW,0.550,NUMBER_RANGE,40701,10,76,{LIKELY_TRUNCATED}
MSB-TMLP PAS,PASSENGER,REVIEW,0.600,NUMBER_RANGE,66041,1,15,{LIKELY_TRUNCATED}
MSB-TRL EMU,PASSENGER,REVIEW,0.550,NUMBER_RANGE,43701,8,142,{ROUTE_CODE_STYLE}
MSB-TRL LOCA,PASSENGER,REVIEW,0.550,NUMBER_RANGE,43715,1,20,{LIKELY_TRUNCATED}
MSB-TRT EMU,PASSENGER,REVIEW,0.550,NUMBER_RANGE,43821,1,16,{ROUTE_CODE_STYLE}
MSB-TRT FAST,PASSENGER,REVIEW,0.550,NUMBER_RANGE,43823,1,13,{LIKELY_TRUNCATED}
MSB-VLCY,PASSENGER,REVIEW,0.550,NUMBER_RANGE,41001,38,114,{ROUTE_CODE_STYLE}
MSB-VLCY EMU,PASSENGER,REVIEW,0.550,NUMBER_RANGE,41131,43,128,{LIKELY_TRUNCATED}
MSB-VLCY-EMU,PASSENGER,REVIEW,0.550,NUMBER_RANGE,41600,1,3,{LIKELY_TRUNCATED}
MSB-VLR PASS,PASSENGER,REVIEW,0.600,NUMBER_RANGE,66017,1,18,{LIKELY_TRUNCATED}
MSH - ABR DM,PASSENGER,REVIEW,0.600,NUMBER_RANGE,79437,1,17,{LIKELY_TRUNCATED}
MSH - PTN PA,PASSENGER,REVIEW,0.600,NUMBER_RANGE,59475,5,30,{LIKELY_TRUNCATED}
MSH - VG PAS,PASSENGER,REVIEW,0.600,NUMBER_RANGE,59509,2,16,{LIKELY_TRUNCATED}
MSH-ADI DMU,PASSENGER,REVIEW,0.600,NUMBER_RANGE,79432,1,10,{ROUTE_CODE_STYLE}
MSSN - SCL P,PASSENGER,REVIEW,0.600,NUMBER_RANGE,55661,2,24,{LIKELY_TRUNCATED}
MTC -KRJ PAS,PASSENGER,REVIEW,0.600,NUMBER_RANGE,54406,1,13,{LIKELY_TRUNCATED}
MTC-ANVT MEM,PASSENGER,REVIEW,0.600,NUMBER_RANGE,64556,1,11,{LIKELY_TRUNCATED}
MTC-KRJ PASS,PASSENGER,REVIEW,0.600,NUMBER_RANGE,54402,1,14,{LIKELY_TRUNCATED}
MTC-RE PASSE,PASSENGER,REVIEW,0.600,NUMBER_RANGE,54412,1,37,{LIKELY_TRUNCATED}
MTD-BKN,SUPERFAST,REVIEW,0.700,NUMBER_RANGE,22307,1,5,{ROUTE_CODE_STYLE}
MTD-BKN  LIN,SUPERFAST,REVIEW,0.700,NUMBER_RANGE,22463,1,4,{LIKELY_TRUNCATED}
MTD-MEC DMU,PASSENGER,REVIEW,0.600,NUMBER_RANGE,74802,1,2,{ROUTE_CODE_STYLE}
MTD-MEC RAIL,PASSENGER,REVIEW,0.600,NUMBER_RANGE,74804,8,16,{LIKELY_TRUNCATED}
MTDM ED PASS,PASSENGER,REVIEW,0.600,NUMBER_RANGE,56101,1,11,{LIKELY_TRUNCATED}
MTDM-SA PASS,PASSENGER,REVIEW,0.600,NUMBER_RANGE,56103,1,4,{LIKELY_TRUNCATED}
MTJ RATLAM P,PASSENGER,REVIEW,0.600,NUMBER_RANGE,59356,1,65,{LIKELY_TRUNCATED}
MTJ-AWR PASS,PASSENGER,REVIEW,0.600,NUMBER_RANGE,51971,2,26,{LIKELY_TRUNCATED}
MTJ-BDB,PASSENGER,REVIEW,0.600,NUMBER_RANGE,72172,4,16,{ROUTE_CODE_STYLE}
MTJ-BNW PASS,PASSENGER,REVIEW,0.600,NUMBER_RANGE,54791,1,32,{LIKELY_TRUNCATED}
MTJ-BXN PASS,PASSENGER,REVIEW,0.600,NUMBER_RANGE,59360,1,9,{LIKELY_TRUNCATED}
MTJ-GZB 12CA,PASSENGER,REVIEW,0.600,NUMBER_RANGE,64903,1,27,{LIKELY_TRUNCATED}
MTJ-JP PASSE,PASSENGER,REVIEW,0.600,NUMBER_RANGE,51973,1,34,{LIKELY_TRUNCATED}
MTJ-KKDE EXP,EXPRESS,REVIEW,0.650,NUMBER_RANGE,11901,1,13,{LIKELY_TRUNCATED}
MTJ-KSJ  PAS,PASSENGER,REVIEW,0.600,NUMBER_RANGE,55340,1,7,{LIKELY_TRUNCATED}
MTJ-KSJ PASS,PASSENGER,REVIEW,0.600,NUMBER_RANGE,55334,2,36,{LIKELY_TRUNCATED}
MTJ-NDLS 12C,PASSENGER,REVIEW,0.600,NUMBER_RANGE,64905,1,21,{LIKELY_TRUNCATED}
MTJ-SWM PASS,PASSENGER,REVIEW,0.600,NUMBER_RANGE,54794,1,23,{LIKELY_TRUNCATED}
MTM EXP,SUPERFAST,REVIEW,0.700,NUMBER_RANGE,12749,1,19,{}
MTM-VSKP PAS,PASSENGER,REVIEW,0.600,NUMBER_RANGE,57229,1,35,{LIKELY_TRUNCATED}
MTM-YPR  KON,EXPRESS,REVIEW,0.650,NUMBER_RANGE,17211,1,21,{LIKELY_TRUNCATED}
MTP CBE PASS,PASSENGER,REVIEW,0.600,NUMBER_RANGE,56145,1,4,{LIKELY_TRUNCATED}
MTP UAM PASS,PASSENGER,REVIEW,0.600,NUMBER_RANGE,56136,1,7,{LIKELY_TRUNCATED}
MTP-CBE PASS,PASSENGER,REVIEW,0.600,NUMBER_RANGE,56147,2,8,{LIKELY_TRUNCATED}
MTP-CBE SPL,PASSENGER,REVIEW,0.600,NUMBER_RANGE,56149,1,4,{ROUTE_CODE_STYLE}
MTP-MAS NILA,SUPERFAST,REVIEW,0.700,NUMBER_RANGE,12672,1,9,{LIKELY_TRUNCATED}
MUGR-KZJ PAS,PASSENGER,REVIEW,0.600,NUMBER_RANGE,57657,1,23,{LIKELY_TRUNCATED}
MUGR-SC EXPR,EXPRESS,REVIEW,0.650,NUMBER_RANGE,17025,1,15,{LIKELY_TRUNCATED}
MUGR-SC FAST,PASSENGER,REVIEW,0.600,NUMBER_RANGE,57626,1,37,{LIKELY_TRUNCATED}
MUMBAI BSL P,PASSENGER,REVIEW,0.600,NUMBER_RANGE,51153,1,48,{LIKELY_TRUNCATED}
MUMBAI CSMT-,EXPRESS,REVIEW,0.650,NUMBER_RANGE,17031,1,26,{LIKELY_TRUNCATED}
MUMBAI DURON,SUPERFAST,REVIEW,0.700,NUMBER_RANGE,12228,1,5,{LIKELY_TRUNCATED}
MUMBAI GARIB,SUPERFAST,REVIEW,0.700,NUMBER_RANGE,12187,1,15,{LIKELY_TRUNCATED}
MUMBAI RAJDH,SUPERFAST,REVIEW,0.700,NUMBER_RANGE,12951,2,16,{LIKELY_TRUNCATED}
MUR-AY PASS,PASSENGER,REVIEW,0.600,NUMBER_RANGE,54239,2,10,{ROUTE_CODE_STYLE}
MUR-FD PASS,PASSENGER,REVIEW,0.600,NUMBER_RANGE,54237,1,7,{ROUTE_CODE_STYLE}
MUSSOORIE EX,EXPRESS,REVIEW,0.650,NUMBER_RANGE,14041,2,40,{LIKELY_TRUNCATED}
MUV - ALY  P,PASSENGER,REVIEW,0.600,NUMBER_RANGE,55125,1,22,{LIKELY_TRUNCATED}
MUV - BUI  P,PASSENGER,REVIEW,0.600,NUMBER_RANGE,55134,1,22,{LIKELY_TRUNCATED}
MUV MFP EXPR,SUPERFAST,REVIEW,0.700,NUMBER_RANGE,12538,1,15,{LIKELY_TRUNCATED}
MUV-ALY-DMU,PASSENGER,REVIEW,0.600,NUMBER_RANGE,75107,1,22,{ROUTE_CODE_STYLE}
MUV-AMH PASS,PASSENGER,REVIEW,0.600,NUMBER_RANGE,55136,1,20,{LIKELY_TRUNCATED}
MUV-BTT PASS,PASSENGER,REVIEW,0.600,NUMBER_RANGE,55122,1,26,{LIKELY_TRUNCATED}
MUV-CPR PASS,PASSENGER,REVIEW,0.600,NUMBER_RANGE,55014,1,33,{LIKELY_TRUNCATED}
MUV-JBP EXPR,EXPRESS,REVIEW,0.650,NUMBER_RANGE,15117,1,11,{LIKELY_TRUNCATED}
MUV-NDLS-SUP,SUPERFAST,REVIEW,0.700,NUMBER_RANGE,12581,1,6,{LIKELY_TRUNCATED}
MUV-RMM EXPR,EXPRESS,REVIEW,0.650,NUMBER_RANGE,15120,1,37,{LIKELY_TRUNCATED}
MUZAFFARPUR-,EXPRESS,REVIEW,0.650,NUMBER_RANGE,15228,1,35,{LIKELY_TRUNCATED}
MV  VM PASSR,PASSENGER,REVIEW,0.600,NUMBER_RANGE,56874,1,22,{LIKELY_TRUNCATED}
MV - TJ PASS,PASSENGER,REVIEW,0.600,NUMBER_RANGE,56115,1,17,{LIKELY_TRUNCATED}
MV TPJ PASSR,PASSENGER,REVIEW,0.600,NUMBER_RANGE,56811,1,25,{LIKELY_TRUNCATED}
MV VM PASSR,PASSENGER,REVIEW,0.600,NUMBER_RANGE,56878,1,22,{}
MV-CBE JANSH,SUPERFAST,REVIEW,0.700,NUMBER_RANGE,12083,1,10,{LIKELY_TRUNCATED}
MV-MQ PASSR,PASSENGER,REVIEW,0.600,NUMBER_RANGE,56033,1,11,{ROUTE_CODE_STYLE}
MV-MYSORE  E,EXPRESS,REVIEW,0.650,NUMBER_RANGE,16231,1,24,{LIKELY_TRUNCATED}
MV-TEN PASSE,PASSENGER,REVIEW,0.600,NUMBER_RANGE,56821,1,20,{LIKELY_TRUNCATED}
MV-TJ,PASSENGER,REVIEW,0.600,NUMBER_RANGE,76825,1,16,{ROUTE_CODE_STYLE}
MV-TPJ EXPRE,EXPRESS,REVIEW,0.650,NUMBER_RANGE,16233,1,7,{LIKELY_TRUNCATED}
MV-TPJ PASS,PASSENGER,REVIEW,0.600,NUMBER_RANGE,56114,1,26,{ROUTE_CODE_STYLE}
MV-TPJ PASSE,PASSENGER,REVIEW,0.600,NUMBER_RANGE,56823,1,24,{LIKELY_TRUNCATED}
MV-TVR PASSR,PASSENGER,REVIEW,0.600,NUMBER_RANGE,56871,2,12,{LIKELY_TRUNCATED}
MV-VM PASSR.,PASSENGER,REVIEW,0.600,NUMBER_RANGE,56876,1,22,{LIKELY_TRUNCATED}
MVI  MALB DE,PASSENGER,REVIEW,0.600,NUMBER_RANGE,79449,1,7,{LIKELY_TRUNCATED}
MVI - WKR,PASSENGER,REVIEW,0.600,NUMBER_RANGE,79442,6,42,{}
MVJ MJ PASS,PASSENGER,REVIEW,0.600,NUMBER_RANGE,52076,1,16,{}
MVJ-MJ PASS,PASSENGER,REVIEW,0.600,NUMBER_RANGE,52074,1,15,{ROUTE_CODE_STYLE}
MXN-FKG-DMV,PASSENGER,REVIEW,0.600,NUMBER_RANGE,55904,1,23,{ROUTE_CODE_STYLE}
MXN-GHY I/C,EXPRESS,REVIEW,0.650,NUMBER_RANGE,15718,1,26,{ROUTE_CODE_STYLE}
MYM-BDC LOCA,PASSENGER,REVIEW,0.550,NUMBER_RANGE,37732,1,12,{LIKELY_TRUNCATED}
MYM-HWH LOCA,PASSENGER,REVIEW,0.550,NUMBER_RANGE,37652,4,102,{LIKELY_TRUNCATED}
MYS - HWH SF,SUPERFAST,REVIEW,0.700,NUMBER_RANGE,22818,1,23,{LIKELY_TRUNCATED}
MYS DHARWAD,EXPRESS,REVIEW,0.650,NUMBER_RANGE,17301,1,18,{}
MYS JP SF EX,SUPERFAST,REVIEW,0.700,NUMBER_RANGE,12975,1,42,{LIKELY_TRUNCATED}
MYS-ASK PASS,PASSENGER,REVIEW,0.600,NUMBER_RANGE,56266,2,42,{LIKELY_TRUNCATED}
MYS-BGK BASA,EXPRESS,REVIEW,0.650,NUMBER_RANGE,17307,1,34,{LIKELY_TRUNCATED}
MYS-BSB BI-W,EXPRESS,REVIEW,0.650,NUMBER_RANGE,16229,1,35,{LIKELY_TRUNCATED}
MYS-CMNR PAS,PASSENGER,REVIEW,0.600,NUMBER_RANGE,56202,4,52,{LIKELY_TRUNCATED}
MYS-MAS EXPR,SUPERFAST,REVIEW,0.700,NUMBER_RANGE,22681,1,12,{LIKELY_TRUNCATED}
MYS-MAS KAVE,EXPRESS,REVIEW,0.650,NUMBER_RANGE,16022,1,23,{LIKELY_TRUNCATED}
MYS-MAS SHAT,SUPERFAST,REVIEW,0.700,NUMBER_RANGE,12008,1,4,{LIKELY_TRUNCATED}
MYS-NTW PASS,PASSENGER,REVIEW,0.600,NUMBER_RANGE,56206,1,7,{LIKELY_TRUNCATED}
MYS-SBC CHAM,EXPRESS,REVIEW,0.650,NUMBER_RANGE,16215,1,10,{LIKELY_TRUNCATED}
MYS-SBC PASS,PASSENGER,REVIEW,0.600,NUMBER_RANGE,56231,3,59,{LIKELY_TRUNCATED}
MYS-SBC RAJY,EXPRESS,REVIEW,0.650,NUMBER_RANGE,16557,1,9,{LIKELY_TRUNCATED}
MYS-SMET PAS,PASSENGER,REVIEW,0.600,NUMBER_RANGE,56270,1,16,{LIKELY_TRUNCATED}
MYS-SNSI EXP,EXPRESS,REVIEW,0.650,NUMBER_RANGE,16217,1,24,{LIKELY_TRUNCATED}
MYS-SUR GOLG,EXPRESS,REVIEW,0.650,NUMBER_RANGE,16535,1,32,{LIKELY_TRUNCATED}
MYS-TLGP EXP,EXPRESS,REVIEW,0.650,NUMBER_RANGE,16227,1,35,{LIKELY_TRUNCATED}
MYS-TLGP INT,EXPRESS,REVIEW,0.650,NUMBER_RANGE,16206,1,13,{LIKELY_TRUNCATED}
MYS-TLGP PAS,PASSENGER,REVIEW,0.600,NUMBER_RANGE,56276,1,31,{LIKELY_TRUNCATED}
MYS-UBL DAIL,EXPRESS,REVIEW,0.650,NUMBER_RANGE,17326,1,25,{LIKELY_TRUNCATED}
MYS-UBL HAMP,EXPRESS,REVIEW,0.650,NUMBER_RANGE,16592,1,30,{LIKELY_TRUNCATED}
MYS-YPR EXPR,EXPRESS,REVIEW,0.650,NUMBER_RANGE,16023,1,10,{LIKELY_TRUNCATED}
MYS-YPR PASS,PASSENGER,REVIEW,0.600,NUMBER_RANGE,56216,1,34,{LIKELY_TRUNCATED}
MZL-BDHN PAS,PASSENGER,REVIEW,0.600,NUMBER_RANGE,57503,1,16,{LIKELY_TRUNCATED}
MZL-KCG PASS,PASSENGER,REVIEW,0.600,NUMBER_RANGE,57486,1,27,{LIKELY_TRUNCATED}
MZS - DKGN P,PASSENGER,REVIEW,0.600,NUMBER_RANGE,55814,1,42,{LIKELY_TRUNCATED}
MZS - RNY PA,PASSENGER,REVIEW,0.600,NUMBER_RANGE,55896,2,106,{LIKELY_TRUNCATED}
N1,EMU,REVIEW,0.750,NUMBER_RANGE,96401,1,12,{COACH_CODE_AS_NAME}
N10,EMU,REVIEW,0.750,NUMBER_RANGE,95406,1,10,{COACH_CODE_AS_NAME}
N11,EMU,REVIEW,0.750,NUMBER_RANGE,95405,1,12,{COACH_CODE_AS_NAME}
N12,EMU,REVIEW,0.750,NUMBER_RANGE,95408,1,10,{COACH_CODE_AS_NAME}
N13,EMU,REVIEW,0.750,NUMBER_RANGE,95407,1,12,{COACH_CODE_AS_NAME}
N14,EMU,REVIEW,0.750,NUMBER_RANGE,95410,1,10,{COACH_CODE_AS_NAME}
N15,EMU,REVIEW,0.750,NUMBER_RANGE,95409,1,12,{COACH_CODE_AS_NAME}
N16,EMU,REVIEW,0.750,NUMBER_RANGE,95412,1,10,{COACH_CODE_AS_NAME}
N17,EMU,REVIEW,0.750,NUMBER_RANGE,95411,1,12,{COACH_CODE_AS_NAME}
N18,EMU,REVIEW,0.750,NUMBER_RANGE,95414,1,10,{COACH_CODE_AS_NAME}
N19,EMU,REVIEW,0.750,NUMBER_RANGE,95413,1,12,{COACH_CODE_AS_NAME}
N2,EMU,REVIEW,0.750,NUMBER_RANGE,96402,1,10,{COACH_CODE_AS_NAME}
N20,EMU,REVIEW,0.750,NUMBER_RANGE,95416,1,10,{COACH_CODE_AS_NAME}
N21,EMU,REVIEW,0.750,NUMBER_RANGE,95415,1,12,{COACH_CODE_AS_NAME}
N22,EMU,REVIEW,0.750,NUMBER_RANGE,95418,1,10,{COACH_CODE_AS_NAME}
N23,EMU,REVIEW,0.750,NUMBER_RANGE,95417,1,12,{COACH_CODE_AS_NAME}
N24,EMU,REVIEW,0.750,NUMBER_RANGE,95420,1,10,{COACH_CODE_AS_NAME}
N25,EMU,REVIEW,0.750,NUMBER_RANGE,95419,1,12,{COACH_CODE_AS_NAME}
N26,EMU,REVIEW,0.750,NUMBER_RANGE,95422,1,10,{COACH_CODE_AS_NAME}
N27,EMU,REVIEW,0.750,NUMBER_RANGE,95421,1,12,{COACH_CODE_AS_NAME}
N28,EMU,REVIEW,0.750,NUMBER_RANGE,95424,1,10,{COACH_CODE_AS_NAME}
N29,EMU,REVIEW,0.750,NUMBER_RANGE,95423,1,12,{COACH_CODE_AS_NAME}
N3,EMU,REVIEW,0.750,NUMBER_RANGE,96403,1,12,{COACH_CODE_AS_NAME}
N30,EMU,REVIEW,0.750,NUMBER_RANGE,95426,1,10,{COACH_CODE_AS_NAME}
N31,EMU,REVIEW,0.750,NUMBER_RANGE,96409,1,12,{COACH_CODE_AS_NAME}
N32,EMU,REVIEW,0.750,NUMBER_RANGE,95428,1,10,{COACH_CODE_AS_NAME}
N33,EMU,REVIEW,0.750,NUMBER_RANGE,95425,1,12,{COACH_CODE_AS_NAME}
N34,EMU,REVIEW,0.750,NUMBER_RANGE,95430,1,10,{COACH_CODE_AS_NAME}
N36,EMU,REVIEW,0.750,NUMBER_RANGE,96406,1,10,{COACH_CODE_AS_NAME}
N4,EMU,REVIEW,0.750,NUMBER_RANGE,96404,1,10,{COACH_CODE_AS_NAME}
N5,EMU,REVIEW,0.750,NUMBER_RANGE,96405,1,12,{COACH_CODE_AS_NAME}
N6,EMU,REVIEW,0.750,NUMBER_RANGE,95402,1,10,{COACH_CODE_AS_NAME}
N7,EMU,REVIEW,0.750,NUMBER_RANGE,95401,1,12,{COACH_CODE_AS_NAME}
N8,EMU,REVIEW,0.750,NUMBER_RANGE,95404,1,10,{COACH_CODE_AS_NAME}
N9,EMU,REVIEW,0.750,NUMBER_RANGE,95403,1,12,{COACH_CODE_AS_NAME}
NAB ITR PASS,PASSENGER,REVIEW,0.600,NUMBER_RANGE,58878,1,17,{LIKELY_TRUNCATED}
NAB-ITR PASS,PASSENGER,REVIEW,0.600,NUMBER_RANGE,58844,3,51,{LIKELY_TRUNCATED}
NAD - RTM ME,PASSENGER,REVIEW,0.600,NUMBER_RANGE,69184,1,6,{LIKELY_TRUNCATED}
NAD - UJN ME,PASSENGER,REVIEW,0.600,NUMBER_RANGE,69185,1,8,{LIKELY_TRUNCATED}
NAD INDB PAS,PASSENGER,REVIEW,0.600,NUMBER_RANGE,59387,1,17,{LIKELY_TRUNCATED}
NAD RTM PASS,PASSENGER,REVIEW,0.600,NUMBER_RANGE,59346,1,6,{LIKELY_TRUNCATED}
NAD UJN PASS,PASSENGER,REVIEW,0.600,NUMBER_RANGE,59317,2,16,{LIKELY_TRUNCATED}
NADHIGRAM EX,EXPRESS,REVIEW,0.650,NUMBER_RANGE,11402,1,34,{LIKELY_TRUNCATED}
NAGARSOL-JAL,PASSENGER,REVIEW,0.600,NUMBER_RANGE,77684,1,14,{LIKELY_TRUNCATED}
NAGDA BINA P,PASSENGER,REVIEW,0.600,NUMBER_RANGE,59341,1,44,{LIKELY_TRUNCATED}
NAGERCOIL EX,EXPRESS,REVIEW,0.650,NUMBER_RANGE,16335,1,56,{LIKELY_TRUNCATED}
NAGPUR JAIPU,EXPRESS,REVIEW,0.650,NUMBER_RANGE,11203,1,28,{LIKELY_TRUNCATED}
NAJIBABAD GA,PASSENGER,REVIEW,0.600,NUMBER_RANGE,54384,1,17,{LIKELY_TRUNCATED}
NANDA DEVI E,SUPERFAST,REVIEW,0.700,NUMBER_RANGE,12205,2,14,{LIKELY_TRUNCATED}
NANDAN KANAN,SUPERFAST,REVIEW,0.700,NUMBER_RANGE,12815,2,58,{LIKELY_TRUNCATED}
NANDED-VSKP,EXPRESS,REVIEW,0.650,NUMBER_RANGE,20812,1,13,{}
NANDIGRHAM E,EXPRESS,REVIEW,0.650,NUMBER_RANGE,11401,1,34,{LIKELY_TRUNCATED}
NAUCHANDI EX,EXPRESS,REVIEW,0.650,NUMBER_RANGE,14511,2,57,{LIKELY_TRUNCATED}
NAVAJEEVAN E,SUPERFAST,REVIEW,0.700,NUMBER_RANGE,12655,2,83,{LIKELY_TRUNCATED}
NAVI-NRKR PA,PASSENGER,REVIEW,0.600,NUMBER_RANGE,51151,1,8,{LIKELY_TRUNCATED}
NBD KTW PASS,PASSENGER,REVIEW,0.600,NUMBER_RANGE,54385,3,9,{LIKELY_TRUNCATED}
NBD-GJL PASS,PASSENGER,REVIEW,0.600,NUMBER_RANGE,54382,1,18,{LIKELY_TRUNCATED}
NBD-KTW,PASSENGER,REVIEW,0.600,NUMBER_RANGE,54091,1,3,{ROUTE_CODE_STYLE}
NBD-MB PASSE,PASSENGER,REVIEW,0.600,NUMBER_RANGE,54396,1,23,{LIKELY_TRUNCATED}
NBQ - GHY DE,PASSENGER,REVIEW,0.600,NUMBER_RANGE,75723,1,19,{LIKELY_TRUNCATED}
NBQ - GHY PA,PASSENGER,REVIEW,0.600,NUMBER_RANGE,55803,3,58,{LIKELY_TRUNCATED}
NCB - SGUJ D,PASSENGER,REVIEW,0.600,NUMBER_RANGE,75714,1,20,{LIKELY_TRUNCATED}
NCJ- MAQ EXP,EXPRESS,REVIEW,0.650,NUMBER_RANGE,16606,1,41,{LIKELY_TRUNCATED}
NCJ-CAPE PAS,PASSENGER,REVIEW,0.600,NUMBER_RANGE,56719,1,2,{LIKELY_TRUNCATED}
NCJ-CBE PASS,PASSENGER,REVIEW,0.600,NUMBER_RANGE,56319,1,39,{LIKELY_TRUNCATED}
NCJ-CBE SUPE,SUPERFAST,REVIEW,0.700,NUMBER_RANGE,22667,1,14,{LIKELY_TRUNCATED}
NCJ-CSMT EXP,EXPRESS,REVIEW,0.650,NUMBER_RANGE,16340,2,85,{LIKELY_TRUNCATED}
NCJ-KCG KACH,EXPRESS,REVIEW,0.650,NUMBER_RANGE,16354,1,31,{LIKELY_TRUNCATED}
NCJ-KCVL PAS,PASSENGER,REVIEW,0.600,NUMBER_RANGE,56318,1,16,{LIKELY_TRUNCATED}
NCJ-KTYM PAS,PASSENGER,REVIEW,0.600,NUMBER_RANGE,56304,1,44,{LIKELY_TRUNCATED}
NCJ-MAQ PARA,EXPRESS,REVIEW,0.650,NUMBER_RANGE,16650,1,50,{LIKELY_TRUNCATED}
NCJ-MAS EXP,SUPERFAST,REVIEW,0.700,NUMBER_RANGE,12690,1,20,{ROUTE_CODE_STYLE}
NCJ-MS EXP.,SUPERFAST,REVIEW,0.700,NUMBER_RANGE,12668,1,11,{ROUTE_CODE_STYLE}
NCJ-SBC EXP,EXPRESS,REVIEW,0.650,NUMBER_RANGE,17236,1,16,{ROUTE_CODE_STYLE}
NCJ-SHM GURU,SUPERFAST,REVIEW,0.700,NUMBER_RANGE,12659,1,44,{LIKELY_TRUNCATED}
NCJ-TVC PASS,PASSENGER,REVIEW,0.600,NUMBER_RANGE,56310,2,28,{LIKELY_TRUNCATED}
NCR-SBC PASS,PASSENGER,REVIEW,0.600,NUMBER_RANGE,56513,1,57,{LIKELY_TRUNCATED}
NCR-TPJ PASS,PASSENGER,REVIEW,0.600,NUMBER_RANGE,76853,1,25,{LIKELY_TRUNCATED}
ND - MODASA,PASSENGER,REVIEW,0.600,NUMBER_RANGE,59151,1,10,{}
ND-MDSA PASS,PASSENGER,REVIEW,0.600,NUMBER_RANGE,59153,1,10,{LIKELY_TRUNCATED}
NDAE-NFK EXP,EXPRESS,REVIEW,0.650,NUMBER_RANGE,13421,1,11,{LIKELY_TRUNCATED}
NDD PASS,PASSENGER,REVIEW,0.600,NUMBER_RANGE,77265,1,11,{}
NDKD PASS,PASSENGER,REVIEW,0.600,NUMBER_RANGE,57324,1,4,{}
NDL-HX DEMU,PASSENGER,REVIEW,0.600,NUMBER_RANGE,77401,2,24,{ROUTE_CODE_STYLE}
NDL-KRNT DEM,PASSENGER,REVIEW,0.600,NUMBER_RANGE,77695,1,14,{LIKELY_TRUNCATED}
NDLS - BPL S,SUPERFAST,REVIEW,0.700,NUMBER_RANGE,12002,1,10,{LIKELY_TRUNCATED}
NDLS - DBRT,SUPERFAST,REVIEW,0.700,NUMBER_RANGE,12436,1,26,{}
NDLS - SCL P,EXPRESS,REVIEW,0.650,NUMBER_RANGE,15602,1,14,{LIKELY_TRUNCATED}
NDLS BGP  EX,SUPERFAST,REVIEW,0.700,NUMBER_RANGE,12350,1,13,{LIKELY_TRUNCATED}
NDLS CNB SHA,SUPERFAST,REVIEW,0.700,NUMBER_RANGE,12034,1,4,{LIKELY_TRUNCATED}
NDLS INTERCI,EXPRESS,REVIEW,0.650,NUMBER_RANGE,14324,1,6,{LIKELY_TRUNCATED}
NDLS JANSHTB,SUPERFAST,REVIEW,0.700,NUMBER_RANGE,12058,1,14,{LIKELY_TRUNCATED}
NDLS RNC GBR,SUPERFAST,REVIEW,0.700,NUMBER_RANGE,12878,1,15,{LIKELY_TRUNCATED}
NDLS RNC RAJ,SUPERFAST,REVIEW,0.700,NUMBER_RANGE,12440,1,8,{LIKELY_TRUNCATED}
NDLS RNC SAM,SUPERFAST,REVIEW,0.700,NUMBER_RANGE,12826,1,9,{LIKELY_TRUNCATED}
NDLS-AII SHA,SUPERFAST,REVIEW,0.700,NUMBER_RANGE,12015,1,10,{LIKELY_TRUNCATED}
NDLS-ALD-DUR,SUPERFAST,REVIEW,0.700,NUMBER_RANGE,12276,1,2,{LIKELY_TRUNCATED}
NDLS-ALJN 12,PASSENGER,REVIEW,0.600,NUMBER_RANGE,64110,1,24,{LIKELY_TRUNCATED}
NDLS-ASR SHA,SUPERFAST,REVIEW,0.700,NUMBER_RANGE,12013,1,8,{LIKELY_TRUNCATED}
NDLS-ASR-SHA,SUPERFAST,REVIEW,0.700,NUMBER_RANGE,12031,1,8,{LIKELY_TRUNCATED}
NDLS-BBS DUR,SUPERFAST,REVIEW,0.700,NUMBER_RANGE,12282,1,6,{LIKELY_TRUNCATED}
NDLS-BBS RAJ,SUPERFAST,REVIEW,0.700,NUMBER_RANGE,22812,2,27,{LIKELY_TRUNCATED}
NDLS-BBS VIA,EXPRESS,REVIEW,0.650,NUMBER_RANGE,20818,1,13,{LIKELY_TRUNCATED}
NDLS-BSP,SUPERFAST,REVIEW,0.700,NUMBER_RANGE,12442,1,10,{ROUTE_CODE_STYLE}
NDLS-CDG SHA,SUPERFAST,REVIEW,0.700,NUMBER_RANGE,12045,1,4,{LIKELY_TRUNCATED}
NDLS-DBRT RA,SUPERFAST,REVIEW,0.700,NUMBER_RANGE,12424,1,22,{LIKELY_TRUNCATED}
NDLS-DDN SHA,SUPERFAST,REVIEW,0.700,NUMBER_RANGE,12017,1,8,{LIKELY_TRUNCATED}
NDLS-GHY RAJ,SUPERFAST,REVIEW,0.700,NUMBER_RANGE,12236,1,26,{LIKELY_TRUNCATED}
NDLS-GZB,PASSENGER,REVIEW,0.600,NUMBER_RANGE,64422,2,13,{ROUTE_CODE_STYLE}
NDLS-GZB 12C,PASSENGER,REVIEW,0.600,NUMBER_RANGE,64426,1,8,{LIKELY_TRUNCATED}
NDLS-GZB EMU,PASSENGER,REVIEW,0.600,NUMBER_RANGE,64424,3,21,{LIKELY_TRUNCATED}
NDLS-GZB LAD,PASSENGER,REVIEW,0.600,NUMBER_RANGE,64450,1,8,{LIKELY_TRUNCATED}
NDLS-JAT RAJ,SUPERFAST,REVIEW,0.700,NUMBER_RANGE,12425,1,5,{LIKELY_TRUNCATED}
NDLS-JUC EXP,EXPRESS,REVIEW,0.650,NUMBER_RANGE,14681,1,21,{LIKELY_TRUNCATED}
NDLS-KGM SHA,SUPERFAST,REVIEW,0.700,NUMBER_RANGE,12040,1,8,{LIKELY_TRUNCATED}
NDLS-KKDE ME,PASSENGER,REVIEW,0.600,NUMBER_RANGE,64463,2,47,{LIKELY_TRUNCATED}
NDLS-KLK SHA,SUPERFAST,REVIEW,0.700,NUMBER_RANGE,12011,1,6,{LIKELY_TRUNCATED}
NDLS-KLK- SH,SUPERFAST,REVIEW,0.700,NUMBER_RANGE,12005,1,5,{LIKELY_TRUNCATED}
NDLS-LDH SHA,SUPERFAST,REVIEW,0.700,NUMBER_RANGE,12037,1,7,{LIKELY_TRUNCATED}
NDLS-LKO SHA,SUPERFAST,REVIEW,0.700,NUMBER_RANGE,12004,1,7,{LIKELY_TRUNCATED}
NDLS-MAS TAM,SUPERFAST,REVIEW,0.700,NUMBER_RANGE,12622,1,11,{LIKELY_TRUNCATED}
NDLS-MLDT EX,EXPRESS,REVIEW,0.650,NUMBER_RANGE,14004,1,23,{LIKELY_TRUNCATED}
NDLS-MOGA SH,SUPERFAST,REVIEW,0.700,NUMBER_RANGE,12043,1,8,{LIKELY_TRUNCATED}
NDLS-MUV-SUP,SUPERFAST,REVIEW,0.700,NUMBER_RANGE,12582,1,6,{LIKELY_TRUNCATED}
NDLS-NHLN AC,SUPERFAST,REVIEW,0.700,NUMBER_RANGE,22412,1,16,{LIKELY_TRUNCATED}
NDLS-NJP BI-,SUPERFAST,REVIEW,0.700,NUMBER_RANGE,12524,1,18,{LIKELY_TRUNCATED}
NDLS-NLDM- J,SUPERFAST,REVIEW,0.700,NUMBER_RANGE,12057,1,14,{LIKELY_TRUNCATED}
NDLS-PDY WEE,SUPERFAST,REVIEW,0.700,NUMBER_RANGE,22404,1,15,{LIKELY_TRUNCATED}
NDLS-PURI NE,SUPERFAST,REVIEW,0.700,NUMBER_RANGE,12876,1,41,{LIKELY_TRUNCATED}
NDLS-PURI PU,SUPERFAST,REVIEW,0.700,NUMBER_RANGE,12802,1,31,{LIKELY_TRUNCATED}
NDLS-PWL 10,PASSENGER,REVIEW,0.600,NUMBER_RANGE,64080,1,11,{ROUTE_CODE_STYLE}
NDLS-PWL 10C,PASSENGER,REVIEW,0.600,NUMBER_RANGE,64076,1,11,{LIKELY_TRUNCATED}
NDLS-PWL 12C,PASSENGER,REVIEW,0.600,NUMBER_RANGE,64074,2,27,{LIKELY_TRUNCATED}
NDLS-PWL EMU,PASSENGER,REVIEW,0.600,NUMBER_RANGE,64082,2,22,{LIKELY_TRUNCATED}
NDLS-PWL LAD,PASSENGER,REVIEW,0.600,NUMBER_RANGE,64492,1,11,{LIKELY_TRUNCATED}
NDLS-RNC,SUPERFAST,REVIEW,0.700,NUMBER_RANGE,12454,1,7,{ROUTE_CODE_STYLE}
NDLS-ROK MEM,PASSENGER,REVIEW,0.600,NUMBER_RANGE,64911,1,17,{LIKELY_TRUNCATED}
NDLS-SBC KAR,SUPERFAST,REVIEW,0.700,NUMBER_RANGE,12628,1,35,{LIKELY_TRUNCATED}
NDLS-SNP 12C,PASSENGER,REVIEW,0.600,NUMBER_RANGE,64003,1,10,{LIKELY_TRUNCATED}
NDLS-SSB 10,PASSENGER,REVIEW,0.600,NUMBER_RANGE,64097,1,6,{ROUTE_CODE_STYLE}
NDLS-SSB 10C,PASSENGER,REVIEW,0.600,NUMBER_RANGE,64095,1,18,{LIKELY_TRUNCATED}
NDLS-TVC KER,SUPERFAST,REVIEW,0.700,NUMBER_RANGE,12626,1,42,{LIKELY_TRUNCATED}
NDLS-VSKP AC,SUPERFAST,REVIEW,0.700,NUMBER_RANGE,22416,1,21,{LIKELY_TRUNCATED}
NDT OKHA EXP,EXPRESS,REVIEW,0.650,NUMBER_RANGE,19576,1,20,{LIKELY_TRUNCATED}
NED PASS,PASSENGER,REVIEW,0.600,NUMBER_RANGE,57541,3,86,{}
NED SGNR EXP,SUPERFAST,REVIEW,0.700,NUMBER_RANGE,12485,1,27,{LIKELY_TRUNCATED}
NED-ADB EXP,EXPRESS,REVIEW,0.650,NUMBER_RANGE,17410,1,9,{ROUTE_CODE_STYLE}
NED-ASR SACH,SUPERFAST,REVIEW,0.700,NUMBER_RANGE,12715,1,37,{LIKELY_TRUNCATED}
NED-ASR SUPE,SUPERFAST,REVIEW,0.700,NUMBER_RANGE,12421,1,23,{LIKELY_TRUNCATED}
NED-AWB,EXPRESS,REVIEW,0.650,NUMBER_RANGE,17620,1,8,{ROUTE_CODE_STYLE}
NED-BKN WEEK,EXPRESS,REVIEW,0.650,NUMBER_RANGE,17623,1,29,{LIKELY_TRUNCATED}
NED-CSMT TAP,EXPRESS,REVIEW,0.650,NUMBER_RANGE,17618,1,20,{LIKELY_TRUNCATED}
NED-DD PASS,PASSENGER,REVIEW,0.600,NUMBER_RANGE,57516,1,58,{ROUTE_CODE_STYLE}
NED-HYB PASS,PASSENGER,REVIEW,0.600,NUMBER_RANGE,57564,1,29,{LIKELY_TRUNCATED}
NED-LTT  EXP,EXPRESS,REVIEW,0.650,NUMBER_RANGE,11012,1,16,{LIKELY_TRUNCATED}
NED-NLDM SUP,SUPERFAST,REVIEW,0.700,NUMBER_RANGE,22457,1,26,{LIKELY_TRUNCATED}
NED-PNVL EXP,EXPRESS,REVIEW,0.650,NUMBER_RANGE,17614,1,14,{LIKELY_TRUNCATED}
NED-PUNE EXP,SUPERFAST,REVIEW,0.700,NUMBER_RANGE,12730,1,13,{LIKELY_TRUNCATED}
NED-SBC-EXP,EXPRESS,REVIEW,0.650,NUMBER_RANGE,16593,1,43,{ROUTE_CODE_STYLE}
NED-SBP NAGA,EXPRESS,REVIEW,0.650,NUMBER_RANGE,20810,1,22,{LIKELY_TRUNCATED}
NED-SRC EXP,SUPERFAST,REVIEW,0.700,NUMBER_RANGE,12767,1,19,{ROUTE_CODE_STYLE}
NETRAVATHI E,EXPRESS,REVIEW,0.650,NUMBER_RANGE,16346,1,46,{LIKELY_TRUNCATED}
NETRAVATI EX,EXPRESS,REVIEW,0.650,NUMBER_RANGE,16345,1,46,{LIKELY_TRUNCATED}
NEW DELHI SH,SUPERFAST,REVIEW,0.700,NUMBER_RANGE,12048,1,10,{LIKELY_TRUNCATED}
NEWDELHI JAN,SUPERFAST,REVIEW,0.700,NUMBER_RANGE,12056,1,10,{LIKELY_TRUNCATED}
NFK-NDAE EXP,EXPRESS,REVIEW,0.650,NUMBER_RANGE,13422,1,11,{LIKELY_TRUNCATED}
NGP - BSP IN,SUPERFAST,REVIEW,0.700,NUMBER_RANGE,12856,1,17,{LIKELY_TRUNCATED}
NGP -WR PASS,PASSENGER,REVIEW,0.600,NUMBER_RANGE,51260,1,11,{LIKELY_TRUNCATED}
NGP AMLA PAS,PASSENGER,REVIEW,0.600,NUMBER_RANGE,51293,1,20,{LIKELY_TRUNCATED}
NGP BSL PASS,PASSENGER,REVIEW,0.600,NUMBER_RANGE,51286,1,47,{LIKELY_TRUNCATED}
NGP INDORE E,SUPERFAST,REVIEW,0.700,NUMBER_RANGE,12924,1,12,{LIKELY_TRUNCATED}
NGP-AMI EXPR,SUPERFAST,REVIEW,0.700,NUMBER_RANGE,12120,1,5,{LIKELY_TRUNCATED}
NGP-ASR AC E,SUPERFAST,REVIEW,0.700,NUMBER_RANGE,22125,1,10,{LIKELY_TRUNCATED}
NGP-BSL INTE,SUPERFAST,REVIEW,0.700,NUMBER_RANGE,22112,1,20,{LIKELY_TRUNCATED}
NGP-BSP SHIV,EXPRESS,REVIEW,0.650,NUMBER_RANGE,18240,1,18,{LIKELY_TRUNCATED}
NGP-CSMT DUR,SUPERFAST,REVIEW,0.700,NUMBER_RANGE,12290,1,4,{LIKELY_TRUNCATED}
NGP-ET PASS,PASSENGER,REVIEW,0.600,NUMBER_RANGE,51829,1,35,{ROUTE_CODE_STYLE}
NGP-KOP EXPR,EXPRESS,REVIEW,0.650,NUMBER_RANGE,11403,1,22,{LIKELY_TRUNCATED}
NGP-KZJ PASS,PASSENGER,REVIEW,0.600,NUMBER_RANGE,57135,1,47,{LIKELY_TRUNCATED}
NGP-PUNE EXP,SUPERFAST,REVIEW,0.700,NUMBER_RANGE,12136,1,18,{LIKELY_TRUNCATED}
NGP-PUNE GAR,SUPERFAST,REVIEW,0.700,NUMBER_RANGE,12114,1,9,{LIKELY_TRUNCATED}
NGP-REWA EXP,SUPERFAST,REVIEW,0.700,NUMBER_RANGE,22135,1,16,{LIKELY_TRUNCATED}
NGP-RTK LOCA,PASSENGER,REVIEW,0.600,NUMBER_RANGE,58810,1,8,{LIKELY_TRUNCATED}
NGP-SC EXP,SUPERFAST,REVIEW,0.700,NUMBER_RANGE,12772,1,14,{ROUTE_CODE_STYLE}
NGT-VLKN PAS,PASSENGER,REVIEW,0.600,NUMBER_RANGE,76817,1,2,{LIKELY_TRUNCATED}
NGT-VLNK LIN,EXPRESS,REVIEW,0.650,NUMBER_RANGE,16185,1,2,{LIKELY_TRUNCATED}
NH - BDC LOC,PASSENGER,REVIEW,0.550,NUMBER_RANGE,37525,16,64,{LIKELY_TRUNCATED}
NH - BGB LOC,PASSENGER,REVIEW,0.550,NUMBER_RANGE,34052,2,52,{LIKELY_TRUNCATED}
NH - MJT LOC,PASSENGER,REVIEW,0.550,NUMBER_RANGE,30122,3,71,{LIKELY_TRUNCATED}
NH - RHA LOC,PASSENGER,REVIEW,0.550,NUMBER_RANGE,31711,1,10,{LIKELY_TRUNCATED}
NH - SDAH LO,PASSENGER,REVIEW,0.550,NUMBER_RANGE,31414,15,225,{LIKELY_TRUNCATED}
NH-BDC LOCAL,PASSENGER,REVIEW,0.550,NUMBER_RANGE,37521,3,12,{LIKELY_TRUNCATED}
NH-KLYM LOCA,PASSENGER,REVIEW,0.550,NUMBER_RANGE,31191,1,7,{LIKELY_TRUNCATED}
NH-RHA  LOCA,PASSENGER,REVIEW,0.550,NUMBER_RANGE,31713,1,6,{LIKELY_TRUNCATED}
NH-SDAH LOCA,PASSENGER,REVIEW,0.550,NUMBER_RANGE,31412,5,75,{LIKELY_TRUNCATED}
NHLN - GHY S,SUPERFAST,REVIEW,0.700,NUMBER_RANGE,12087,1,8,{LIKELY_TRUNCATED}
NHLN-NDLS AC,SUPERFAST,REVIEW,0.700,NUMBER_RANGE,22411,1,16,{LIKELY_TRUNCATED}
NHT-AZ PASS,PASSENGER,REVIEW,0.600,NUMBER_RANGE,73033,1,9,{ROUTE_CODE_STYLE}
NIL-ERS PASS,PASSENGER,REVIEW,0.600,NUMBER_RANGE,56363,1,33,{LIKELY_TRUNCATED}
NIL-PGT PASS,PASSENGER,REVIEW,0.600,NUMBER_RANGE,56610,1,19,{LIKELY_TRUNCATED}
NIL-SRR EXP,EXPRESS,REVIEW,0.650,NUMBER_RANGE,16350,1,9,{ROUTE_CODE_STYLE}
NIL-SRR PASS,PASSENGER,REVIEW,0.600,NUMBER_RANGE,56612,4,48,{LIKELY_TRUNCATED}
NILE- KWAE-D,PASSENGER,REVIEW,0.600,NUMBER_RANGE,73036,1,23,{LIKELY_TRUNCATED}
NILE-AZ DMU,PASSENGER,REVIEW,0.600,NUMBER_RANGE,73038,1,10,{ROUTE_CODE_STYLE}
NIR-JBP PASS,PASSENGER,REVIEW,0.600,NUMBER_RANGE,51704,3,52,{LIKELY_TRUNCATED}
NIZAMUDDIN E,SUPERFAST,REVIEW,0.700,NUMBER_RANGE,12643,2,61,{LIKELY_TRUNCATED}
NJP - APDJ I,EXPRESS,REVIEW,0.650,NUMBER_RANGE,15767,1,14,{LIKELY_TRUNCATED}
NJP - HDB PA,PASSENGER,REVIEW,0.600,NUMBER_RANGE,55749,2,20,{LIKELY_TRUNCATED}
NJP - HWH SH,SUPERFAST,REVIEW,0.700,NUMBER_RANGE,12042,1,7,{LIKELY_TRUNCATED}
NJP - MLDT P,PASSENGER,REVIEW,0.600,NUMBER_RANGE,55712,1,41,{LIKELY_TRUNCATED}
NJP - RNY PA,PASSENGER,REVIEW,0.600,NUMBER_RANGE,55713,1,45,{LIKELY_TRUNCATED}
NJP - SMI WE,EXPRESS,REVIEW,0.650,NUMBER_RANGE,15723,1,13,{LIKELY_TRUNCATED}
NJP HWH AC,SUPERFAST,REVIEW,0.700,NUMBER_RANGE,22310,1,8,{}
NJP MAS EXPR,SUPERFAST,REVIEW,0.700,NUMBER_RANGE,22612,1,22,{LIKELY_TRUNCATED}
NJP UDZ EXPR,EXPRESS,REVIEW,0.650,NUMBER_RANGE,19602,1,29,{LIKELY_TRUNCATED}
NJP-APDJ PAS,PASSENGER,REVIEW,0.600,NUMBER_RANGE,55725,1,23,{LIKELY_TRUNCATED}
NJP-KGN-DJ P,PASSENGER,REVIEW,0.600,NUMBER_RANGE,52541,1,12,{LIKELY_TRUNCATED}
NJP-NDLS BI-,SUPERFAST,REVIEW,0.700,NUMBER_RANGE,12523,1,18,{LIKELY_TRUNCATED}
NJP-RJPB CAP,EXPRESS,REVIEW,0.650,NUMBER_RANGE,13245,1,32,{LIKELY_TRUNCATED}
NKE-GKP PASS,PASSENGER,REVIEW,0.600,NUMBER_RANGE,55029,5,95,{LIKELY_TRUNCATED}
NKE-MFP  PAS,PASSENGER,REVIEW,0.600,NUMBER_RANGE,55214,2,38,{LIKELY_TRUNCATED}
NKE-MFP DEMU,PASSENGER,REVIEW,0.600,NUMBER_RANGE,75238,1,19,{LIKELY_TRUNCATED}
NKE-MFP PASS,PASSENGER,REVIEW,0.600,NUMBER_RANGE,55208,1,24,{LIKELY_TRUNCATED}
NKE-RXL DEMU,PASSENGER,REVIEW,0.600,NUMBER_RANGE,75236,1,13,{LIKELY_TRUNCATED}
NLDM - UNA P,PASSENGER,REVIEW,0.600,NUMBER_RANGE,54581,1,7,{LIKELY_TRUNCATED}
NLDM-ASR EXP,EXPRESS,REVIEW,0.650,NUMBER_RANGE,14506,1,12,{LIKELY_TRUNCATED}
NLDM-KOAA WK,SUPERFAST,REVIEW,0.700,NUMBER_RANGE,12326,1,18,{LIKELY_TRUNCATED}
NLDM-NED SUP,SUPERFAST,REVIEW,0.700,NUMBER_RANGE,22458,1,26,{LIKELY_TRUNCATED}
NLDM-SRE PAS,PASSENGER,REVIEW,0.600,NUMBER_RANGE,64512,1,32,{LIKELY_TRUNCATED}
NLDM-UMB PAS,PASSENGER,REVIEW,0.600,NUMBER_RANGE,64514,3,60,{LIKELY_TRUNCATED}
NLR-SPE MEMU,PASSENGER,REVIEW,0.600,NUMBER_RANGE,66036,1,21,{LIKELY_TRUNCATED}
NLR-SPE PASS,PASSENGER,REVIEW,0.600,NUMBER_RANGE,66030,2,24,{LIKELY_TRUNCATED}
NLR-TPTY PAS,PASSENGER,REVIEW,0.600,NUMBER_RANGE,66034,1,16,{LIKELY_TRUNCATED}
NMH-KOTA FAS,PASSENGER,REVIEW,0.600,NUMBER_RANGE,59834,1,15,{LIKELY_TRUNCATED}
NMH-UDZ PASS,PASSENGER,REVIEW,0.600,NUMBER_RANGE,59835,1,20,{LIKELY_TRUNCATED}
NMKA - LKPR,PASSENGER,REVIEW,0.550,NUMBER_RANGE,34911,12,96,{}
NMKA - SDAH,PASSENGER,REVIEW,0.550,NUMBER_RANGE,34791,1,23,{}
NMKA-SDAH LO,PASSENGER,REVIEW,0.550,NUMBER_RANGE,34793,1,30,{LIKELY_TRUNCATED}
NORTHEAST EX,SUPERFAST,REVIEW,0.700,NUMBER_RANGE,12505,2,59,{LIKELY_TRUNCATED}
NPR-BRK PASS,PASSENGER,REVIEW,0.600,NUMBER_RANGE,52264,2,12,{LIKELY_TRUNCATED}
NRKR--BSL PA,PASSENGER,REVIEW,0.600,NUMBER_RANGE,51184,1,37,{LIKELY_TRUNCATED}
NRKR-KCG,EXPRESS,REVIEW,0.650,NUMBER_RANGE,17642,1,32,{ROUTE_CODE_STYLE}
NRKR-NAVI PA,PASSENGER,REVIEW,0.600,NUMBER_RANGE,51152,1,11,{LIKELY_TRUNCATED}
NRO-JUC DMU,PASSENGER,REVIEW,0.600,NUMBER_RANGE,74941,4,8,{ROUTE_CODE_STYLE}
NRW- DELHI P,PASSENGER,REVIEW,0.600,NUMBER_RANGE,54032,1,25,{LIKELY_TRUNCATED}
NRW-JIND PAS,PASSENGER,REVIEW,0.600,NUMBER_RANGE,54010,1,5,{LIKELY_TRUNCATED}
NS MTM-TPTY,EXPRESS,REVIEW,0.650,NUMBER_RANGE,17402,1,21,{}
NS PASS,PASSENGER,REVIEW,0.600,NUMBER_RANGE,57265,4,82,{}
NS-HYB EXP,EXPRESS,REVIEW,0.650,NUMBER_RANGE,17255,1,21,{ROUTE_CODE_STYLE}
NS-NSL EXP,EXPRESS,REVIEW,0.650,NUMBER_RANGE,17213,2,50,{ROUTE_CODE_STYLE}
NSL PASS,PASSENGER,REVIEW,0.600,NUMBER_RANGE,57590,1,3,{}
NSL-MAS WKLY,EXPRESS,REVIEW,0.650,NUMBER_RANGE,16004,1,27,{LIKELY_TRUNCATED}
NSL-NS  EXP,EXPRESS,REVIEW,0.650,NUMBER_RANGE,17214,1,23,{ROUTE_CODE_STYLE}
NSL-NS EXP,EXPRESS,REVIEW,0.650,NUMBER_RANGE,17232,1,28,{ROUTE_CODE_STYLE}
NTSK - RNY E,EXPRESS,REVIEW,0.650,NUMBER_RANGE,15928,1,27,{LIKELY_TRUNCATED}
NTSK - SBC S,SUPERFAST,REVIEW,0.700,NUMBER_RANGE,22502,1,39,{LIKELY_TRUNCATED}
NTV - DURG E,EXPRESS,REVIEW,0.650,NUMBER_RANGE,18202,2,49,{LIKELY_TRUNCATED}
NTV-GKP  PAS,PASSENGER,REVIEW,0.600,NUMBER_RANGE,55052,1,19,{LIKELY_TRUNCATED}
NTV-GKP -DMU,PASSENGER,REVIEW,0.600,NUMBER_RANGE,75014,1,19,{LIKELY_TRUNCATED}
NTV-GKP PASS,PASSENGER,REVIEW,0.600,NUMBER_RANGE,55044,3,57,{LIKELY_TRUNCATED}
NTV-GKP-EXP,EXPRESS,REVIEW,0.650,NUMBER_RANGE,15020,1,5,{ROUTE_CODE_STYLE}
NTW-MYS PASS,PASSENGER,REVIEW,0.600,NUMBER_RANGE,56205,1,7,{LIKELY_TRUNCATED}
NYGT-KUR PAS,PASSENGER,REVIEW,0.600,NUMBER_RANGE,58430,2,14,{LIKELY_TRUNCATED}
NZB PASS,PASSENGER,REVIEW,0.600,NUMBER_RANGE,57558,1,16,{}
NZB-KCG PASS,PASSENGER,REVIEW,0.600,NUMBER_RANGE,57602,3,47,{LIKELY_TRUNCATED}
NZB-KRMR DEM,PASSENGER,REVIEW,0.600,NUMBER_RANGE,77259,1,8,{LIKELY_TRUNCATED}
NZB-LTT WEEK,EXPRESS,REVIEW,0.650,NUMBER_RANGE,11206,1,20,{LIKELY_TRUNCATED}
NZB-PUNE PAS,PASSENGER,REVIEW,0.600,NUMBER_RANGE,51422,1,76,{LIKELY_TRUNCATED}
NZB-PVR PASS,PASSENGER,REVIEW,0.600,NUMBER_RANGE,51433,1,52,{LIKELY_TRUNCATED}
NZM  BDTS  Y,SUPERFAST,REVIEW,0.700,NUMBER_RANGE,12248,1,7,{LIKELY_TRUNCATED}
NZM BSL EXPR,SUPERFAST,REVIEW,0.700,NUMBER_RANGE,12406,1,29,{LIKELY_TRUNCATED}
NZM GARIB RA,SUPERFAST,REVIEW,0.700,NUMBER_RANGE,12909,1,9,{LIKELY_TRUNCATED}
NZM JAN SHAT,SUPERFAST,REVIEW,0.700,NUMBER_RANGE,12059,2,20,{LIKELY_TRUNCATED}
NZM KKDE MEM,PASSENGER,REVIEW,0.600,NUMBER_RANGE,64461,1,32,{LIKELY_TRUNCATED}
NZM LTT AC E,SUPERFAST,REVIEW,0.700,NUMBER_RANGE,22110,1,9,{LIKELY_TRUNCATED}
NZM SC RAJDH,SUPERFAST,REVIEW,0.700,NUMBER_RANGE,12438,1,7,{LIKELY_TRUNCATED}
NZM TVC SF E,SUPERFAST,REVIEW,0.700,NUMBER_RANGE,22634,1,29,{LIKELY_TRUNCATED}
NZM-CAPE THI,SUPERFAST,REVIEW,0.700,NUMBER_RANGE,12642,1,26,{LIKELY_TRUNCATED}
NZM-DURG CG,SUPERFAST,REVIEW,0.700,NUMBER_RANGE,12824,1,12,{ROUTE_CODE_STYLE}
NZM-DURG HUM,SUPERFAST,REVIEW,0.700,NUMBER_RANGE,22868,1,16,{LIKELY_TRUNCATED}
NZM-ERS DURO,SUPERFAST,REVIEW,0.700,NUMBER_RANGE,12284,1,11,{LIKELY_TRUNCATED}
NZM-GZB10 CA,PASSENGER,REVIEW,0.600,NUMBER_RANGE,64419,1,10,{LIKELY_TRUNCATED}
NZM-HYB DAKS,SUPERFAST,REVIEW,0.700,NUMBER_RANGE,12722,1,46,{LIKELY_TRUNCATED}
NZM-JBP DAIL,SUPERFAST,REVIEW,0.700,NUMBER_RANGE,22182,1,15,{LIKELY_TRUNCATED}
NZM-JBP MAHA,SUPERFAST,REVIEW,0.700,NUMBER_RANGE,12190,1,28,{LIKELY_TRUNCATED}
NZM-KOP EXPR,SUPERFAST,REVIEW,0.700,NUMBER_RANGE,12148,1,22,{LIKELY_TRUNCATED}
NZM-KSV EMU,PASSENGER,REVIEW,0.600,NUMBER_RANGE,64496,1,14,{ROUTE_CODE_STYLE}
NZM-KSV PASS,PASSENGER,REVIEW,0.600,NUMBER_RANGE,64570,1,13,{LIKELY_TRUNCATED}
NZM-KURJ-S.,SUPERFAST,REVIEW,0.700,NUMBER_RANGE,22448,1,2,{ROUTE_CODE_STYLE}
NZM-KURJ-S.K,SUPERFAST,REVIEW,0.700,NUMBER_RANGE,22447,1,2,{LIKELY_TRUNCATED}
NZM-MAO RAJD,SUPERFAST,REVIEW,0.700,NUMBER_RANGE,22414,1,10,{LIKELY_TRUNCATED}
NZM-MAS DURA,SUPERFAST,REVIEW,0.700,NUMBER_RANGE,12270,1,7,{LIKELY_TRUNCATED}
NZM-MAS GARI,SUPERFAST,REVIEW,0.700,NUMBER_RANGE,12612,1,11,{LIKELY_TRUNCATED}
NZM-MAS RAJD,SUPERFAST,REVIEW,0.700,NUMBER_RANGE,12434,1,10,{LIKELY_TRUNCATED}
NZM-MDU EXP.,SUPERFAST,REVIEW,0.700,NUMBER_RANGE,12652,1,15,{LIKELY_TRUNCATED}
NZM-NDLS 10,PASSENGER,REVIEW,0.600,NUMBER_RANGE,64087,2,31,{ROUTE_CODE_STYLE}
NZM-NDLS 10C,PASSENGER,REVIEW,0.600,NUMBER_RANGE,64088,1,4,{LIKELY_TRUNCATED}
NZM-NZM EMU,PASSENGER,REVIEW,0.600,NUMBER_RANGE,64089,3,63,{ROUTE_CODE_STYLE}
NZM-PUNE AC,SUPERFAST,REVIEW,0.700,NUMBER_RANGE,12494,1,10,{ROUTE_CODE_STYLE}
NZM-PUNE DUR,SUPERFAST,REVIEW,0.700,NUMBER_RANGE,12264,1,7,{LIKELY_TRUNCATED}
NZM-PWL MEMU,PASSENGER,REVIEW,0.600,NUMBER_RANGE,64494,1,8,{LIKELY_TRUNCATED}
NZM-SC DURON,SUPERFAST,REVIEW,0.700,NUMBER_RANGE,12286,1,6,{LIKELY_TRUNCATED}
NZM-SGRL SF,SUPERFAST,REVIEW,0.700,NUMBER_RANGE,22168,1,11,{ROUTE_CODE_STYLE}
NZM-TVC RAJD,SUPERFAST,REVIEW,0.700,NUMBER_RANGE,12432,1,19,{LIKELY_TRUNCATED}
NZM-TVC WKLY,SUPERFAST,REVIEW,0.700,NUMBER_RANGE,22654,2,56,{LIKELY_TRUNCATED}
NZM-VSKP SAM,SUPERFAST,REVIEW,0.700,NUMBER_RANGE,12808,1,40,{LIKELY_TRUNCATED}
OGL-GDR MEMU,PASSENGER,REVIEW,0.600,NUMBER_RANGE,67280,1,19,{LIKELY_TRUNCATED}
OKHA  NDT EX,EXPRESS,REVIEW,0.650,NUMBER_RANGE,19575,1,20,{LIKELY_TRUNCATED}
OKHA ADI PAS,PASSENGER,REVIEW,0.600,NUMBER_RANGE,59548,1,45,{LIKELY_TRUNCATED}
OKHA BSB EXP,SUPERFAST,REVIEW,0.700,NUMBER_RANGE,22969,1,23,{LIKELY_TRUNCATED}
OKHA ERS EXP,EXPRESS,REVIEW,0.650,NUMBER_RANGE,16337,1,50,{LIKELY_TRUNCATED}
OKHA PASSENG,PASSENGER,REVIEW,0.600,NUMBER_RANGE,59547,1,49,{LIKELY_TRUNCATED}
OKHA SOMNATH,EXPRESS,REVIEW,0.650,NUMBER_RANGE,19252,1,17,{LIKELY_TRUNCATED}
OKHA VG FAST,PASSENGER,REVIEW,0.600,NUMBER_RANGE,59504,1,48,{LIKELY_TRUNCATED}
OKHA-GKP EXP,EXPRESS,REVIEW,0.650,NUMBER_RANGE,15046,1,39,{LIKELY_TRUNCATED}
OKHA-HAPA LI,SUPERFAST,REVIEW,0.700,NUMBER_RANGE,22905,1,5,{LIKELY_TRUNCATED}
OKHA-PURI WE,EXPRESS,REVIEW,0.650,NUMBER_RANGE,18402,1,41,{LIKELY_TRUNCATED}
OKHA-RMM EXP,EXPRESS,REVIEW,0.650,NUMBER_RANGE,16734,1,42,{LIKELY_TRUNCATED}
OMLF-SQB PAS,PASSENGER,REVIEW,0.600,NUMBER_RANGE,55710,1,4,{LIKELY_TRUNCATED}
ONR UAM PASS,PASSENGER,REVIEW,0.600,NUMBER_RANGE,56138,1,6,{LIKELY_TRUNCATED}
ONR-UAM PASS,PASSENGER,REVIEW,0.600,NUMBER_RANGE,56141,2,12,{LIKELY_TRUNCATED}
PA-HWH DURAN,SUPERFAST,REVIEW,0.700,NUMBER_RANGE,12221,1,8,{LIKELY_TRUNCATED}
PAAS,PASSENGER,REVIEW,0.600,NUMBER_RANGE,57330,1,49,{}
PAB-MMC EMU,PASSENGER,REVIEW,0.550,NUMBER_RANGE,43872,1,13,{ROUTE_CODE_STYLE}
PADATIK EXP,SUPERFAST,REVIEW,0.700,NUMBER_RANGE,12377,2,20,{}
PADMAVAT EXP,EXPRESS,REVIEW,0.650,NUMBER_RANGE,14207,2,32,{LIKELY_TRUNCATED}
PAHARIA EXPR,EXPRESS,REVIEW,0.650,NUMBER_RANGE,15721,2,36,{LIKELY_TRUNCATED}
PALACE ON WH,SPECIAL,REVIEW,0.500,NUMBER_RANGE,290,1,14,{LIKELY_TRUNCATED}
PALAMU EXPRE,EXPRESS,REVIEW,0.650,NUMBER_RANGE,13347,1,32,{LIKELY_TRUNCATED}
PALAMUEXP,EXPRESS,REVIEW,0.650,NUMBER_RANGE,13348,1,32,{}
PANCHAVATI E,SUPERFAST,REVIEW,0.700,NUMBER_RANGE,12109,1,10,{LIKELY_TRUNCATED}
PANCHAVTI EX,SUPERFAST,REVIEW,0.700,NUMBER_RANGE,12110,1,10,{LIKELY_TRUNCATED}
PANCHVALLEY,PASSENGER,REVIEW,0.600,NUMBER_RANGE,59385,2,97,{}
PANDIAN EXP,SUPERFAST,REVIEW,0.700,NUMBER_RANGE,12637,1,11,{}
PARASNATH EX,SUPERFAST,REVIEW,0.700,NUMBER_RANGE,12942,1,32,{LIKELY_TRUNCATED}
PARLI-PAU PA,PASSENGER,REVIEW,0.600,NUMBER_RANGE,57521,1,11,{LIKELY_TRUNCATED}
PASCHIM EXPR,SUPERFAST,REVIEW,0.700,NUMBER_RANGE,12925,2,83,{LIKELY_TRUNCATED}
PASS,PASSENGER,REVIEW,0.600,NUMBER_RANGE,57145,74,1135,{}
PASS DMU,PASSENGER,REVIEW,0.600,NUMBER_RANGE,77263,1,9,{}
PASSENGER,PASSENGER,REVIEW,0.880,NAME_RULE,54321,10,162,{}
PATALKOT EXP,EXPRESS,REVIEW,0.650,NUMBER_RANGE,14623,2,46,{LIKELY_TRUNCATED}
PATNA BDTS H,SUPERFAST,REVIEW,0.700,NUMBER_RANGE,22914,1,13,{LIKELY_TRUNCATED}
PATNA EXPRES,SUPERFAST,REVIEW,0.700,NUMBER_RANGE,22643,1,44,{LIKELY_TRUNCATED}
PATNA HATIA,EXPRESS,REVIEW,0.650,NUMBER_RANGE,18621,1,42,{}
PATNA HOWRAH,SUPERFAST,REVIEW,0.700,NUMBER_RANGE,12024,1,14,{LIKELY_TRUNCATED}
PATNA RAJDHA,SUPERFAST,REVIEW,0.700,NUMBER_RANGE,12309,2,12,{LIKELY_TRUNCATED}
PATNA-HATIA,EXPRESS,REVIEW,0.650,NUMBER_RANGE,18623,1,26,{ROUTE_CODE_STYLE}
PATNA-ISLAMP,EXPRESS,REVIEW,0.650,NUMBER_RANGE,18696,1,8,{LIKELY_TRUNCATED}
PAU PASS,PASSENGER,REVIEW,0.600,NUMBER_RANGE,57512,2,56,{}
PAU-PARLI  S,PASSENGER,REVIEW,0.600,NUMBER_RANGE,57522,1,11,{LIKELY_TRUNCATED}
PAU-PNBE EXP,EXPRESS,REVIEW,0.650,NUMBER_RANGE,17610,1,17,{LIKELY_TRUNCATED}
PBE-BC PASSE,PASSENGER,REVIEW,0.600,NUMBER_RANGE,55362,5,43,{LIKELY_TRUNCATED}
PBE-BRY PASS,PASSENGER,REVIEW,0.600,NUMBER_RANGE,52206,1,8,{LIKELY_TRUNCATED}
PBE-KSJ PASS,PASSENGER,REVIEW,0.600,NUMBER_RANGE,52208,1,13,{LIKELY_TRUNCATED}
PBE-MJZ PASS,PASSENGER,REVIEW,0.600,NUMBER_RANGE,55371,3,9,{LIKELY_TRUNCATED}
PBE-MLN  PAS,PASSENGER,REVIEW,0.600,NUMBER_RANGE,52207,1,13,{LIKELY_TRUNCATED}
PBE-MLN PASS,PASSENGER,REVIEW,0.600,NUMBER_RANGE,52205,4,47,{LIKELY_TRUNCATED}
PBE-SZP  PAS,PASSENGER,REVIEW,0.600,NUMBER_RANGE,52231,3,44,{LIKELY_TRUNCATED}
PBE-SZP PASS,PASSENGER,REVIEW,0.600,NUMBER_RANGE,52297,1,6,{LIKELY_TRUNCATED}
PBH-BPL SUF,SUPERFAST,REVIEW,0.700,NUMBER_RANGE,12184,1,11,{ROUTE_CODE_STYLE}
PBH-BSB PASS,PASSENGER,REVIEW,0.600,NUMBER_RANGE,54292,1,18,{LIKELY_TRUNCATED}
PBH-LKO DMU,PASSENGER,REVIEW,0.600,NUMBER_RANGE,74201,1,25,{ROUTE_CODE_STYLE}
PBH-LKO PASS,PASSENGER,REVIEW,0.600,NUMBER_RANGE,54293,1,25,{LIKELY_TRUNCATED}
PBN PASS,PASSENGER,REVIEW,0.600,NUMBER_RANGE,57540,1,36,{}
PBR BNVD PAS,PASSENGER,REVIEW,0.600,NUMBER_RANGE,59216,1,8,{LIKELY_TRUNCATED}
PBR BNVDPASS,PASSENGER,REVIEW,0.600,NUMBER_RANGE,59214,1,7,{LIKELY_TRUNCATED}
PBR EXPRESS,EXPRESS,REVIEW,0.880,NAME_RULE,19270,1,35,{}
PBR HOWRAH E,SUPERFAST,REVIEW,0.700,NUMBER_RANGE,12905,1,30,{LIKELY_TRUNCATED}
PBR KAVIGURU,SUPERFAST,REVIEW,0.700,NUMBER_RANGE,12950,1,37,{LIKELY_TRUNCATED}
PBR MOTIHARI,EXPRESS,REVIEW,0.650,NUMBER_RANGE,19269,1,35,{LIKELY_TRUNCATED}
PBR RJT FAST,PASSENGER,REVIEW,0.600,NUMBER_RANGE,59212,1,21,{LIKELY_TRUNCATED}
PBR SC EXPRE,EXPRESS,REVIEW,0.650,NUMBER_RANGE,19202,1,29,{LIKELY_TRUNCATED}
PBR WSJ PASS,PASSENGER,REVIEW,0.600,NUMBER_RANGE,59206,1,11,{LIKELY_TRUNCATED}
PBR-RJT  EXP,EXPRESS,REVIEW,0.650,NUMBER_RANGE,19572,1,15,{LIKELY_TRUNCATED}
PBR-SMNH PAS,PASSENGER,REVIEW,0.600,NUMBER_RANGE,59297,1,23,{LIKELY_TRUNCATED}
PDA-HWH LOCA,PASSENGER,REVIEW,0.550,NUMBER_RANGE,37612,2,35,{LIKELY_TRUNCATED}
PDMI-HX,PASSENGER,REVIEW,0.600,NUMBER_RANGE,77406,1,3,{ROUTE_CODE_STYLE}
PDY MAQ WEEK,EXPRESS,REVIEW,0.650,NUMBER_RANGE,16855,1,23,{LIKELY_TRUNCATED}
PDY-BBS WEEK,SUPERFAST,REVIEW,0.700,NUMBER_RANGE,12897,1,19,{LIKELY_TRUNCATED}
PDY-CAPE WKL,EXPRESS,REVIEW,0.650,NUMBER_RANGE,16861,1,23,{LIKELY_TRUNCATED}
PDY-HWH WKY,SUPERFAST,REVIEW,0.700,NUMBER_RANGE,12868,1,16,{ROUTE_CODE_STYLE}
PDY-MAQ WKLY,EXPRESS,REVIEW,0.650,NUMBER_RANGE,16857,1,19,{LIKELY_TRUNCATED}
PDY-MS EXP,EXPRESS,REVIEW,0.650,NUMBER_RANGE,16116,1,10,{ROUTE_CODE_STYLE}
PDY-MS PASS,PASSENGER,REVIEW,0.600,NUMBER_RANGE,56038,1,17,{ROUTE_CODE_STYLE}
PDY-NDLS WEE,SUPERFAST,REVIEW,0.700,NUMBER_RANGE,22403,1,15,{LIKELY_TRUNCATED}
PDY-TPTY,PASSENGER,REVIEW,0.600,NUMBER_RANGE,56042,1,31,{ROUTE_CODE_STYLE}
PDY-TPTY WEE,EXPRESS,REVIEW,0.650,NUMBER_RANGE,17414,1,11,{LIKELY_TRUNCATED}
PDY-VM PASS,PASSENGER,REVIEW,0.600,NUMBER_RANGE,56866,1,5,{ROUTE_CODE_STYLE}
PDY-VM PASSR,PASSENGER,REVIEW,0.600,NUMBER_RANGE,56864,1,5,{LIKELY_TRUNCATED}
PDY-VM-PASS,PASSENGER,REVIEW,0.600,NUMBER_RANGE,56862,1,5,{ROUTE_CODE_STYLE}
PDY-YPR WEEK,EXPRESS,REVIEW,0.650,NUMBER_RANGE,16574,1,10,{LIKELY_TRUNCATED}
PEP-BCY DEMU,PASSENGER,REVIEW,0.600,NUMBER_RANGE,75103,1,20,{LIKELY_TRUNCATED}
PERN - MAO-,PASSENGER,REVIEW,0.600,NUMBER_RANGE,70101,1,12,{}
PERN-MAO-KAW,PASSENGER,REVIEW,0.600,NUMBER_RANGE,70103,1,12,{LIKELY_TRUNCATED}
PGRL-MRGA PA,PASSENGER,REVIEW,0.600,NUMBER_RANGE,77677,1,6,{LIKELY_TRUNCATED}
PGT-ERS MEMU,PASSENGER,REVIEW,0.600,NUMBER_RANGE,66611,1,28,{LIKELY_TRUNCATED}
PGT-MAS SF E,SUPERFAST,REVIEW,0.700,NUMBER_RANGE,22652,1,20,{LIKELY_TRUNCATED}
PGT-NIL PASS,PASSENGER,REVIEW,0.600,NUMBER_RANGE,56611,1,19,{LIKELY_TRUNCATED}
PGT-PUU PALA,EXPRESS,REVIEW,0.650,NUMBER_RANGE,16792,1,29,{LIKELY_TRUNCATED}
PGT-TCN PASS,PASSENGER,REVIEW,0.600,NUMBER_RANGE,56769,1,43,{LIKELY_TRUNCATED}
PGTN-CBE PAS,PASSENGER,REVIEW,0.600,NUMBER_RANGE,66606,2,16,{LIKELY_TRUNCATED}
PGTN-ED MEMU,PASSENGER,REVIEW,0.600,NUMBER_RANGE,66608,1,22,{LIKELY_TRUNCATED}
PHD-CNB MEMU,PASSENGER,REVIEW,0.600,NUMBER_RANGE,64162,2,24,{LIKELY_TRUNCATED}
PHD-SKB MEMU,PASSENGER,REVIEW,0.600,NUMBER_RANGE,64161,1,13,{LIKELY_TRUNCATED}
PIT - BVC PA,PASSENGER,REVIEW,0.600,NUMBER_RANGE,59201,4,32,{LIKELY_TRUNCATED}
PIT BDTS SF,SUPERFAST,REVIEW,0.700,NUMBER_RANGE,22936,1,12,{}
PKU HLZ LOCA,PASSENGER,REVIEW,0.550,NUMBER_RANGE,38055,1,14,{LIKELY_TRUNCATED}
PKU HWH LOCA,PASSENGER,REVIEW,0.550,NUMBER_RANGE,38402,10,240,{LIKELY_TRUNCATED}
PKU-DGHA MEM,PASSENGER,REVIEW,0.600,NUMBER_RANGE,68689,1,18,{LIKELY_TRUNCATED}
PKU-HWH LOCA,PASSENGER,REVIEW,0.550,NUMBER_RANGE,38456,1,24,{LIKELY_TRUNCATED}
PL 101,EMU,REVIEW,0.750,NUMBER_RANGE,98113,1,2,{}
PL 103,EMU,REVIEW,0.750,NUMBER_RANGE,98115,1,2,{}
PL 105,EMU,REVIEW,0.750,NUMBER_RANGE,98117,1,2,{}
PL 107,EMU,REVIEW,0.750,NUMBER_RANGE,98119,1,2,{}
PL 109,EMU,REVIEW,0.750,NUMBER_RANGE,98121,1,2,{}
PL 111,EMU,REVIEW,0.750,NUMBER_RANGE,98123,1,2,{}
PL 133,EMU,REVIEW,0.750,NUMBER_RANGE,98151,1,2,{}
PL 135,EMU,REVIEW,0.750,NUMBER_RANGE,98153,1,2,{}
PL 137,EMU,REVIEW,0.750,NUMBER_RANGE,98155,1,2,{}
PL 159,EMU,REVIEW,0.750,NUMBER_RANGE,98185,1,2,{}
PL 161,EMU,REVIEW,0.750,NUMBER_RANGE,98189,1,2,{}
PL 163,EMU,REVIEW,0.750,NUMBER_RANGE,98191,1,2,{}
PL 165,EMU,REVIEW,0.750,NUMBER_RANGE,98193,1,2,{}
PL 167,EMU,REVIEW,0.750,NUMBER_RANGE,98195,1,2,{}
PL 169,EMU,REVIEW,0.750,NUMBER_RANGE,98197,1,2,{}
PL 171,EMU,REVIEW,0.750,NUMBER_RANGE,98199,1,2,{}
PL 173,EMU,REVIEW,0.750,NUMBER_RANGE,98201,1,2,{}
PL 177,EMU,REVIEW,0.750,NUMBER_RANGE,98205,1,2,{}
PL 179,EMU,REVIEW,0.750,NUMBER_RANGE,98207,1,2,{}
PL 181,EMU,REVIEW,0.750,NUMBER_RANGE,98209,1,2,{}
PL 183,EMU,REVIEW,0.750,NUMBER_RANGE,98211,1,2,{}
PL 29,EMU,REVIEW,0.750,NUMBER_RANGE,98035,1,2,{}
PL 31,EMU,REVIEW,0.750,NUMBER_RANGE,98037,1,2,{}
PL 33,EMU,REVIEW,0.750,NUMBER_RANGE,98039,1,2,{}
PL 35,EMU,REVIEW,0.750,NUMBER_RANGE,98041,1,2,{}
PL 37,EMU,REVIEW,0.750,NUMBER_RANGE,98043,1,2,{}
PL 39,EMU,REVIEW,0.750,NUMBER_RANGE,98045,1,2,{}
PL 41,EMU,REVIEW,0.750,NUMBER_RANGE,98047,1,2,{}
PL 47,EMU,REVIEW,0.750,NUMBER_RANGE,98055,1,2,{}
PL 49,EMU,REVIEW,0.750,NUMBER_RANGE,98057,1,2,{}
PL 51,EMU,REVIEW,0.750,NUMBER_RANGE,98059,1,2,{}
PL 55,EMU,REVIEW,0.750,NUMBER_RANGE,98063,1,2,{}
PL 61,EMU,REVIEW,0.750,NUMBER_RANGE,98069,1,2,{}
PL 63,EMU,REVIEW,0.750,NUMBER_RANGE,98071,1,2,{}
PL 65,EMU,REVIEW,0.750,NUMBER_RANGE,98073,1,2,{}
PL 73,EMU,REVIEW,0.750,NUMBER_RANGE,98083,1,2,{}
PL 75,EMU,REVIEW,0.750,NUMBER_RANGE,98085,1,2,{}
PL 77,EMU,REVIEW,0.750,NUMBER_RANGE,98087,1,2,{}
PL 79,EMU,REVIEW,0.750,NUMBER_RANGE,98089,1,2,{}
PL 81,EMU,REVIEW,0.750,NUMBER_RANGE,98091,1,2,{}
PL 93,EMU,REVIEW,0.750,NUMBER_RANGE,98105,1,2,{}
PL 95,EMU,REVIEW,0.750,NUMBER_RANGE,98107,1,2,{}
PL 97,EMU,REVIEW,0.750,NUMBER_RANGE,98109,1,2,{}
PL 99,EMU,REVIEW,0.750,NUMBER_RANGE,98111,1,2,{}
PL AD 17,EMU,REVIEW,0.750,NUMBER_RANGE,98917,1,3,{}
PL VD4,EMU,REVIEW,0.750,NUMBER_RANGE,98026,1,2,{}
PL VD6,EMU,REVIEW,0.750,NUMBER_RANGE,98032,1,2,{}
PL1,EMU,REVIEW,0.750,NUMBER_RANGE,98001,1,2,{COACH_CODE_AS_NAME}
PL10,EMU,REVIEW,0.750,NUMBER_RANGE,98008,1,2,{COACH_CODE_AS_NAME}
PL100,EMU,REVIEW,0.750,NUMBER_RANGE,98106,1,2,{COACH_CODE_AS_NAME}
PL102,EMU,REVIEW,0.750,NUMBER_RANGE,98108,1,2,{COACH_CODE_AS_NAME}
PL104,EMU,REVIEW,0.750,NUMBER_RANGE,98110,1,2,{COACH_CODE_AS_NAME}
PL106,EMU,REVIEW,0.750,NUMBER_RANGE,98112,1,2,{COACH_CODE_AS_NAME}
PL108,EMU,REVIEW,0.750,NUMBER_RANGE,98114,1,2,{COACH_CODE_AS_NAME}
PL11,EMU,REVIEW,0.750,NUMBER_RANGE,98011,1,2,{COACH_CODE_AS_NAME}
PL110,EMU,REVIEW,0.750,NUMBER_RANGE,98116,1,2,{COACH_CODE_AS_NAME}
PL112,EMU,REVIEW,0.750,NUMBER_RANGE,98118,1,2,{COACH_CODE_AS_NAME}
PL113,EMU,REVIEW,0.750,NUMBER_RANGE,98125,1,2,{COACH_CODE_AS_NAME}
PL114,EMU,REVIEW,0.750,NUMBER_RANGE,98120,1,2,{COACH_CODE_AS_NAME}
PL115,EMU,REVIEW,0.750,NUMBER_RANGE,98127,1,2,{COACH_CODE_AS_NAME}
PL116,EMU,REVIEW,0.750,NUMBER_RANGE,98122,1,2,{COACH_CODE_AS_NAME}
PL117,EMU,REVIEW,0.750,NUMBER_RANGE,98129,1,2,{COACH_CODE_AS_NAME}
PL118,EMU,REVIEW,0.750,NUMBER_RANGE,98124,1,2,{COACH_CODE_AS_NAME}
PL119,EMU,REVIEW,0.750,NUMBER_RANGE,98131,1,2,{COACH_CODE_AS_NAME}
PL12,EMU,REVIEW,0.750,NUMBER_RANGE,98010,1,2,{COACH_CODE_AS_NAME}
PL120,EMU,REVIEW,0.750,NUMBER_RANGE,98126,1,2,{COACH_CODE_AS_NAME}
PL121,EMU,REVIEW,0.750,NUMBER_RANGE,98135,1,2,{COACH_CODE_AS_NAME}
PL122,EMU,REVIEW,0.750,NUMBER_RANGE,98128,2,4,{COACH_CODE_AS_NAME}
PL123,EMU,REVIEW,0.750,NUMBER_RANGE,98137,1,2,{COACH_CODE_AS_NAME}
PL124,EMU,REVIEW,0.750,NUMBER_RANGE,98130,1,2,{COACH_CODE_AS_NAME}
PL125,EMU,REVIEW,0.750,NUMBER_RANGE,98139,1,2,{COACH_CODE_AS_NAME}
PL126,EMU,REVIEW,0.750,NUMBER_RANGE,98132,1,2,{COACH_CODE_AS_NAME}
PL127,EMU,REVIEW,0.750,NUMBER_RANGE,98141,1,2,{COACH_CODE_AS_NAME}
PL128,EMU,REVIEW,0.750,NUMBER_RANGE,98136,1,2,{COACH_CODE_AS_NAME}
PL129,EMU,REVIEW,0.750,NUMBER_RANGE,98145,1,2,{COACH_CODE_AS_NAME}
PL13,EMU,REVIEW,0.750,NUMBER_RANGE,98015,1,2,{COACH_CODE_AS_NAME}
PL130,EMU,REVIEW,0.750,NUMBER_RANGE,98138,1,2,{COACH_CODE_AS_NAME}
PL131,EMU,REVIEW,0.750,NUMBER_RANGE,98147,1,2,{COACH_CODE_AS_NAME}
PL132,EMU,REVIEW,0.750,NUMBER_RANGE,98140,1,2,{COACH_CODE_AS_NAME}
PL134,EMU,REVIEW,0.750,NUMBER_RANGE,98142,1,2,{COACH_CODE_AS_NAME}
PL136,EMU,REVIEW,0.750,NUMBER_RANGE,98146,1,2,{COACH_CODE_AS_NAME}
PL138,EMU,REVIEW,0.750,NUMBER_RANGE,98148,1,2,{COACH_CODE_AS_NAME}
PL139,EMU,REVIEW,0.750,NUMBER_RANGE,98157,1,2,{COACH_CODE_AS_NAME}
PL14,EMU,REVIEW,0.750,NUMBER_RANGE,98012,1,2,{COACH_CODE_AS_NAME}
PL140,EMU,REVIEW,0.750,NUMBER_RANGE,98150,1,2,{COACH_CODE_AS_NAME}
PL141,EMU,REVIEW,0.750,NUMBER_RANGE,98159,1,2,{COACH_CODE_AS_NAME}
PL142,EMU,REVIEW,0.750,NUMBER_RANGE,98152,1,2,{COACH_CODE_AS_NAME}
PL143,EMU,REVIEW,0.750,NUMBER_RANGE,98161,1,2,{COACH_CODE_AS_NAME}
PL144,EMU,REVIEW,0.750,NUMBER_RANGE,98154,1,2,{COACH_CODE_AS_NAME}
PL145,EMU,REVIEW,0.750,NUMBER_RANGE,98163,1,2,{COACH_CODE_AS_NAME}
PL146,EMU,REVIEW,0.750,NUMBER_RANGE,98156,1,2,{COACH_CODE_AS_NAME}
PL147,EMU,REVIEW,0.750,NUMBER_RANGE,98165,1,2,{COACH_CODE_AS_NAME}
PL148,EMU,REVIEW,0.750,NUMBER_RANGE,98158,1,2,{COACH_CODE_AS_NAME}
PL149,EMU,REVIEW,0.750,NUMBER_RANGE,98169,1,2,{COACH_CODE_AS_NAME}
PL15,EMU,REVIEW,0.750,NUMBER_RANGE,98017,1,2,{COACH_CODE_AS_NAME}
PL150,EMU,REVIEW,0.750,NUMBER_RANGE,98160,1,2,{COACH_CODE_AS_NAME}
PL151,EMU,REVIEW,0.750,NUMBER_RANGE,98171,1,2,{COACH_CODE_AS_NAME}
PL152,EMU,REVIEW,0.750,NUMBER_RANGE,98162,1,2,{COACH_CODE_AS_NAME}
PL153,EMU,REVIEW,0.750,NUMBER_RANGE,98175,1,2,{COACH_CODE_AS_NAME}
PL154,EMU,REVIEW,0.750,NUMBER_RANGE,98164,1,2,{COACH_CODE_AS_NAME}
PL155,EMU,REVIEW,0.750,NUMBER_RANGE,98179,1,2,{COACH_CODE_AS_NAME}
PL156,EMU,REVIEW,0.750,NUMBER_RANGE,98168,1,2,{COACH_CODE_AS_NAME}
PL157,EMU,REVIEW,0.750,NUMBER_RANGE,98183,1,2,{COACH_CODE_AS_NAME}
PL158,EMU,REVIEW,0.750,NUMBER_RANGE,98170,1,2,{COACH_CODE_AS_NAME}
PL16,EMU,REVIEW,0.750,NUMBER_RANGE,98014,1,2,{COACH_CODE_AS_NAME}
PL160,EMU,REVIEW,0.750,NUMBER_RANGE,98172,1,2,{COACH_CODE_AS_NAME}
PL162,EMU,REVIEW,0.750,NUMBER_RANGE,98174,1,2,{COACH_CODE_AS_NAME}
PL164,EMU,REVIEW,0.750,NUMBER_RANGE,98176,1,2,{COACH_CODE_AS_NAME}
PL166,EMU,REVIEW,0.750,NUMBER_RANGE,98178,1,2,{COACH_CODE_AS_NAME}
PL168,EMU,REVIEW,0.750,NUMBER_RANGE,98180,1,2,{COACH_CODE_AS_NAME}
PL17,EMU,REVIEW,0.750,NUMBER_RANGE,98019,1,2,{COACH_CODE_AS_NAME}
PL170,EMU,REVIEW,0.750,NUMBER_RANGE,98182,1,2,{COACH_CODE_AS_NAME}
PL172,EMU,REVIEW,0.750,NUMBER_RANGE,98184,1,2,{COACH_CODE_AS_NAME}
PL174,EMU,REVIEW,0.750,NUMBER_RANGE,98186,1,2,{COACH_CODE_AS_NAME}
PL175,EMU,REVIEW,0.750,NUMBER_RANGE,98203,1,2,{COACH_CODE_AS_NAME}
PL176,EMU,REVIEW,0.750,NUMBER_RANGE,98188,1,2,{COACH_CODE_AS_NAME}
PL178,EMU,REVIEW,0.750,NUMBER_RANGE,98190,1,2,{COACH_CODE_AS_NAME}
PL18,EMU,REVIEW,0.750,NUMBER_RANGE,98016,1,2,{COACH_CODE_AS_NAME}
PL180,EMU,REVIEW,0.750,NUMBER_RANGE,98192,1,2,{COACH_CODE_AS_NAME}
PL182,EMU,REVIEW,0.750,NUMBER_RANGE,98194,1,2,{COACH_CODE_AS_NAME}
PL184,EMU,REVIEW,0.750,NUMBER_RANGE,98198,1,2,{COACH_CODE_AS_NAME}
PL185,EMU,REVIEW,0.750,NUMBER_RANGE,98213,1,2,{COACH_CODE_AS_NAME}
PL186,EMU,REVIEW,0.750,NUMBER_RANGE,98202,1,2,{COACH_CODE_AS_NAME}
PL187,EMU,REVIEW,0.750,NUMBER_RANGE,98215,1,2,{COACH_CODE_AS_NAME}
PL188,EMU,REVIEW,0.750,NUMBER_RANGE,98204,1,2,{COACH_CODE_AS_NAME}
PL19,EMU,REVIEW,0.750,NUMBER_RANGE,98023,1,2,{COACH_CODE_AS_NAME}
PL2,EMU,REVIEW,0.750,NUMBER_RANGE,98000,1,2,{COACH_CODE_AS_NAME}
PL20,EMU,REVIEW,0.750,NUMBER_RANGE,98020,1,2,{COACH_CODE_AS_NAME}
PL21,EMU,REVIEW,0.750,NUMBER_RANGE,98025,1,2,{COACH_CODE_AS_NAME}
PL22,EMU,REVIEW,0.750,NUMBER_RANGE,98022,1,2,{COACH_CODE_AS_NAME}
PL23,EMU,REVIEW,0.750,NUMBER_RANGE,98027,1,2,{COACH_CODE_AS_NAME}
PL24,EMU,REVIEW,0.750,NUMBER_RANGE,98024,1,2,{COACH_CODE_AS_NAME}
PL25,EMU,REVIEW,0.750,NUMBER_RANGE,98029,1,2,{COACH_CODE_AS_NAME}
PL26,EMU,REVIEW,0.750,NUMBER_RANGE,98028,1,2,{COACH_CODE_AS_NAME}
PL27,EMU,REVIEW,0.750,NUMBER_RANGE,98033,1,2,{COACH_CODE_AS_NAME}
PL28,EMU,REVIEW,0.750,NUMBER_RANGE,98030,1,2,{COACH_CODE_AS_NAME}
PL3,EMU,REVIEW,0.750,NUMBER_RANGE,98003,1,2,{COACH_CODE_AS_NAME}
PL30,EMU,REVIEW,0.750,NUMBER_RANGE,98034,1,2,{COACH_CODE_AS_NAME}
PL32,EMU,REVIEW,0.750,NUMBER_RANGE,98036,1,2,{COACH_CODE_AS_NAME}
PL34,EMU,REVIEW,0.750,NUMBER_RANGE,98038,1,2,{COACH_CODE_AS_NAME}
PL36,EMU,REVIEW,0.750,NUMBER_RANGE,98042,1,2,{COACH_CODE_AS_NAME}
PL38,EMU,REVIEW,0.750,NUMBER_RANGE,98044,1,2,{COACH_CODE_AS_NAME}
PL4,EMU,REVIEW,0.750,NUMBER_RANGE,98002,1,2,{COACH_CODE_AS_NAME}
PL40,EMU,REVIEW,0.750,NUMBER_RANGE,98046,1,2,{COACH_CODE_AS_NAME}
PL42,EMU,REVIEW,0.750,NUMBER_RANGE,98048,1,2,{COACH_CODE_AS_NAME}
PL43,EMU,REVIEW,0.750,NUMBER_RANGE,98049,1,2,{COACH_CODE_AS_NAME}
PL44,EMU,REVIEW,0.750,NUMBER_RANGE,98050,1,2,{COACH_CODE_AS_NAME}
PL45,EMU,REVIEW,0.750,NUMBER_RANGE,98053,1,2,{COACH_CODE_AS_NAME}
PL46,EMU,REVIEW,0.750,NUMBER_RANGE,98052,1,2,{COACH_CODE_AS_NAME}
PL48,EMU,REVIEW,0.750,NUMBER_RANGE,98054,1,2,{COACH_CODE_AS_NAME}
PL5,EMU,REVIEW,0.750,NUMBER_RANGE,98005,1,2,{COACH_CODE_AS_NAME}
PL50,EMU,REVIEW,0.750,NUMBER_RANGE,98056,1,2,{COACH_CODE_AS_NAME}
PL52,EMU,REVIEW,0.750,NUMBER_RANGE,98058,1,2,{COACH_CODE_AS_NAME}
PL53,EMU,REVIEW,0.750,NUMBER_RANGE,98061,1,2,{COACH_CODE_AS_NAME}
PL54,EMU,REVIEW,0.750,NUMBER_RANGE,98060,1,2,{COACH_CODE_AS_NAME}
PL56,EMU,REVIEW,0.750,NUMBER_RANGE,98062,1,2,{COACH_CODE_AS_NAME}
PL57,EMU,REVIEW,0.750,NUMBER_RANGE,98065,1,2,{COACH_CODE_AS_NAME}
PL58,EMU,REVIEW,0.750,NUMBER_RANGE,98064,1,2,{COACH_CODE_AS_NAME}
PL59,EMU,REVIEW,0.750,NUMBER_RANGE,98067,1,2,{COACH_CODE_AS_NAME}
PL6,EMU,REVIEW,0.750,NUMBER_RANGE,98004,1,2,{COACH_CODE_AS_NAME}
PL60,EMU,REVIEW,0.750,NUMBER_RANGE,98066,1,2,{COACH_CODE_AS_NAME}
PL62,EMU,REVIEW,0.750,NUMBER_RANGE,98068,1,2,{COACH_CODE_AS_NAME}
PL64,EMU,REVIEW,0.750,NUMBER_RANGE,98070,1,2,{COACH_CODE_AS_NAME}
PL66,EMU,REVIEW,0.750,NUMBER_RANGE,98072,1,2,{COACH_CODE_AS_NAME}
PL67,EMU,REVIEW,0.750,NUMBER_RANGE,98075,1,2,{COACH_CODE_AS_NAME}
PL68,EMU,REVIEW,0.750,NUMBER_RANGE,98074,1,2,{COACH_CODE_AS_NAME}
PL69,EMU,REVIEW,0.750,NUMBER_RANGE,98077,1,2,{COACH_CODE_AS_NAME}
PL7,EMU,REVIEW,0.750,NUMBER_RANGE,98007,1,2,{COACH_CODE_AS_NAME}
PL70,EMU,REVIEW,0.750,NUMBER_RANGE,98076,1,2,{COACH_CODE_AS_NAME}
PL71,EMU,REVIEW,0.750,NUMBER_RANGE,98079,1,2,{COACH_CODE_AS_NAME}
PL72,EMU,REVIEW,0.750,NUMBER_RANGE,98078,1,2,{COACH_CODE_AS_NAME}
PL73,EMU,REVIEW,0.750,NUMBER_RANGE,98081,1,2,{COACH_CODE_AS_NAME}
PL74,EMU,REVIEW,0.750,NUMBER_RANGE,98080,1,2,{COACH_CODE_AS_NAME}
PL76,EMU,REVIEW,0.750,NUMBER_RANGE,98082,1,2,{COACH_CODE_AS_NAME}
PL78,EMU,REVIEW,0.750,NUMBER_RANGE,98084,1,2,{COACH_CODE_AS_NAME}
PL8,EMU,REVIEW,0.750,NUMBER_RANGE,98006,1,2,{COACH_CODE_AS_NAME}
PL82,EMU,REVIEW,0.750,NUMBER_RANGE,98088,1,2,{COACH_CODE_AS_NAME}
PL83,EMU,REVIEW,0.750,NUMBER_RANGE,98093,1,2,{COACH_CODE_AS_NAME}
PL84,EMU,REVIEW,0.750,NUMBER_RANGE,98090,1,2,{COACH_CODE_AS_NAME}
PL85,EMU,REVIEW,0.750,NUMBER_RANGE,98095,1,2,{COACH_CODE_AS_NAME}
PL86,EMU,REVIEW,0.750,NUMBER_RANGE,98092,1,2,{COACH_CODE_AS_NAME}
PL87,EMU,REVIEW,0.750,NUMBER_RANGE,98097,1,2,{COACH_CODE_AS_NAME}
PL88,EMU,REVIEW,0.750,NUMBER_RANGE,98094,1,2,{COACH_CODE_AS_NAME}
PL89,EMU,REVIEW,0.750,NUMBER_RANGE,98099,1,2,{COACH_CODE_AS_NAME}
PL9,EMU,REVIEW,0.750,NUMBER_RANGE,98009,1,2,{COACH_CODE_AS_NAME}
PL90,EMU,REVIEW,0.750,NUMBER_RANGE,98096,1,2,{COACH_CODE_AS_NAME}
PL91,EMU,REVIEW,0.750,NUMBER_RANGE,98101,1,2,{COACH_CODE_AS_NAME}
PL92,EMU,REVIEW,0.750,NUMBER_RANGE,98098,1,2,{COACH_CODE_AS_NAME}
PL94,EMU,REVIEW,0.750,NUMBER_RANGE,98100,1,2,{COACH_CODE_AS_NAME}
PL96,EMU,REVIEW,0.750,NUMBER_RANGE,98102,1,2,{COACH_CODE_AS_NAME}
PL98,EMU,REVIEW,0.750,NUMBER_RANGE,98104,1,2,{COACH_CODE_AS_NAME}
PLAD 13,EMU,REVIEW,0.750,NUMBER_RANGE,98913,1,3,{}
PLAD 7,EMU,REVIEW,0.750,NUMBER_RANGE,98907,1,2,{}
PLAD1,EMU,REVIEW,0.750,NUMBER_RANGE,98901,1,2,{}
PLAD11,EMU,REVIEW,0.750,NUMBER_RANGE,98911,1,2,{}
PLAD15,EMU,REVIEW,0.750,NUMBER_RANGE,98915,1,2,{}
PLAD3,EMU,REVIEW,0.750,NUMBER_RANGE,98903,1,2,{}
PLAD5,EMU,REVIEW,0.750,NUMBER_RANGE,98905,1,2,{}
PLAD9,EMU,REVIEW,0.750,NUMBER_RANGE,98909,1,2,{}
PLNI-MDU PAS,PASSENGER,REVIEW,0.600,NUMBER_RANGE,56709,1,12,{LIKELY_TRUNCATED}
PLVD1,EMU,REVIEW,0.750,NUMBER_RANGE,98031,1,2,{}
PLVD11,EMU,REVIEW,0.750,NUMBER_RANGE,98143,1,2,{}
PLVD12,EMU,REVIEW,0.750,NUMBER_RANGE,98144,1,2,{}
PLVD13,EMU,REVIEW,0.750,NUMBER_RANGE,98149,1,2,{}
PLVD15,EMU,REVIEW,0.750,NUMBER_RANGE,98167,1,2,{}
PLVD17,EMU,REVIEW,0.750,NUMBER_RANGE,98173,1,2,{}
PLVD19,EMU,REVIEW,0.750,NUMBER_RANGE,98177,1,2,{}
PLVD2,EMU,REVIEW,0.750,NUMBER_RANGE,98018,1,2,{}
PLVD21,EMU,REVIEW,0.750,NUMBER_RANGE,98181,1,2,{}
PLVD23,EMU,REVIEW,0.750,NUMBER_RANGE,98187,1,2,{}
PLVD3,EMU,REVIEW,0.750,NUMBER_RANGE,98051,1,2,{}
PLVD7,EMU,REVIEW,0.750,NUMBER_RANGE,98103,1,2,{}
PLVD8,EMU,REVIEW,0.750,NUMBER_RANGE,98040,1,2,{}
PLVD9,EMU,REVIEW,0.750,NUMBER_RANGE,98133,1,2,{}
PNBE - BSP S,SUPERFAST,REVIEW,0.700,NUMBER_RANGE,22844,1,22,{LIKELY_TRUNCATED}
PNBE - KOAA,EXPRESS,REVIEW,0.650,NUMBER_RANGE,13132,1,45,{}
PNBE - SHM D,SUPERFAST,REVIEW,0.700,NUMBER_RANGE,22214,1,4,{LIKELY_TRUNCATED}
PNBE - SSM P,PASSENGER,REVIEW,0.600,NUMBER_RANGE,53211,1,13,{LIKELY_TRUNCATED}
PNBE ADI EXP,EXPRESS,REVIEW,0.650,NUMBER_RANGE,19422,1,28,{LIKELY_TRUNCATED}
PNBE BDTS SF,SUPERFAST,REVIEW,0.700,NUMBER_RANGE,22972,1,14,{LIKELY_TRUNCATED}
PNBE ERS EXP,SUPERFAST,REVIEW,0.700,NUMBER_RANGE,22644,1,42,{LIKELY_TRUNCATED}
PNBE GARIB R,SUPERFAST,REVIEW,0.700,NUMBER_RANGE,12359,1,13,{LIKELY_TRUNCATED}
PNBE- GAYA M,PASSENGER,REVIEW,0.600,NUMBER_RANGE,63241,1,26,{LIKELY_TRUNCATED}
PNBE- KOTA,EXPRESS,REVIEW,0.650,NUMBER_RANGE,13237,1,28,{}
PNBE-ARA MEM,PASSENGER,REVIEW,0.600,NUMBER_RANGE,63213,2,21,{LIKELY_TRUNCATED}
PNBE-ASR FTR,SPECIAL,REVIEW,0.500,NUMBER_RANGE,604,1,3,{LIKELY_TRUNCATED}
PNBE-BBU INT,EXPRESS,REVIEW,0.650,NUMBER_RANGE,13249,1,12,{LIKELY_TRUNCATED}
PNBE-BJU MEM,PASSENGER,REVIEW,0.600,NUMBER_RANGE,63280,2,50,{LIKELY_TRUNCATED}
PNBE-BSB MEM,PASSENGER,REVIEW,0.600,NUMBER_RANGE,63233,1,35,{LIKELY_TRUNCATED}
PNBE-BTI FTR,SPECIAL,REVIEW,0.500,NUMBER_RANGE,504,1,3,{LIKELY_TRUNCATED}
PNBE-BXR MEM,PASSENGER,REVIEW,0.600,NUMBER_RANGE,63263,1,20,{LIKELY_TRUNCATED}
PNBE-DHN  IN,EXPRESS,REVIEW,0.650,NUMBER_RANGE,13332,1,22,{LIKELY_TRUNCATED}
PNBE-ERS EXP,EXPRESS,REVIEW,0.650,NUMBER_RANGE,16360,1,44,{LIKELY_TRUNCATED}
PNBE-GAYA -B,EXPRESS,REVIEW,0.650,NUMBER_RANGE,13243,1,24,{LIKELY_TRUNCATED}
PNBE-GAYA ME,PASSENGER,REVIEW,0.600,NUMBER_RANGE,63243,8,149,{LIKELY_TRUNCATED}
PNBE-GAYA PA,PASSENGER,REVIEW,0.600,NUMBER_RANGE,53213,1,26,{LIKELY_TRUNCATED}
PNBE-HTE EXP,EXPRESS,REVIEW,0.650,NUMBER_RANGE,18625,1,21,{LIKELY_TRUNCATED}
PNBE-IPR DEM,PASSENGER,REVIEW,0.600,NUMBER_RANGE,73262,2,24,{LIKELY_TRUNCATED}
PNBE-JAJ MEM,PASSENGER,REVIEW,0.600,NUMBER_RANGE,63210,2,59,{LIKELY_TRUNCATED}
PNBE-JSME ME,PASSENGER,REVIEW,0.600,NUMBER_RANGE,63208,1,34,{LIKELY_TRUNCATED}
PNBE-KIUL ME,PASSENGER,REVIEW,0.600,NUMBER_RANGE,63206,1,22,{LIKELY_TRUNCATED}
PNBE-KOTA EX,EXPRESS,REVIEW,0.650,NUMBER_RANGE,13239,1,24,{LIKELY_TRUNCATED}
PNBE-MGS MEM,PASSENGER,REVIEW,0.600,NUMBER_RANGE,63225,3,104,{LIKELY_TRUNCATED}
PNBE-MKA MEM,PASSENGER,REVIEW,0.600,NUMBER_RANGE,63222,2,22,{LIKELY_TRUNCATED}
PNBE-MLDT EX,EXPRESS,REVIEW,0.650,NUMBER_RANGE,13416,1,18,{LIKELY_TRUNCATED}
PNBE-PAU EXP,EXPRESS,REVIEW,0.650,NUMBER_RANGE,17609,1,17,{LIKELY_TRUNCATED}
PNBE-PPTA PA,PASSENGER,REVIEW,0.600,NUMBER_RANGE,55232,1,4,{LIKELY_TRUNCATED}
PNBE-PTA FTR,SPECIAL,REVIEW,0.500,NUMBER_RANGE,506,1,3,{LIKELY_TRUNCATED}
PNBE-PTG  DE,PASSENGER,REVIEW,0.600,NUMBER_RANGE,73212,1,5,{LIKELY_TRUNCATED}
PNBE-PURI BA,EXPRESS,REVIEW,0.650,NUMBER_RANGE,18450,1,27,{LIKELY_TRUNCATED}
PNBE-RNC JAN,SUPERFAST,REVIEW,0.700,NUMBER_RANGE,12365,1,12,{LIKELY_TRUNCATED}
PNBE-SBC SAN,SUPERFAST,REVIEW,0.700,NUMBER_RANGE,12296,1,37,{LIKELY_TRUNCATED}
PNBE-SHC KOS,EXPRESS,REVIEW,0.650,NUMBER_RANGE,18698,1,27,{LIKELY_TRUNCATED}
PNBE-SHC RAJ,SUPERFAST,REVIEW,0.700,NUMBER_RANGE,12568,1,9,{LIKELY_TRUNCATED}
PNBE-VSG EXP,SUPERFAST,REVIEW,0.700,NUMBER_RANGE,12742,1,20,{LIKELY_TRUNCATED}
PND-4 EMU,PASSENGER,REVIEW,0.600,NUMBER_RANGE,64064,1,13,{}
PND-BSP MEMU,PASSENGER,REVIEW,0.600,NUMBER_RANGE,68739,1,13,{LIKELY_TRUNCATED}
PNK-LJN MEMU,PASSENGER,REVIEW,0.600,NUMBER_RANGE,64260,1,15,{LIKELY_TRUNCATED}
PNP-BNW EKTA,EXPRESS,REVIEW,0.650,NUMBER_RANGE,14796,1,6,{LIKELY_TRUNCATED}
PNP-DLI 12CA,PASSENGER,REVIEW,0.600,NUMBER_RANGE,64534,1,26,{LIKELY_TRUNCATED}
PNP-DLI MEMU,PASSENGER,REVIEW,0.600,NUMBER_RANGE,64002,1,18,{LIKELY_TRUNCATED}
PNP-DLI-MEMU,PASSENGER,REVIEW,0.600,NUMBER_RANGE,64536,1,18,{LIKELY_TRUNCATED}
PNP-GZB MEMU,PASSENGER,REVIEW,0.600,NUMBER_RANGE,64472,1,26,{LIKELY_TRUNCATED}
PNP-NDLS LAD,PASSENGER,REVIEW,0.600,NUMBER_RANGE,64470,1,19,{LIKELY_TRUNCATED}
PNP-NDLS MEM,PASSENGER,REVIEW,0.600,NUMBER_RANGE,64464,2,38,{LIKELY_TRUNCATED}
PNP-ROK PASS,PASSENGER,REVIEW,0.600,NUMBER_RANGE,54026,1,6,{LIKELY_TRUNCATED}
PNP-UMB MEMU,PASSENGER,REVIEW,0.600,NUMBER_RANGE,64481,2,34,{LIKELY_TRUNCATED}
PNP-UMB PAS,PASSENGER,REVIEW,0.600,NUMBER_RANGE,64541,1,17,{ROUTE_CODE_STYLE}
PNU - BHUJ P,PASSENGER,REVIEW,0.600,NUMBER_RANGE,59426,1,38,{LIKELY_TRUNCATED}
PNVL - BSR M,PASSENGER,REVIEW,0.600,NUMBER_RANGE,69165,2,20,{LIKELY_TRUNCATED}
PNVL - DRD M,PASSENGER,REVIEW,0.600,NUMBER_RANGE,69161,1,20,{LIKELY_TRUNCATED}
PNVL-DIVA PA,PASSENGER,REVIEW,0.600,NUMBER_RANGE,50120,1,7,{LIKELY_TRUNCATED}
PNVL-GKP EXP,EXPRESS,REVIEW,0.650,NUMBER_RANGE,15066,1,23,{LIKELY_TRUNCATED}
PNVL-NED EXP,EXPRESS,REVIEW,0.650,NUMBER_RANGE,17613,1,13,{LIKELY_TRUNCATED}
PON-MMC EMU,PASSENGER,REVIEW,0.550,NUMBER_RANGE,42302,1,14,{ROUTE_CODE_STYLE}
PON-MSB EMU,PASSENGER,REVIEW,0.550,NUMBER_RANGE,42702,1,15,{ROUTE_CODE_STYLE}
PON-TRL EMU,PASSENGER,REVIEW,0.550,NUMBER_RANGE,43851,1,17,{ROUTE_CODE_STYLE}
PON-VLCY,PASSENGER,REVIEW,0.550,NUMBER_RANGE,42752,1,13,{ROUTE_CODE_STYLE}
POORBIYA EXP,EXPRESS,REVIEW,0.650,NUMBER_RANGE,15279,2,44,{LIKELY_TRUNCATED}
POORNA EXPRE,EXPRESS,REVIEW,0.650,NUMBER_RANGE,11097,2,65,{LIKELY_TRUNCATED}
POORVA EXPRE,SUPERFAST,REVIEW,0.700,NUMBER_RANGE,12303,4,94,{LIKELY_TRUNCATED}
POORVATTAR S,SUPERFAST,REVIEW,0.700,NUMBER_RANGE,12501,2,20,{LIKELY_TRUNCATED}
PORBANDAR EX,EXPRESS,REVIEW,0.650,NUMBER_RANGE,19261,1,30,{LIKELY_TRUNCATED}
PPGT - BT LO,PASSENGER,REVIEW,0.550,NUMBER_RANGE,30311,1,18,{LIKELY_TRUNCATED}
PPTA - YPR E,SUPERFAST,REVIEW,0.700,NUMBER_RANGE,22351,1,28,{LIKELY_TRUNCATED}
PPTA LJN S F,SUPERFAST,REVIEW,0.700,NUMBER_RANGE,12529,1,10,{LIKELY_TRUNCATED}
PPTA-BJU PAS,PASSENGER,REVIEW,0.600,NUMBER_RANGE,55230,1,22,{LIKELY_TRUNCATED}
PPTA-GKP PAS,PASSENGER,REVIEW,0.600,NUMBER_RANGE,55007,1,50,{LIKELY_TRUNCATED}
PPTA-LTT SF,SUPERFAST,REVIEW,0.700,NUMBER_RANGE,12142,1,13,{ROUTE_CODE_STYLE}
PPTA-MFP PAS,PASSENGER,REVIEW,0.600,NUMBER_RANGE,55216,2,29,{LIKELY_TRUNCATED}
PPTA-PNBE PA,PASSENGER,REVIEW,0.600,NUMBER_RANGE,55231,1,4,{LIKELY_TRUNCATED}
PPTA-RXL-NKE,EXPRESS,REVIEW,0.650,NUMBER_RANGE,15201,1,17,{LIKELY_TRUNCATED}
PR-MAU PASSA,PASSENGER,REVIEW,0.600,NUMBER_RANGE,55017,1,23,{LIKELY_TRUNCATED}
PRAGATI EXPR,SUPERFAST,REVIEW,0.700,NUMBER_RANGE,12125,2,15,{LIKELY_TRUNCATED}
PRATAP EXPRE,SUPERFAST,REVIEW,0.700,NUMBER_RANGE,12496,1,20,{LIKELY_TRUNCATED}
PRAYAG RAJ E,SUPERFAST,REVIEW,0.700,NUMBER_RANGE,12417,2,13,{LIKELY_TRUNCATED}
PRAYAG- BARE,PASSENGER,REVIEW,0.600,NUMBER_RANGE,54377,1,62,{LIKELY_TRUNCATED}
PRDP-CTC,PASSENGER,REVIEW,0.600,NUMBER_RANGE,58402,3,39,{ROUTE_CODE_STYLE}
PRDP-PURI IN,EXPRESS,REVIEW,0.650,NUMBER_RANGE,18413,1,12,{LIKELY_TRUNCATED}
PRDP-SRC WEE,SUPERFAST,REVIEW,0.700,NUMBER_RANGE,22814,1,12,{LIKELY_TRUNCATED}
PRDP-VSKP WE,SUPERFAST,REVIEW,0.700,NUMBER_RANGE,22809,1,17,{LIKELY_TRUNCATED}
PRERANA EXPR,SUPERFAST,REVIEW,0.700,NUMBER_RANGE,22137,2,28,{LIKELY_TRUNCATED}
PRG -BE PASS,EXPRESS,REVIEW,0.650,NUMBER_RANGE,14307,1,41,{LIKELY_TRUNCATED}
PRG- JNU PAS,PASSENGER,REVIEW,0.600,NUMBER_RANGE,54375,1,18,{LIKELY_TRUNCATED}
PRG-BE PASS.,PASSENGER,REVIEW,0.600,NUMBER_RANGE,54371,1,21,{LIKELY_TRUNCATED}
PRG-CNB EXP,EXPRESS,REVIEW,0.650,NUMBER_RANGE,14101,1,13,{ROUTE_CODE_STYLE}
PRG-FD PASSE,PASSENGER,REVIEW,0.600,NUMBER_RANGE,54373,1,21,{LIKELY_TRUNCATED}
PRG-GCT DEMU,PASSENGER,REVIEW,0.600,NUMBER_RANGE,75116,1,30,{LIKELY_TRUNCATED}
PRLI - MRJ P,PASSENGER,REVIEW,0.600,NUMBER_RANGE,51425,1,36,{LIKELY_TRUNCATED}
PRLI PASS,PASSENGER,REVIEW,0.600,NUMBER_RANGE,57539,1,36,{}
PRLI-ADB PAS,PASSENGER,REVIEW,0.600,NUMBER_RANGE,57553,1,41,{LIKELY_TRUNCATED}
PRNC-PNBE KO,EXPRESS,REVIEW,0.650,NUMBER_RANGE,18697,1,27,{LIKELY_TRUNCATED}
PRR ADRA LOC,PASSENGER,REVIEW,0.600,NUMBER_RANGE,68054,2,18,{LIKELY_TRUNCATED}
PRR HWH EXPR,SUPERFAST,REVIEW,0.700,NUMBER_RANGE,12828,1,15,{LIKELY_TRUNCATED}
PRR-ASN MEMU,PASSENGER,REVIEW,0.600,NUMBER_RANGE,63593,1,15,{LIKELY_TRUNCATED}
PRR-HWH LALM,SUPERFAST,REVIEW,0.700,NUMBER_RANGE,12866,1,9,{LIKELY_TRUNCATED}
PRR-JGM EXPR,SUPERFAST,REVIEW,0.700,NUMBER_RANGE,22822,1,11,{LIKELY_TRUNCATED}
PRR-JGM MEMU,PASSENGER,REVIEW,0.600,NUMBER_RANGE,68024,1,27,{LIKELY_TRUNCATED}
PRR-KGP EXPR,SUPERFAST,REVIEW,0.700,NUMBER_RANGE,22876,1,14,{LIKELY_TRUNCATED}
PRR-VM WKLY,SUPERFAST,REVIEW,0.700,NUMBER_RANGE,22605,1,30,{ROUTE_CODE_STYLE}
PRTN - BDE P,PASSENGER,REVIEW,0.600,NUMBER_RANGE,59121,1,19,{LIKELY_TRUNCATED}
PRTN-BDE,PASSENGER,REVIEW,0.600,NUMBER_RANGE,59117,1,18,{ROUTE_CODE_STYLE}
PSA-BBS PASS,PASSENGER,REVIEW,0.600,NUMBER_RANGE,58420,1,36,{LIKELY_TRUNCATED}
PSA-CTC PASS,PASSENGER,REVIEW,0.600,NUMBER_RANGE,58534,1,43,{LIKELY_TRUNCATED}
PSA-GNPR PAS,PASSENGER,REVIEW,0.600,NUMBER_RANGE,58427,1,9,{LIKELY_TRUNCATED}
PSA-VSKP PAS,PASSENGER,REVIEW,0.600,NUMBER_RANGE,58525,2,54,{LIKELY_TRUNCATED}
PSA-VZM MEMU,PASSENGER,REVIEW,0.600,NUMBER_RANGE,67282,1,18,{LIKELY_TRUNCATED}
PTA - UMB PA,PASSENGER,REVIEW,0.600,NUMBER_RANGE,54558,1,7,{LIKELY_TRUNCATED}
PTG-PNBE DMU,PASSENGER,REVIEW,0.600,NUMBER_RANGE,73211,1,5,{LIKELY_TRUNCATED}
PTG-PNBE-DDG,PASSENGER,REVIEW,0.600,NUMBER_RANGE,73213,1,12,{LIKELY_TRUNCATED}
PTK - JUC PA,PASSENGER,REVIEW,0.600,NUMBER_RANGE,54622,1,18,{LIKELY_TRUNCATED}
PTK DLI EXPR,EXPRESS,REVIEW,0.650,NUMBER_RANGE,14036,1,20,{LIKELY_TRUNCATED}
PTK-ASR  PAS,PASSENGER,REVIEW,0.600,NUMBER_RANGE,54612,1,17,{LIKELY_TRUNCATED}
PTK-ASR DMU,PASSENGER,REVIEW,0.600,NUMBER_RANGE,74672,4,65,{ROUTE_CODE_STYLE}
PTK-ASR PASS,PASSENGER,REVIEW,0.600,NUMBER_RANGE,54614,2,34,{LIKELY_TRUNCATED}
PTK-BJPL,PASSENGER,REVIEW,0.600,NUMBER_RANGE,52463,2,53,{ROUTE_CODE_STYLE}
PTK-BJPL PAS,PASSENGER,REVIEW,0.600,NUMBER_RANGE,52465,2,60,{LIKELY_TRUNCATED}
PTK-DLI SUPE,SUPERFAST,REVIEW,0.700,NUMBER_RANGE,22430,1,17,{LIKELY_TRUNCATED}
PTK-JAT-UHP-,PASSENGER,REVIEW,0.600,NUMBER_RANGE,74909,2,38,{LIKELY_TRUNCATED}
PTK-JDNX PAS,PASSENGER,REVIEW,0.600,NUMBER_RANGE,52471,2,64,{LIKELY_TRUNCATED}
PTK-JMKR,PASSENGER,REVIEW,0.600,NUMBER_RANGE,52462,1,17,{ROUTE_CODE_STYLE}
PTK-JMKR PAS,PASSENGER,REVIEW,0.600,NUMBER_RANGE,52461,1,17,{LIKELY_TRUNCATED}
PTK-JUC DMU,PASSENGER,REVIEW,0.600,NUMBER_RANGE,74901,4,72,{ROUTE_CODE_STYLE}
PTMS-AVD EMU,PASSENGER,REVIEW,0.550,NUMBER_RANGE,43892,1,4,{LIKELY_TRUNCATED}
PTMS-MMC EMU,PASSENGER,REVIEW,0.550,NUMBER_RANGE,43102,16,224,{LIKELY_TRUNCATED}
PTMS-MSB EMU,PASSENGER,REVIEW,0.550,NUMBER_RANGE,43752,2,30,{LIKELY_TRUNCATED}
PTMS-VLCY LO,PASSENGER,REVIEW,0.550,NUMBER_RANGE,43792,2,29,{LIKELY_TRUNCATED}
PTN - ADI DE,PASSENGER,REVIEW,0.600,NUMBER_RANGE,79434,1,15,{LIKELY_TRUNCATED}
PTN - ADI PA,PASSENGER,REVIEW,0.600,NUMBER_RANGE,59474,1,15,{LIKELY_TRUNCATED}
PTN - MSH PA,PASSENGER,REVIEW,0.600,NUMBER_RANGE,59476,3,18,{LIKELY_TRUNCATED}
PTN-ADI DEMU,PASSENGER,REVIEW,0.600,NUMBER_RANGE,79436,1,15,{LIKELY_TRUNCATED}
PUI-ADI S/F,SUPERFAST,REVIEW,0.700,NUMBER_RANGE,12843,1,43,{ROUTE_CODE_STYLE}
PUNALUR PASS,PASSENGER,REVIEW,0.600,NUMBER_RANGE,56716,1,19,{LIKELY_TRUNCATED}
PUNE - BSP S,SUPERFAST,REVIEW,0.700,NUMBER_RANGE,12850,1,18,{LIKELY_TRUNCATED}
PUNE - HTE E,SUPERFAST,REVIEW,0.700,NUMBER_RANGE,22845,1,19,{LIKELY_TRUNCATED}
PUNE BGKT EX,EXPRESS,REVIEW,0.650,NUMBER_RANGE,11090,1,26,{LIKELY_TRUNCATED}
PUNE BHUJ EX,EXPRESS,REVIEW,0.650,NUMBER_RANGE,11092,1,24,{LIKELY_TRUNCATED}
PUNE BRMT PA,PASSENGER,REVIEW,0.600,NUMBER_RANGE,51451,1,16,{LIKELY_TRUNCATED}
PUNE INDORE,EXPRESS,REVIEW,0.650,NUMBER_RANGE,19311,2,34,{}
PUNE INTERCI,SUPERFAST,REVIEW,0.700,NUMBER_RANGE,12170,1,5,{LIKELY_TRUNCATED}
PUNE JAIPUR,SUPERFAST,REVIEW,0.700,NUMBER_RANGE,12939,1,13,{}
PUNE KOP PAS,PASSENGER,REVIEW,0.600,NUMBER_RANGE,51409,1,42,{LIKELY_TRUNCATED}
PUNE MMR PAS,PASSENGER,REVIEW,0.600,NUMBER_RANGE,51401,1,34,{LIKELY_TRUNCATED}
PUNE STR PAS,PASSENGER,REVIEW,0.600,NUMBER_RANGE,51435,1,19,{LIKELY_TRUNCATED}
PUNE SUR DEM,PASSENGER,REVIEW,0.600,NUMBER_RANGE,71413,2,65,{LIKELY_TRUNCATED}
PUNE-ADI DOR,SUPERFAST,REVIEW,0.700,NUMBER_RANGE,12298,1,4,{LIKELY_TRUNCATED}
PUNE-AJNI AC,SUPERFAST,REVIEW,0.700,NUMBER_RANGE,22123,1,10,{LIKELY_TRUNCATED}
PUNE-AMI AC,SUPERFAST,REVIEW,0.700,NUMBER_RANGE,22117,1,10,{ROUTE_CODE_STYLE}
PUNE-AMRAVAT,EXPRESS,REVIEW,0.650,NUMBER_RANGE,11405,1,18,{LIKELY_TRUNCATED}
PUNE-BBS S/F,SUPERFAST,REVIEW,0.700,NUMBER_RANGE,22881,1,14,{LIKELY_TRUNCATED}
PUNE-BRMT PA,PASSENGER,REVIEW,0.600,NUMBER_RANGE,51347,1,16,{LIKELY_TRUNCATED}
PUNE-BSL EXP,EXPRESS,REVIEW,0.650,NUMBER_RANGE,11026,1,19,{LIKELY_TRUNCATED}
PUNE-DBG EXP,EXPRESS,REVIEW,0.650,NUMBER_RANGE,11033,1,30,{LIKELY_TRUNCATED}
PUNE-DD DEMU,PASSENGER,REVIEW,0.600,NUMBER_RANGE,71403,2,22,{LIKELY_TRUNCATED}
PUNE-DD DMU,PASSENGER,REVIEW,0.600,NUMBER_RANGE,71407,2,22,{ROUTE_CODE_STYLE}
PUNE-DNR EXP,SUPERFAST,REVIEW,0.700,NUMBER_RANGE,12149,1,19,{LIKELY_TRUNCATED}
PUNE-ERS SF,SUPERFAST,REVIEW,0.700,NUMBER_RANGE,22150,1,18,{ROUTE_CODE_STYLE}
PUNE-GKP EXP,EXPRESS,REVIEW,0.650,NUMBER_RANGE,11037,1,17,{LIKELY_TRUNCATED}
PUNE-GKP-EXP,EXPRESS,REVIEW,0.650,NUMBER_RANGE,15030,1,20,{LIKELY_TRUNCATED}
PUNE-GWALIOR,EXPRESS,REVIEW,0.650,NUMBER_RANGE,11101,1,23,{LIKELY_TRUNCATED}
PUNE-HYB EXP,EXPRESS,REVIEW,0.650,NUMBER_RANGE,17013,1,15,{LIKELY_TRUNCATED}
PUNE-KJT PAS,PASSENGER,REVIEW,0.600,NUMBER_RANGE,51318,1,20,{LIKELY_TRUNCATED}
PUNE-KZJ SF,SUPERFAST,REVIEW,0.700,NUMBER_RANGE,22151,1,19,{ROUTE_CODE_STYLE}
PUNE-LJN EXP,EXPRESS,REVIEW,0.650,NUMBER_RANGE,11407,1,17,{LIKELY_TRUNCATED}
PUNE-LKO EXP,SUPERFAST,REVIEW,0.700,NUMBER_RANGE,12103,1,13,{LIKELY_TRUNCATED}
PUNE-LNL,EMU,REVIEW,0.750,NUMBER_RANGE,99804,2,34,{ROUTE_CODE_STYLE}
PUNE-LNL EMU,EMU,REVIEW,0.750,NUMBER_RANGE,99802,15,253,{LIKELY_TRUNCATED}
PUNE-NED EXP,SUPERFAST,REVIEW,0.700,NUMBER_RANGE,12729,1,13,{LIKELY_TRUNCATED}
PUNE-NGP EXP,SUPERFAST,REVIEW,0.700,NUMBER_RANGE,12135,1,18,{LIKELY_TRUNCATED}
PUNE-NGP GAR,SUPERFAST,REVIEW,0.700,NUMBER_RANGE,12113,1,9,{LIKELY_TRUNCATED}
PUNE-NZB PAS,PASSENGER,REVIEW,0.600,NUMBER_RANGE,51421,1,83,{LIKELY_TRUNCATED}
PUNE-NZM AC,SUPERFAST,REVIEW,0.700,NUMBER_RANGE,12493,1,10,{ROUTE_CODE_STYLE}
PUNE-NZM DUR,SUPERFAST,REVIEW,0.700,NUMBER_RANGE,12263,1,7,{LIKELY_TRUNCATED}
PUNE-SC SHAT,SUPERFAST,REVIEW,0.700,NUMBER_RANGE,12025,1,8,{LIKELY_TRUNCATED}
PUNE-TGN EMU,EMU,REVIEW,0.750,NUMBER_RANGE,99836,3,41,{LIKELY_TRUNCATED}
PUNE-VRL EXP,EXPRESS,REVIEW,0.650,NUMBER_RANGE,11088,1,25,{LIKELY_TRUNCATED}
PUNJAB MAIL,SUPERFAST,REVIEW,0.700,NUMBER_RANGE,12137,2,110,{}
PURBANCHAL E,EXPRESS,REVIEW,0.650,NUMBER_RANGE,15047,1,19,{LIKELY_TRUNCATED}
PURI - KYQ E,EXPRESS,REVIEW,0.650,NUMBER_RANGE,15639,1,26,{LIKELY_TRUNCATED}
PURI BKN EXP,EXPRESS,REVIEW,0.650,NUMBER_RANGE,14710,1,31,{LIKELY_TRUNCATED}
PURI GIMB  E,SUPERFAST,REVIEW,0.700,NUMBER_RANGE,12994,1,27,{LIKELY_TRUNCATED}
PURI GIMB EX,SUPERFAST,REVIEW,0.700,NUMBER_RANGE,22974,1,38,{LIKELY_TRUNCATED}
PURI SRC  PA,PASSENGER,REVIEW,0.600,NUMBER_RANGE,58002,1,90,{LIKELY_TRUNCATED}
PURI VALSAD,SUPERFAST,REVIEW,0.700,NUMBER_RANGE,22910,1,24,{}
PURI-ADI WEE,EXPRESS,REVIEW,0.650,NUMBER_RANGE,18405,1,40,{LIKELY_TRUNCATED}
PURI-AII BI-,EXPRESS,REVIEW,0.650,NUMBER_RANGE,18421,1,41,{LIKELY_TRUNCATED}
PURI-ANGL PA,PASSENGER,REVIEW,0.600,NUMBER_RANGE,58422,1,30,{LIKELY_TRUNCATED}
PURI-BBN INT,EXPRESS,REVIEW,0.650,NUMBER_RANGE,18416,1,30,{LIKELY_TRUNCATED}
PURI-BBS-HWH,SUPERFAST,REVIEW,0.700,NUMBER_RANGE,12822,1,16,{LIKELY_TRUNCATED}
PURI-CTC PAS,PASSENGER,REVIEW,0.600,NUMBER_RANGE,58416,1,21,{LIKELY_TRUNCATED}
PURI-DGHA S/,SUPERFAST,REVIEW,0.700,NUMBER_RANGE,22890,1,13,{LIKELY_TRUNCATED}
PURI-DURG EX,EXPRESS,REVIEW,0.650,NUMBER_RANGE,18425,1,28,{LIKELY_TRUNCATED}
PURI-GNPR PA,PASSENGER,REVIEW,0.600,NUMBER_RANGE,58417,1,59,{LIKELY_TRUNCATED}
PURI-HTE TAP,EXPRESS,REVIEW,0.650,NUMBER_RANGE,18452,1,25,{LIKELY_TRUNCATED}
PURI-HW UTKA,EXPRESS,REVIEW,0.650,NUMBER_RANGE,18477,1,76,{LIKELY_TRUNCATED}
PURI-HWH EXP,SUPERFAST,REVIEW,0.700,NUMBER_RANGE,12838,1,14,{LIKELY_TRUNCATED}
PURI-HWH GAR,SUPERFAST,REVIEW,0.700,NUMBER_RANGE,12882,1,9,{LIKELY_TRUNCATED}
PURI-HWH S/F,SUPERFAST,REVIEW,0.700,NUMBER_RANGE,12888,1,11,{LIKELY_TRUNCATED}
PURI-HWH SHA,SUPERFAST,REVIEW,0.700,NUMBER_RANGE,12278,1,8,{LIKELY_TRUNCATED}
PURI-HWH WEE,SUPERFAST,REVIEW,0.700,NUMBER_RANGE,12896,1,11,{LIKELY_TRUNCATED}
PURI-JODHPUR,EXPRESS,REVIEW,0.650,NUMBER_RANGE,20813,1,43,{LIKELY_TRUNCATED}
PURI-JYG WEE,EXPRESS,REVIEW,0.650,NUMBER_RANGE,18419,1,24,{LIKELY_TRUNCATED}
PURI-KUR PAS,PASSENGER,REVIEW,0.600,NUMBER_RANGE,58404,2,22,{LIKELY_TRUNCATED}
PURI-KYQ EXP,EXPRESS,REVIEW,0.650,NUMBER_RANGE,15643,1,27,{LIKELY_TRUNCATED}
PURI-LTT S/F,SUPERFAST,REVIEW,0.700,NUMBER_RANGE,22866,1,18,{LIKELY_TRUNCATED}
PURI-LTT WEE,SUPERFAST,REVIEW,0.700,NUMBER_RANGE,12146,1,27,{LIKELY_TRUNCATED}
PURI-MAS S/F,SUPERFAST,REVIEW,0.700,NUMBER_RANGE,22859,1,21,{LIKELY_TRUNCATED}
PURI-NDLS NE,SUPERFAST,REVIEW,0.700,NUMBER_RANGE,12875,1,42,{LIKELY_TRUNCATED}
PURI-NDLS PU,SUPERFAST,REVIEW,0.700,NUMBER_RANGE,12801,1,32,{LIKELY_TRUNCATED}
PURI-OKHA WE,EXPRESS,REVIEW,0.650,NUMBER_RANGE,18401,1,41,{LIKELY_TRUNCATED}
PURI-PNBE BA,EXPRESS,REVIEW,0.650,NUMBER_RANGE,18449,1,27,{LIKELY_TRUNCATED}
PURI-PRDP IN,EXPRESS,REVIEW,0.650,NUMBER_RANGE,18414,1,12,{LIKELY_TRUNCATED}
PURI-SBP INT,EXPRESS,REVIEW,0.650,NUMBER_RANGE,18304,1,16,{LIKELY_TRUNCATED}
PURI-SBP- RO,PASSENGER,REVIEW,0.600,NUMBER_RANGE,58132,1,78,{LIKELY_TRUNCATED}
PURI-SHM S/F,SUPERFAST,REVIEW,0.700,NUMBER_RANGE,22836,1,11,{LIKELY_TRUNCATED}
PURI-SNSI WE,EXPRESS,REVIEW,0.650,NUMBER_RANGE,18407,1,26,{LIKELY_TRUNCATED}
PURI-SURAT S,SUPERFAST,REVIEW,0.700,NUMBER_RANGE,22827,1,18,{LIKELY_TRUNCATED}
PURI-TLHR PA,PASSENGER,REVIEW,0.600,NUMBER_RANGE,58414,1,43,{LIKELY_TRUNCATED}
PURI-TPTY  E,EXPRESS,REVIEW,0.650,NUMBER_RANGE,17479,1,72,{LIKELY_TRUNCATED}
PURI-YPR GAR,SUPERFAST,REVIEW,0.700,NUMBER_RANGE,22883,1,27,{LIKELY_TRUNCATED}
PURNEA-SAHAR,PASSENGER,REVIEW,0.600,NUMBER_RANGE,55563,3,39,{LIKELY_TRUNCATED}
PURULIA HWH,SUPERFAST,REVIEW,0.700,NUMBER_RANGE,12884,1,13,{}
PURVANCHAL E,EXPRESS,REVIEW,0.650,NUMBER_RANGE,15048,1,19,{LIKELY_TRUNCATED}
PUSHKER - AJ,PASSENGER,REVIEW,0.600,NUMBER_RANGE,59608,1,5,{LIKELY_TRUNCATED}
PUSHPAK SF E,SUPERFAST,REVIEW,0.700,NUMBER_RANGE,12533,2,31,{LIKELY_TRUNCATED}
PUSHPULL,PASSENGER,REVIEW,0.600,NUMBER_RANGE,67251,22,321,{}
PUU-PGT PALA,EXPRESS,REVIEW,0.650,NUMBER_RANGE,16791,1,29,{LIKELY_TRUNCATED}
PUU-QLN PASS,PASSENGER,REVIEW,0.600,NUMBER_RANGE,56331,2,20,{LIKELY_TRUNCATED}
PV-MSB EMU L,PASSENGER,REVIEW,0.550,NUMBER_RANGE,40044,1,2,{LIKELY_TRUNCATED}
PVR - MIRAJ,SUPERFAST,REVIEW,0.700,NUMBER_RANGE,22145,1,9,{}
PVR-NZB PASS,PASSENGER,REVIEW,0.600,NUMBER_RANGE,51434,1,52,{LIKELY_TRUNCATED}
PVR-SNSI EXP,EXPRESS,REVIEW,0.650,NUMBER_RANGE,11002,1,12,{LIKELY_TRUNCATED}
PWL-AGC MEMU,PASSENGER,REVIEW,0.600,NUMBER_RANGE,64958,1,19,{LIKELY_TRUNCATED}
PWL-ALJN EMU,PASSENGER,REVIEW,0.600,NUMBER_RANGE,64167,1,32,{LIKELY_TRUNCATED}
PWL-DLI EMU,PASSENGER,REVIEW,0.600,NUMBER_RANGE,64061,1,13,{ROUTE_CODE_STYLE}
PWL-GZB 12CA,PASSENGER,REVIEW,0.600,NUMBER_RANGE,64051,4,68,{LIKELY_TRUNCATED}
PWL-NDLS 10C,PASSENGER,REVIEW,0.600,NUMBER_RANGE,64075,1,11,{LIKELY_TRUNCATED}
PWL-NDLS EMU,PASSENGER,REVIEW,0.600,NUMBER_RANGE,64077,1,11,{LIKELY_TRUNCATED}
PWL-NDLS LAD,PASSENGER,REVIEW,0.600,NUMBER_RANGE,64491,1,11,{LIKELY_TRUNCATED}
PWL-NZM 10CA,PASSENGER,REVIEW,0.600,NUMBER_RANGE,64493,1,8,{LIKELY_TRUNCATED}
PWL-SSB 10 C,PASSENGER,REVIEW,0.600,NUMBER_RANGE,64011,1,16,{LIKELY_TRUNCATED}
PWL-SSB 12CA,PASSENGER,REVIEW,0.600,NUMBER_RANGE,64013,3,48,{LIKELY_TRUNCATED}
PWL-SSB EMU,PASSENGER,REVIEW,0.600,NUMBER_RANGE,64019,1,15,{ROUTE_CODE_STYLE}
PYG-LKO PASS,PASSENGER,REVIEW,0.600,NUMBER_RANGE,54253,1,32,{LIKELY_TRUNCATED}
QDN-ASR DMU,PASSENGER,REVIEW,0.600,NUMBER_RANGE,74692,1,6,{ROUTE_CODE_STYLE}
QLM-VSG,PASSENGER,REVIEW,0.600,NUMBER_RANGE,56961,2,23,{ROUTE_CODE_STYLE}
QLM-VSG PASS,PASSENGER,REVIEW,0.600,NUMBER_RANGE,56963,1,12,{LIKELY_TRUNCATED}
QLN ALLP PAS,PASSENGER,REVIEW,0.600,NUMBER_RANGE,56300,1,14,{LIKELY_TRUNCATED}
QLN TVC PASS,PASSENGER,REVIEW,0.600,NUMBER_RANGE,56307,1,18,{LIKELY_TRUNCATED}
QLN-CAPE PAS,PASSENGER,REVIEW,0.600,NUMBER_RANGE,66304,1,32,{LIKELY_TRUNCATED}
QLN-EDN PASS,PASSENGER,REVIEW,0.600,NUMBER_RANGE,56334,3,65,{LIKELY_TRUNCATED}
QLN-ERS MEMU,PASSENGER,REVIEW,0.600,NUMBER_RANGE,66308,2,42,{LIKELY_TRUNCATED}
QLN-ERS PASS,PASSENGER,REVIEW,0.600,NUMBER_RANGE,56392,3,75,{LIKELY_TRUNCATED}
QLN-KTYM PAS,PASSENGER,REVIEW,0.600,NUMBER_RANGE,56394,1,14,{LIKELY_TRUNCATED}
QLN-MDU PASS,PASSENGER,REVIEW,0.600,NUMBER_RANGE,56701,1,49,{LIKELY_TRUNCATED}
QLN-MS ANANT,EXPRESS,REVIEW,0.650,NUMBER_RANGE,16724,1,32,{LIKELY_TRUNCATED}
QLN-PUU PASS,PASSENGER,REVIEW,0.600,NUMBER_RANGE,56332,2,20,{LIKELY_TRUNCATED}
QLN-TVC PASS,PASSENGER,REVIEW,0.600,NUMBER_RANGE,56309,1,18,{LIKELY_TRUNCATED}
QLN-VSKP WEE,EXPRESS,REVIEW,0.650,NUMBER_RANGE,18568,1,33,{LIKELY_TRUNCATED}
R BLOCK-DIGH,PASSENGER,REVIEW,0.600,NUMBER_RANGE,73216,1,7,{LIKELY_TRUNCATED}
R- DURG MEMU,PASSENGER,REVIEW,0.600,NUMBER_RANGE,68717,1,10,{LIKELY_TRUNCATED}
R-BSP MEMU L,PASSENGER,REVIEW,0.600,NUMBER_RANGE,68728,1,15,{LIKELY_TRUNCATED}
R-BSP PASSEN,PASSENGER,REVIEW,0.600,NUMBER_RANGE,58202,1,15,{LIKELY_TRUNCATED}
R-DGG MEMU L,PASSENGER,REVIEW,0.600,NUMBER_RANGE,68705,4,72,{LIKELY_TRUNCATED}
R-DRZ-GUDM D,PASSENGER,REVIEW,0.600,NUMBER_RANGE,78815,1,19,{LIKELY_TRUNCATED}
R-DURG MEMU,PASSENGER,REVIEW,0.600,NUMBER_RANGE,68701,4,40,{}
R-GAD MEMU,PASSENGER,REVIEW,0.600,NUMBER_RANGE,68746,1,28,{}
R-GAD PASSEN,PASSENGER,REVIEW,0.600,NUMBER_RANGE,58204,1,29,{LIKELY_TRUNCATED}
R-ITR PASSEN,PASSENGER,REVIEW,0.600,NUMBER_RANGE,58205,1,42,{LIKELY_TRUNCATED}
R-JNRD PASSE,PASSENGER,REVIEW,0.600,NUMBER_RANGE,58207,1,30,{LIKELY_TRUNCATED}
R-TIG PASS,PASSENGER,REVIEW,0.600,NUMBER_RANGE,58218,1,14,{}
R-VSKP PASS,PASSENGER,REVIEW,0.600,NUMBER_RANGE,58527,1,56,{}
RAIL CAR,PASSENGER,REVIEW,0.600,NUMBER_RANGE,77271,1,12,{}
RAIL CAR 2,PASSENGER,REVIEW,0.600,NUMBER_RANGE,77272,1,12,{}
RAILBUS,PASSENGER,REVIEW,0.600,NUMBER_RANGE,72171,3,12,{}
RAJIM-ABHANP,PASSENGER,REVIEW,0.600,NUMBER_RANGE,58720,2,6,{LIKELY_TRUNCATED}
RAJIM-KENDRI,PASSENGER,REVIEW,0.600,NUMBER_RANGE,58718,1,4,{LIKELY_TRUNCATED}
RAJKOT EXPRE,EXPRESS,REVIEW,0.650,NUMBER_RANGE,16614,1,36,{LIKELY_TRUNCATED}
RAJKOT REWA,SUPERFAST,REVIEW,0.700,NUMBER_RANGE,22937,1,23,{}
RAJSTHN S KR,SUPERFAST,REVIEW,0.700,NUMBER_RANGE,12463,1,8,{LIKELY_TRUNCATED}
RAJYA RANI E,SUPERFAST,REVIEW,0.700,NUMBER_RANGE,22453,2,20,{LIKELY_TRUNCATED}
RAL PASS,PASSENGER,REVIEW,0.600,NUMBER_RANGE,77246,2,30,{}
RAL-SC PASS,EXPRESS,REVIEW,0.650,NUMBER_RANGE,17626,2,59,{ROUTE_CODE_STYLE}
RAMGIRI,PASSENGER,REVIEW,0.600,NUMBER_RANGE,57121,2,47,{}
RAMNAGAR EXP,EXPRESS,REVIEW,0.650,NUMBER_RANGE,19061,1,28,{LIKELY_TRUNCATED}
RANAKPUR EXP,EXPRESS,REVIEW,0.650,NUMBER_RANGE,14707,2,68,{LIKELY_TRUNCATED}
RANI CHENAMM,EXPRESS,REVIEW,0.650,NUMBER_RANGE,16589,2,60,{LIKELY_TRUNCATED}
RANIKHET EXP,EXPRESS,REVIEW,0.650,NUMBER_RANGE,15013,2,78,{LIKELY_TRUNCATED}
RANTHAMBORE,SUPERFAST,REVIEW,0.700,NUMBER_RANGE,12465,1,29,{}
RAPTI SAGAR,SUPERFAST,REVIEW,0.700,NUMBER_RANGE,12521,2,125,{}
RAPTISAGAR E,SUPERFAST,REVIEW,0.700,NUMBER_RANGE,12511,2,121,{LIKELY_TRUNCATED}
RATLAM MTJ P,PASSENGER,REVIEW,0.600,NUMBER_RANGE,59355,1,65,{LIKELY_TRUNCATED}
RATNAGIRI PA,PASSENGER,REVIEW,0.600,NUMBER_RANGE,50103,1,38,{LIKELY_TRUNCATED}
RATNAGIRI- M,PASSENGER,REVIEW,0.600,NUMBER_RANGE,50101,1,22,{LIKELY_TRUNCATED}
RAVI EXPRESS,EXPRESS,REVIEW,0.880,NAME_RULE,14633,2,14,{LIKELY_TRUNCATED}
RB 79481,PASSENGER,REVIEW,0.600,NUMBER_RANGE,79481,1,2,{}
RB 79482,PASSENGER,REVIEW,0.600,NUMBER_RANGE,79482,1,2,{}
RB 79483,PASSENGER,REVIEW,0.600,NUMBER_RANGE,79483,1,2,{}
RB 79484,PASSENGER,REVIEW,0.600,NUMBER_RANGE,79484,1,2,{}
RB 79485,PASSENGER,REVIEW,0.600,NUMBER_RANGE,79485,1,2,{}
RB 79486,PASSENGER,REVIEW,0.600,NUMBER_RANGE,79486,1,2,{}
RB 79487,PASSENGER,REVIEW,0.600,NUMBER_RANGE,79487,1,2,{}
RB 79488,PASSENGER,REVIEW,0.600,NUMBER_RANGE,79488,1,2,{}
RB 79489,PASSENGER,REVIEW,0.600,NUMBER_RANGE,79489,1,2,{}
RB 79490,PASSENGER,REVIEW,0.600,NUMBER_RANGE,79490,1,2,{}
RBL-CNB PASS,PASSENGER,REVIEW,0.600,NUMBER_RANGE,54211,1,23,{LIKELY_TRUNCATED}
RBL-DMW-LLJ-,PASSENGER,REVIEW,0.600,NUMBER_RANGE,54221,3,30,{LIKELY_TRUNCATED}
RBL-JNU,EXPRESS,REVIEW,0.650,NUMBER_RANGE,14202,1,11,{ROUTE_CODE_STYLE}
RBL-PBH-LTT,EXPRESS,REVIEW,0.650,NUMBER_RANGE,21068,1,4,{ROUTE_CODE_STYLE}
RBL-UCR PASS,PASSENGER,REVIEW,0.600,NUMBER_RANGE,54226,2,10,{LIKELY_TRUNCATED}
RBL-UCR-CNB,PASSENGER,REVIEW,0.600,NUMBER_RANGE,54153,1,27,{ROUTE_CODE_STYLE}
RC PASS,PASSENGER,REVIEW,0.600,NUMBER_RANGE,57631,1,37,{}
RC-GWD DEMU,PASSENGER,REVIEW,0.600,NUMBER_RANGE,77690,1,5,{ROUTE_CODE_STYLE}
RC-KCG DEMU,PASSENGER,REVIEW,0.600,NUMBER_RANGE,77694,1,21,{ROUTE_CODE_STYLE}
RDP - KIR PA,PASSENGER,REVIEW,0.600,NUMBER_RANGE,55728,2,40,{LIKELY_TRUNCATED}
RDP - SGUJ D,PASSENGER,REVIEW,0.600,NUMBER_RANGE,75707,1,28,{LIKELY_TRUNCATED}
RDP-KIR EXPR,SUPERFAST,REVIEW,0.700,NUMBER_RANGE,22487,1,7,{LIKELY_TRUNCATED}
RDP-KIR PASS,PASSENGER,REVIEW,0.600,NUMBER_RANGE,55707,1,24,{LIKELY_TRUNCATED}
RE BKN PASSE,PASSENGER,REVIEW,0.600,NUMBER_RANGE,54789,1,45,{LIKELY_TRUNCATED}
RE SDLP HSR,PASSENGER,REVIEW,0.600,NUMBER_RANGE,74845,2,56,{}
RE SIKR PASS,PASSENGER,REVIEW,0.600,NUMBER_RANGE,59728,2,42,{LIKELY_TRUNCATED}
RE-BNW PASSE,PASSENGER,REVIEW,0.600,NUMBER_RANGE,54788,1,10,{LIKELY_TRUNCATED}
RE-BTI PASS,PASSENGER,REVIEW,0.600,NUMBER_RANGE,54782,1,42,{ROUTE_CODE_STYLE}
RE-DLI DMU,PASSENGER,REVIEW,0.600,NUMBER_RANGE,74002,2,36,{ROUTE_CODE_STYLE}
RE-DLI PASSE,PASSENGER,REVIEW,0.600,NUMBER_RANGE,54086,5,90,{LIKELY_TRUNCATED}
RE-FKA PASSE,PASSENGER,REVIEW,0.600,NUMBER_RANGE,54784,1,60,{LIKELY_TRUNCATED}
RE-FL PASSEN,PASSENGER,REVIEW,0.600,NUMBER_RANGE,59716,2,56,{LIKELY_TRUNCATED}
RE-FL SPL PA,PASSENGER,REVIEW,0.600,NUMBER_RANGE,59720,1,28,{LIKELY_TRUNCATED}
RE-HSR PASS.,PASSENGER,REVIEW,0.600,NUMBER_RANGE,54836,1,21,{LIKELY_TRUNCATED}
RE-JIND  DEM,PASSENGER,REVIEW,0.600,NUMBER_RANGE,74015,1,16,{LIKELY_TRUNCATED}
RE-JU PASS,PASSENGER,REVIEW,0.600,NUMBER_RANGE,54809,1,64,{ROUTE_CODE_STYLE}
RE-MTC PASSE,PASSENGER,REVIEW,0.600,NUMBER_RANGE,54411,1,37,{LIKELY_TRUNCATED}
RE-ROK DEMU,PASSENGER,REVIEW,0.600,NUMBER_RANGE,74017,1,8,{ROUTE_CODE_STYLE}
RE-ROK PASS,PASSENGER,REVIEW,0.600,NUMBER_RANGE,54019,1,8,{ROUTE_CODE_STYLE}
RE-SGNR  PAS,PASSENGER,REVIEW,0.600,NUMBER_RANGE,54751,1,48,{LIKELY_TRUNCATED}
REWA JBP PAS,PASSENGER,REVIEW,0.600,NUMBER_RANGE,51702,1,26,{LIKELY_TRUNCATED}
REWA RJT SUP,SUPERFAST,REVIEW,0.700,NUMBER_RANGE,22938,1,23,{LIKELY_TRUNCATED}
REWA-ANVT EX,SUPERFAST,REVIEW,0.700,NUMBER_RANGE,12427,1,12,{LIKELY_TRUNCATED}
REWA-BSP,EXPRESS,REVIEW,0.650,NUMBER_RANGE,18248,1,39,{ROUTE_CODE_STYLE}
REWA-CHRM PA,PASSENGER,REVIEW,0.600,NUMBER_RANGE,51753,1,30,{LIKELY_TRUNCATED}
REWA-DADN  E,EXPRESS,REVIEW,0.650,NUMBER_RANGE,11703,1,20,{LIKELY_TRUNCATED}
REWA-HBJ REW,SUPERFAST,REVIEW,0.700,NUMBER_RANGE,12186,1,15,{LIKELY_TRUNCATED}
REWA-JBP INT,SUPERFAST,REVIEW,0.700,NUMBER_RANGE,22190,1,11,{LIKELY_TRUNCATED}
REWA-NGP EXP,SUPERFAST,REVIEW,0.700,NUMBER_RANGE,22136,1,16,{LIKELY_TRUNCATED}
RGD - DNR IN,EXPRESS,REVIEW,0.650,NUMBER_RANGE,13233,1,15,{LIKELY_TRUNCATED}
RGD-BKP PASS,PASSENGER,REVIEW,0.600,NUMBER_RANGE,53221,2,16,{LIKELY_TRUNCATED}
RGD-DNR PASS,PASSENGER,REVIEW,0.600,NUMBER_RANGE,53229,1,19,{LIKELY_TRUNCATED}
RGD-FUT PASS,PASSENGER,REVIEW,0.600,NUMBER_RANGE,53209,1,8,{LIKELY_TRUNCATED}
RGD-HWH PASS,PASSENGER,REVIEW,0.600,NUMBER_RANGE,53044,1,73,{LIKELY_TRUNCATED}
RGDA-BZA PAS,PASSENGER,REVIEW,0.600,NUMBER_RANGE,57272,1,71,{LIKELY_TRUNCATED}
RGDA-SBP EXP,EXPRESS,REVIEW,0.650,NUMBER_RANGE,18302,1,20,{LIKELY_TRUNCATED}
RGDA-VSKP PA,PASSENGER,REVIEW,0.600,NUMBER_RANGE,58503,1,25,{LIKELY_TRUNCATED}
RHA - BNJ LO,PASSENGER,REVIEW,0.550,NUMBER_RANGE,33711,13,109,{LIKELY_TRUNCATED}
RHA - GEDE L,PASSENGER,REVIEW,0.550,NUMBER_RANGE,31741,3,36,{LIKELY_TRUNCATED}
RHA - KNJ,PASSENGER,REVIEW,0.550,NUMBER_RANGE,31725,1,7,{}
RHA - KNJ LO,PASSENGER,REVIEW,0.550,NUMBER_RANGE,31721,1,6,{LIKELY_TRUNCATED}
RHA - SDAH L,PASSENGER,REVIEW,0.550,NUMBER_RANGE,31602,8,170,{LIKELY_TRUNCATED}
RHA -GEDE LO,PASSENGER,REVIEW,0.550,NUMBER_RANGE,31749,3,39,{LIKELY_TRUNCATED}
RHA -LGL EMU,PASSENGER,REVIEW,0.550,NUMBER_RANGE,31771,1,28,{LIKELY_TRUNCATED}
RHA -SDAH LO,PASSENGER,REVIEW,0.550,NUMBER_RANGE,31614,3,59,{LIKELY_TRUNCATED}
RHA-BNJ  LOC,PASSENGER,REVIEW,0.550,NUMBER_RANGE,33739,1,9,{LIKELY_TRUNCATED}
RHA-BNJ LOCA,PASSENGER,REVIEW,0.550,NUMBER_RANGE,33737,1,8,{LIKELY_TRUNCATED}
RHA-GEDE LOC,PASSENGER,REVIEW,0.550,NUMBER_RANGE,31747,2,26,{LIKELY_TRUNCATED}
RHA-GXD LOCA,PASSENGER,REVIEW,0.550,NUMBER_RANGE,31757,1,13,{LIKELY_TRUNCATED}
RHA-KNJ LOCA,PASSENGER,REVIEW,0.550,NUMBER_RANGE,31571,2,12,{LIKELY_TRUNCATED}
RHA-LGL EMU,PASSENGER,REVIEW,0.550,NUMBER_RANGE,31765,2,54,{ROUTE_CODE_STYLE}
RHA-NH LOCAL,PASSENGER,REVIEW,0.550,NUMBER_RANGE,31712,2,15,{LIKELY_TRUNCATED}
RHA-SDAH LOC,PASSENGER,REVIEW,0.550,NUMBER_RANGE,31632,3,71,{LIKELY_TRUNCATED}
RHA-STB LOCA,PASSENGER,REVIEW,0.550,NUMBER_RANGE,31781,2,11,{LIKELY_TRUNCATED}
RIG - G JANS,SUPERFAST,REVIEW,0.700,NUMBER_RANGE,12069,1,15,{LIKELY_TRUNCATED}
RIG-BSP MEMU,PASSENGER,REVIEW,0.600,NUMBER_RANGE,68735,2,36,{LIKELY_TRUNCATED}
RJL-TPH,PASSENGER,REVIEW,0.600,NUMBER_RANGE,53496,1,2,{ROUTE_CODE_STYLE}
RJL-TPH PASS,PASSENGER,REVIEW,0.600,NUMBER_RANGE,53494,1,2,{LIKELY_TRUNCATED}
RJL-TPH PGR,PASSENGER,REVIEW,0.600,NUMBER_RANGE,53482,6,12,{ROUTE_CODE_STYLE}
RJPB INDB EX,EXPRESS,REVIEW,0.650,NUMBER_RANGE,19322,1,17,{LIKELY_TRUNCATED}
RJPB LTT EXP,EXPRESS,REVIEW,0.650,NUMBER_RANGE,13201,1,67,{LIKELY_TRUNCATED}
RJPB-JYG INT,EXPRESS,REVIEW,0.650,NUMBER_RANGE,13226,1,20,{LIKELY_TRUNCATED}
RJPB-KYQ CAP,EXPRESS,REVIEW,0.650,NUMBER_RANGE,13248,1,44,{LIKELY_TRUNCATED}
RJPB-NJP CAP,EXPRESS,REVIEW,0.650,NUMBER_RANGE,13246,1,35,{LIKELY_TRUNCATED}
RJPB-UMB FTR,SPECIAL,REVIEW,0.500,NUMBER_RANGE,502,1,9,{LIKELY_TRUNCATED}
RJSTHN S KRN,SUPERFAST,REVIEW,0.700,NUMBER_RANGE,12464,1,8,{LIKELY_TRUNCATED}
RJT CBE WKLY,EXPRESS,REVIEW,0.650,NUMBER_RANGE,16613,1,35,{LIKELY_TRUNCATED}
RJT DEE EXPR,EXPRESS,REVIEW,0.650,NUMBER_RANGE,19579,1,24,{LIKELY_TRUNCATED}
RJT PBR FAST,PASSENGER,REVIEW,0.600,NUMBER_RANGE,59211,1,21,{LIKELY_TRUNCATED}
RJT SMNH PAS,PASSENGER,REVIEW,0.600,NUMBER_RANGE,59423,1,22,{LIKELY_TRUNCATED}
RJT VRL PASS,PASSENGER,REVIEW,0.600,NUMBER_RANGE,59421,1,21,{LIKELY_TRUNCATED}
RJT- SMNH PA,PASSENGER,REVIEW,0.600,NUMBER_RANGE,59507,1,18,{LIKELY_TRUNCATED}
RJT-PBR EXP,EXPRESS,REVIEW,0.650,NUMBER_RANGE,19571,1,15,{ROUTE_CODE_STYLE}
RJT-SC RAJKO,EXPRESS,REVIEW,0.650,NUMBER_RANGE,17017,1,27,{LIKELY_TRUNCATED}
RJU - MHV PA,PASSENGER,REVIEW,0.600,NUMBER_RANGE,59243,1,7,{LIKELY_TRUNCATED}
RJY PASS,PASSENGER,REVIEW,0.600,NUMBER_RANGE,77293,1,17,{}
RJY-RVD PASS,PASSENGER,REVIEW,0.600,NUMBER_RANGE,67295,1,15,{LIKELY_TRUNCATED}
RKSH - HW PA,PASSENGER,REVIEW,0.600,NUMBER_RANGE,54482,1,5,{LIKELY_TRUNCATED}
RKSH-CH PASS,PASSENGER,REVIEW,0.600,NUMBER_RANGE,54464,1,36,{LIKELY_TRUNCATED}
RKSH-DLI PAS,PASSENGER,REVIEW,0.600,NUMBER_RANGE,54472,1,46,{LIKELY_TRUNCATED}
RKSH-HW PASS,PASSENGER,REVIEW,0.600,NUMBER_RANGE,54484,2,10,{LIKELY_TRUNCATED}
RMGM,PASSENGER,REVIEW,0.600,NUMBER_RANGE,66538,2,18,{}
RMGM - SBC M,PASSENGER,REVIEW,0.600,NUMBER_RANGE,66536,1,9,{LIKELY_TRUNCATED}
RMM - MDU  P,PASSENGER,REVIEW,0.600,NUMBER_RANGE,56726,1,17,{LIKELY_TRUNCATED}
RMM MS EXP,EXPRESS,REVIEW,0.650,NUMBER_RANGE,16102,1,25,{}
RMM-BBS WEEK,EXPRESS,REVIEW,0.650,NUMBER_RANGE,18495,1,25,{LIKELY_TRUNCATED}
RMM-CAPE SUP,SUPERFAST,REVIEW,0.700,NUMBER_RANGE,22621,1,12,{LIKELY_TRUNCATED}
RMM-CBE WKLY,EXPRESS,REVIEW,0.650,NUMBER_RANGE,16617,1,17,{LIKELY_TRUNCATED}
RMM-MDU PASS,PASSENGER,REVIEW,0.600,NUMBER_RANGE,56722,2,34,{LIKELY_TRUNCATED}
RMM-MS SUPER,SUPERFAST,REVIEW,0.700,NUMBER_RANGE,22662,1,20,{LIKELY_TRUNCATED}
RMM-MUV EXPR,EXPRESS,REVIEW,0.650,NUMBER_RANGE,15119,1,37,{LIKELY_TRUNCATED}
RMM-OKHA EXP,EXPRESS,REVIEW,0.650,NUMBER_RANGE,16733,1,42,{LIKELY_TRUNCATED}
RMM-TPJ PASS,PASSENGER,REVIEW,0.600,NUMBER_RANGE,56830,1,25,{LIKELY_TRUNCATED}
RMM-TPTY TRI,EXPRESS,REVIEW,0.650,NUMBER_RANGE,16780,1,23,{LIKELY_TRUNCATED}
RMR BDTS EXP,EXPRESS,REVIEW,0.650,NUMBER_RANGE,19062,1,28,{LIKELY_TRUNCATED}
RMR-AF WEEKL,EXPRESS,REVIEW,0.650,NUMBER_RANGE,15055,2,42,{LIKELY_TRUNCATED}
RMR-CDG - WE,SUPERFAST,REVIEW,0.700,NUMBER_RANGE,12527,1,11,{LIKELY_TRUNCATED}
RMR-HW EXP,EXPRESS,REVIEW,0.650,NUMBER_RANGE,15034,1,8,{ROUTE_CODE_STYLE}
RMR-KPV  PAS,PASSENGER,REVIEW,0.600,NUMBER_RANGE,55314,1,4,{LIKELY_TRUNCATED}
RMR-MB  PASS,PASSENGER,REVIEW,0.600,NUMBER_RANGE,55306,5,45,{LIKELY_TRUNCATED}
RN DADAR PAS,PASSENGER,REVIEW,0.600,NUMBER_RANGE,50104,1,38,{LIKELY_TRUNCATED}
RNC AII EXPR,EXPRESS,REVIEW,0.650,NUMBER_RANGE,18631,1,39,{LIKELY_TRUNCATED}
RNC BICI -TO,PASSENGER,REVIEW,0.600,NUMBER_RANGE,58653,1,12,{LIKELY_TRUNCATED}
RNC BSB EXPR,EXPRESS,REVIEW,0.650,NUMBER_RANGE,18611,1,30,{LIKELY_TRUNCATED}
RNC CPU EXPR,EXPRESS,REVIEW,0.650,NUMBER_RANGE,18613,2,40,{LIKELY_TRUNCATED}
RNC DUMKA IN,EXPRESS,REVIEW,0.650,NUMBER_RANGE,18619,1,17,{LIKELY_TRUNCATED}
RNC HWH SHAT,SUPERFAST,REVIEW,0.700,NUMBER_RANGE,12020,1,10,{LIKELY_TRUNCATED}
RNC JYG TRI,EXPRESS,REVIEW,0.650,NUMBER_RANGE,18605,1,17,{}
RNC LAD PASS,PASSENGER,REVIEW,0.600,NUMBER_RANGE,58651,1,10,{LIKELY_TRUNCATED}
RNC LTT EXPR,EXPRESS,REVIEW,0.650,NUMBER_RANGE,18609,1,29,{LIKELY_TRUNCATED}
RNC NDLS RAJ,SUPERFAST,REVIEW,0.700,NUMBER_RANGE,12439,1,8,{LIKELY_TRUNCATED}
RNC NDLS SAM,SUPERFAST,REVIEW,0.700,NUMBER_RANGE,12825,1,9,{LIKELY_TRUNCATED}
RNC-ASN PASS,PASSENGER,REVIEW,0.600,NUMBER_RANGE,63597,1,29,{LIKELY_TRUNCATED}
RNC-BDME EXP,EXPRESS,REVIEW,0.650,NUMBER_RANGE,13320,1,20,{LIKELY_TRUNCATED}
RNC-BKSC PAS,PASSENGER,REVIEW,0.600,NUMBER_RANGE,58034,1,15,{LIKELY_TRUNCATED}
RNC-BWN PASS,PASSENGER,REVIEW,0.600,NUMBER_RANGE,53062,1,50,{LIKELY_TRUNCATED}
RNC-DHN INTE,EXPRESS,REVIEW,0.650,NUMBER_RANGE,13304,1,10,{LIKELY_TRUNCATED}
RNC-KYQ EXPR,EXPRESS,REVIEW,0.650,NUMBER_RANGE,15661,1,29,{LIKELY_TRUNCATED}
RNC-LAD PASS,PASSENGER,REVIEW,0.600,NUMBER_RANGE,58655,2,20,{LIKELY_TRUNCATED}
RNC-NDLS,SUPERFAST,REVIEW,0.700,NUMBER_RANGE,12453,1,7,{ROUTE_CODE_STYLE}
RNC-NDLS GBR,SUPERFAST,REVIEW,0.700,NUMBER_RANGE,12877,1,15,{LIKELY_TRUNCATED}
RNC-PNBE JAN,SUPERFAST,REVIEW,0.700,NUMBER_RANGE,12366,1,12,{LIKELY_TRUNCATED}
RNCHWH INTER,SUPERFAST,REVIEW,0.700,NUMBER_RANGE,22892,1,15,{LIKELY_TRUNCATED}
RNY - DKGN P,PASSENGER,REVIEW,0.600,NUMBER_RANGE,55721,1,18,{LIKELY_TRUNCATED}
RNY - MZS PA,PASSENGER,REVIEW,0.600,NUMBER_RANGE,55895,2,106,{LIKELY_TRUNCATED}
RNY - NJP PA,PASSENGER,REVIEW,0.600,NUMBER_RANGE,55714,1,45,{LIKELY_TRUNCATED}
RNY - NTSK E,EXPRESS,REVIEW,0.650,NUMBER_RANGE,15927,1,27,{LIKELY_TRUNCATED}
RNY - RPAN P,PASSENGER,REVIEW,0.600,NUMBER_RANGE,55893,2,30,{LIKELY_TRUNCATED}
RNY-DBRG EXP,EXPRESS,REVIEW,0.650,NUMBER_RANGE,15967,1,31,{LIKELY_TRUNCATED}
RNY-DKGN PAS,PASSENGER,REVIEW,0.600,NUMBER_RANGE,55861,1,18,{LIKELY_TRUNCATED}
ROCKFORT EXP,SUPERFAST,REVIEW,0.700,NUMBER_RANGE,12653,2,29,{LIKELY_TRUNCATED}
ROHA-DIVA PA,PASSENGER,REVIEW,0.600,NUMBER_RANGE,71092,2,30,{LIKELY_TRUNCATED}
ROHTAK JIND,PASSENGER,REVIEW,0.600,NUMBER_RANGE,54023,1,9,{}
ROHTAK TILAK,PASSENGER,REVIEW,0.600,NUMBER_RANGE,54002,1,20,{LIKELY_TRUNCATED}
ROK BNW PASS,PASSENGER,REVIEW,0.600,NUMBER_RANGE,54013,1,7,{LIKELY_TRUNCATED}
ROK INTERCIT,EXPRESS,REVIEW,0.650,NUMBER_RANGE,14323,1,6,{LIKELY_TRUNCATED}
ROK PNP JIND,PASSENGER,REVIEW,0.600,NUMBER_RANGE,54049,1,25,{LIKELY_TRUNCATED}
ROK-BNW PASS,PASSENGER,REVIEW,0.600,NUMBER_RANGE,54015,1,7,{LIKELY_TRUNCATED}
ROK-DLI DMU,PASSENGER,REVIEW,0.600,NUMBER_RANGE,74012,1,17,{ROUTE_CODE_STYLE}
ROK-DLI MEMU,PASSENGER,REVIEW,0.600,NUMBER_RANGE,64914,3,51,{LIKELY_TRUNCATED}
ROK-NDLS MEM,PASSENGER,REVIEW,0.600,NUMBER_RANGE,64912,1,17,{LIKELY_TRUNCATED}
ROK-PNP PASS,PASSENGER,REVIEW,0.600,NUMBER_RANGE,54025,1,6,{LIKELY_TRUNCATED}
ROK-RE DMU,PASSENGER,REVIEW,0.600,NUMBER_RANGE,74018,1,8,{ROUTE_CODE_STYLE}
ROP VZR DEMU,PASSENGER,REVIEW,0.600,NUMBER_RANGE,78011,1,8,{LIKELY_TRUNCATED}
ROP-VZR DEMU,PASSENGER,REVIEW,0.600,NUMBER_RANGE,78009,1,8,{LIKELY_TRUNCATED}
ROU-BBS INTE,SUPERFAST,REVIEW,0.700,NUMBER_RANGE,22839,1,12,{LIKELY_TRUNCATED}
ROU-CKP SARA,PASSENGER,REVIEW,0.600,NUMBER_RANGE,78102,1,15,{LIKELY_TRUNCATED}
ROU-GNPR RAJ,EXPRESS,REVIEW,0.650,NUMBER_RANGE,18117,1,26,{LIKELY_TRUNCATED}
ROU-HTE PASE,PASSENGER,REVIEW,0.600,NUMBER_RANGE,58660,1,21,{LIKELY_TRUNCATED}
ROU-JSG PASS,PASSENGER,REVIEW,0.600,NUMBER_RANGE,58133,1,15,{LIKELY_TRUNCATED}
ROU-KORAPUT,EXPRESS,REVIEW,0.650,NUMBER_RANGE,18107,1,13,{ROUTE_CODE_STYLE}
ROU-SBP  PAS,PASSENGER,REVIEW,0.600,NUMBER_RANGE,78103,1,23,{LIKELY_TRUNCATED}
ROU-SBP-PURI,PASSENGER,REVIEW,0.600,NUMBER_RANGE,58131,1,78,{LIKELY_TRUNCATED}
ROZA BARELLY,PASSENGER,REVIEW,0.600,NUMBER_RANGE,54355,1,13,{LIKELY_TRUNCATED}
RPAN - DKGN,PASSENGER,REVIEW,0.600,NUMBER_RANGE,55823,1,4,{}
RPAN - RNY P,PASSENGER,REVIEW,0.600,NUMBER_RANGE,55894,2,30,{LIKELY_TRUNCATED}
RPH - AZ  PA,PASSENGER,REVIEW,0.600,NUMBER_RANGE,53024,2,21,{LIKELY_TRUNCATED}
RPH - AZ DMU,PASSENGER,REVIEW,0.600,NUMBER_RANGE,73022,1,11,{LIKELY_TRUNCATED}
RPH - AZ PAS,PASSENGER,REVIEW,0.600,NUMBER_RANGE,53026,1,11,{LIKELY_TRUNCATED}
RPH - KWAE P,PASSENGER,REVIEW,0.600,NUMBER_RANGE,53008,1,29,{LIKELY_TRUNCATED}
RPH BHW PASS,PASSENGER,REVIEW,0.600,NUMBER_RANGE,53137,1,13,{LIKELY_TRUNCATED}
RPH HWH EXP,SUPERFAST,REVIEW,0.700,NUMBER_RANGE,12348,1,9,{}
RPH SDAH INT,SUPERFAST,REVIEW,0.700,NUMBER_RANGE,12374,1,7,{LIKELY_TRUNCATED}
RPH SDAH PAS,PASSENGER,REVIEW,0.600,NUMBER_RANGE,63142,1,36,{LIKELY_TRUNCATED}
RPH- BWN DMU,PASSENGER,REVIEW,0.600,NUMBER_RANGE,73012,1,19,{LIKELY_TRUNCATED}
RPH-BHW PASS,PASSENGER,REVIEW,0.600,NUMBER_RANGE,53075,1,13,{LIKELY_TRUNCATED}
RPH-BWN PASS,PASSENGER,REVIEW,0.600,NUMBER_RANGE,53068,3,57,{LIKELY_TRUNCATED}
RPH-BWN TRI,EXPRESS,REVIEW,0.650,NUMBER_RANGE,13014,1,6,{ROUTE_CODE_STYLE}
RPH-DUMKAI P,PASSENGER,REVIEW,0.600,NUMBER_RANGE,53081,1,8,{LIKELY_TRUNCATED}
RPH-GAYA PAS,PASSENGER,REVIEW,0.600,NUMBER_RANGE,53403,1,66,{LIKELY_TRUNCATED}
RPH-SBG PASS,PASSENGER,REVIEW,0.600,NUMBER_RANGE,53073,2,44,{LIKELY_TRUNCATED}
RPH-SDAH EXP,EXPRESS,REVIEW,0.650,NUMBER_RANGE,13188,1,10,{LIKELY_TRUNCATED}
RPH-UDL PASS,PASSENGER,REVIEW,0.600,NUMBER_RANGE,63530,1,17,{LIKELY_TRUNCATED}
RPR-PNBE MEM,PASSENGER,REVIEW,0.600,NUMBER_RANGE,63220,1,17,{LIKELY_TRUNCATED}
RRB-SMET PAS,PASSENGER,REVIEW,0.600,NUMBER_RANGE,56272,2,16,{LIKELY_TRUNCATED}
RSD-PJP BSF,SPECIAL,REVIEW,0.500,NUMBER_RANGE,557,1,2,{ROUTE_CODE_STYLE}
RTGH - BKN P,PASSENGER,REVIEW,0.600,NUMBER_RANGE,74856,1,14,{LIKELY_TRUNCATED}
RTGH SRDR,PASSENGER,REVIEW,0.600,NUMBER_RANGE,74849,3,24,{}
RTK-ITR LOCA,PASSENGER,REVIEW,0.600,NUMBER_RANGE,58809,2,14,{LIKELY_TRUNCATED}
RTK-NGP LOCA,PASSENGER,REVIEW,0.600,NUMBER_RANGE,58811,1,8,{LIKELY_TRUNCATED}
RTM - BHL DM,PASSENGER,REVIEW,0.600,NUMBER_RANGE,79301,1,26,{LIKELY_TRUNCATED}
RTM - COR -,PASSENGER,REVIEW,0.600,NUMBER_RANGE,79304,1,18,{}
RTM - NADMEM,PASSENGER,REVIEW,0.600,NUMBER_RANGE,69183,1,6,{LIKELY_TRUNCATED}
RTM -COR- RT,PASSENGER,REVIEW,0.600,NUMBER_RANGE,79303,1,19,{LIKELY_TRUNCATED}
RTM DADN  DE,PASSENGER,REVIEW,0.600,NUMBER_RANGE,79306,1,20,{LIKELY_TRUNCATED}
RTM DADN DEM,PASSENGER,REVIEW,0.600,NUMBER_RANGE,79310,2,40,{LIKELY_TRUNCATED}
RTM DADN DMU,PASSENGER,REVIEW,0.600,NUMBER_RANGE,79314,1,20,{LIKELY_TRUNCATED}
RTM NAD PASS,PASSENGER,REVIEW,0.600,NUMBER_RANGE,59345,1,6,{LIKELY_TRUNCATED}
RTM-DHD MEMU,PASSENGER,REVIEW,0.600,NUMBER_RANGE,69182,2,28,{LIKELY_TRUNCATED}
RTM-KOTA PAS,PASSENGER,REVIEW,0.600,NUMBER_RANGE,59803,1,24,{LIKELY_TRUNCATED}
RTM-UDZ PASS,EXPRESS,REVIEW,0.650,NUMBER_RANGE,19327,1,16,{LIKELY_TRUNCATED}
RU-AWB EXPRE,EXPRESS,REVIEW,0.650,NUMBER_RANGE,17622,1,28,{LIKELY_TRUNCATED}
RUJ - ADIJ F,PASSENGER,REVIEW,0.600,NUMBER_RANGE,52913,1,14,{LIKELY_TRUNCATED}
RUJ-ADIJ FAS,PASSENGER,REVIEW,0.600,NUMBER_RANGE,52911,1,14,{LIKELY_TRUNCATED}
RVD-VSKP PAS,PASSENGER,REVIEW,0.600,NUMBER_RANGE,67247,1,17,{LIKELY_TRUNCATED}
RXL HWH EXPR,EXPRESS,REVIEW,0.650,NUMBER_RANGE,13044,1,19,{LIKELY_TRUNCATED}
RXL-DBG DEMU,PASSENGER,REVIEW,0.600,NUMBER_RANGE,75228,1,16,{LIKELY_TRUNCATED}
RXL-DLI SATY,EXPRESS,REVIEW,0.650,NUMBER_RANGE,15273,1,45,{LIKELY_TRUNCATED}
RXL-LTT JANS,EXPRESS,REVIEW,0.650,NUMBER_RANGE,15267,1,24,{LIKELY_TRUNCATED}
RXL-MFP PAS,PASSENGER,REVIEW,0.600,NUMBER_RANGE,55226,1,20,{ROUTE_CODE_STYLE}
RXL-MFP PASS,PASSENGER,REVIEW,0.600,NUMBER_RANGE,55212,1,15,{LIKELY_TRUNCATED}
RXL-NKE DEMU,PASSENGER,REVIEW,0.600,NUMBER_RANGE,75235,1,13,{LIKELY_TRUNCATED}
RXL-NKE-PPTA,EXPRESS,REVIEW,0.650,NUMBER_RANGE,15202,1,17,{LIKELY_TRUNCATED}
RXL-SGL DEMU,PASSENGER,REVIEW,0.600,NUMBER_RANGE,75213,1,5,{LIKELY_TRUNCATED}
RXL-SGL-MFP,PASSENGER,REVIEW,0.600,NUMBER_RANGE,75232,1,20,{ROUTE_CODE_STYLE}
RXL-SMI DEMU,PASSENGER,REVIEW,0.600,NUMBER_RANGE,75233,1,9,{LIKELY_TRUNCATED}
RXL-SPJ DEMU,PASSENGER,REVIEW,0.600,NUMBER_RANGE,75226,2,54,{LIKELY_TRUNCATED}
S1,EMU,REVIEW,0.750,NUMBER_RANGE,96101,1,9,{COACH_CODE_AS_NAME}
S10,EMU,REVIEW,0.750,NUMBER_RANGE,95104,1,7,{COACH_CODE_AS_NAME}
S11,EMU,REVIEW,0.750,NUMBER_RANGE,95105,1,9,{COACH_CODE_AS_NAME}
S12,EMU,REVIEW,0.750,NUMBER_RANGE,95106,1,7,{COACH_CODE_AS_NAME}
S13,EMU,REVIEW,0.750,NUMBER_RANGE,95107,1,9,{COACH_CODE_AS_NAME}
S14,EMU,REVIEW,0.750,NUMBER_RANGE,95108,1,7,{COACH_CODE_AS_NAME}
S15,EMU,REVIEW,0.750,NUMBER_RANGE,95109,1,9,{COACH_CODE_AS_NAME}
S16,EMU,REVIEW,0.750,NUMBER_RANGE,95110,1,7,{COACH_CODE_AS_NAME}
S17,EMU,REVIEW,0.750,NUMBER_RANGE,95111,1,9,{COACH_CODE_AS_NAME}
S18,EMU,REVIEW,0.750,NUMBER_RANGE,95112,1,7,{COACH_CODE_AS_NAME}
S19,EMU,REVIEW,0.750,NUMBER_RANGE,95113,1,9,{COACH_CODE_AS_NAME}
S2,EMU,REVIEW,0.750,NUMBER_RANGE,96102,1,7,{COACH_CODE_AS_NAME}
S20,EMU,REVIEW,0.750,NUMBER_RANGE,95114,1,7,{COACH_CODE_AS_NAME}
S21,EMU,REVIEW,0.750,NUMBER_RANGE,95115,1,9,{COACH_CODE_AS_NAME}
S22,EMU,REVIEW,0.750,NUMBER_RANGE,95116,1,7,{COACH_CODE_AS_NAME}
S23,EMU,REVIEW,0.750,NUMBER_RANGE,95117,1,9,{COACH_CODE_AS_NAME}
S24,EMU,REVIEW,0.750,NUMBER_RANGE,95118,1,7,{COACH_CODE_AS_NAME}
S25,EMU,REVIEW,0.750,NUMBER_RANGE,95119,1,9,{COACH_CODE_AS_NAME}
S26,EMU,REVIEW,0.750,NUMBER_RANGE,95120,1,7,{COACH_CODE_AS_NAME}
S27,EMU,REVIEW,0.750,NUMBER_RANGE,95121,1,9,{COACH_CODE_AS_NAME}
S28,EMU,REVIEW,0.750,NUMBER_RANGE,95122,1,7,{COACH_CODE_AS_NAME}
S29,EMU,REVIEW,0.750,NUMBER_RANGE,95123,1,9,{COACH_CODE_AS_NAME}
S3,EMU,REVIEW,0.750,NUMBER_RANGE,96107,1,9,{COACH_CODE_AS_NAME}
S30,EMU,REVIEW,0.750,NUMBER_RANGE,95124,1,7,{COACH_CODE_AS_NAME}
S31,EMU,REVIEW,0.750,NUMBER_RANGE,95125,1,9,{COACH_CODE_AS_NAME}
S32,EMU,REVIEW,0.750,NUMBER_RANGE,95126,1,7,{COACH_CODE_AS_NAME}
S33,EMU,REVIEW,0.750,NUMBER_RANGE,95127,1,9,{COACH_CODE_AS_NAME}
S34,EMU,REVIEW,0.750,NUMBER_RANGE,95128,1,7,{COACH_CODE_AS_NAME}
S35,EMU,REVIEW,0.750,NUMBER_RANGE,95129,1,9,{COACH_CODE_AS_NAME}
S36,EMU,REVIEW,0.750,NUMBER_RANGE,95130,1,7,{COACH_CODE_AS_NAME}
S37,EMU,REVIEW,0.750,NUMBER_RANGE,95131,1,9,{COACH_CODE_AS_NAME}
S38,EMU,REVIEW,0.750,NUMBER_RANGE,95132,1,7,{COACH_CODE_AS_NAME}
S39,EMU,REVIEW,0.750,NUMBER_RANGE,96119,1,9,{COACH_CODE_AS_NAME}
S4,EMU,REVIEW,0.750,NUMBER_RANGE,96104,1,7,{COACH_CODE_AS_NAME}
S40,EMU,REVIEW,0.750,NUMBER_RANGE,95134,1,7,{COACH_CODE_AS_NAME}
S41,EMU,REVIEW,0.750,NUMBER_RANGE,96121,1,9,{COACH_CODE_AS_NAME}
S42,EMU,REVIEW,0.750,NUMBER_RANGE,95136,1,7,{COACH_CODE_AS_NAME}
S44,EMU,REVIEW,0.750,NUMBER_RANGE,95138,1,7,{COACH_CODE_AS_NAME}
S46,EMU,REVIEW,0.750,NUMBER_RANGE,95140,1,7,{COACH_CODE_AS_NAME}
S48,EMU,REVIEW,0.750,NUMBER_RANGE,95142,2,37,{COACH_CODE_AS_NAME}
S5,EMU,REVIEW,0.750,NUMBER_RANGE,96109,1,9,{COACH_CODE_AS_NAME}
S50,EMU,REVIEW,0.750,NUMBER_RANGE,96112,2,37,{COACH_CODE_AS_NAME}
S52,EMU,REVIEW,0.750,NUMBER_RANGE,95144,1,7,{COACH_CODE_AS_NAME}
S6,EMU,REVIEW,0.750,NUMBER_RANGE,96106,1,7,{COACH_CODE_AS_NAME}
S7,EMU,REVIEW,0.750,NUMBER_RANGE,95101,1,9,{COACH_CODE_AS_NAME}
S8,EMU,REVIEW,0.750,NUMBER_RANGE,95102,1,7,{COACH_CODE_AS_NAME}
S9,EMU,REVIEW,0.750,NUMBER_RANGE,95103,1,9,{COACH_CODE_AS_NAME}
SA MS SUPERF,EXPRESS,REVIEW,0.650,NUMBER_RANGE,11064,1,14,{LIKELY_TRUNCATED}
SA-CBE PASS,PASSENGER,REVIEW,0.600,NUMBER_RANGE,66603,1,22,{ROUTE_CODE_STYLE}
SA-KPD PASSR,PASSENGER,REVIEW,0.600,NUMBER_RANGE,66020,1,27,{LIKELY_TRUNCATED}
SA-KRR PASSR,PASSENGER,REVIEW,0.600,NUMBER_RANGE,56105,2,16,{LIKELY_TRUNCATED}
SA-MTDM PASS,PASSENGER,REVIEW,0.600,NUMBER_RANGE,56102,1,4,{LIKELY_TRUNCATED}
SA-VRI PASSR,PASSENGER,REVIEW,0.600,NUMBER_RANGE,76848,2,34,{LIKELY_TRUNCATED}
SA-YPR PASSR,PASSENGER,REVIEW,0.600,NUMBER_RANGE,56241,1,22,{LIKELY_TRUNCATED}
SABARMATI EX,EXPRESS,REVIEW,0.650,NUMBER_RANGE,19165,4,256,{LIKELY_TRUNCATED}
SADBHAWANA E,EXPRESS,REVIEW,0.650,NUMBER_RANGE,14013,5,137,{LIKELY_TRUNCATED}
SADBHAWNA EX,EXPRESS,REVIEW,0.650,NUMBER_RANGE,14007,1,34,{LIKELY_TRUNCATED}
SADHBHAWNA E,EXPRESS,REVIEW,0.650,NUMBER_RANGE,14008,2,70,{LIKELY_TRUNCATED}
SAHARANPUR N,PASSENGER,REVIEW,0.600,NUMBER_RANGE,54474,1,28,{LIKELY_TRUNCATED}
SAHARSHA-PUR,PASSENGER,REVIEW,0.600,NUMBER_RANGE,55564,3,39,{LIKELY_TRUNCATED}
SAHYADRI EXP,EXPRESS,REVIEW,0.650,NUMBER_RANGE,11023,2,59,{LIKELY_TRUNCATED}
SAINAGAR DR,SUPERFAST,REVIEW,0.700,NUMBER_RANGE,12132,1,8,{}
SAINAGAR SHI,PASSENGER,REVIEW,0.600,NUMBER_RANGE,51033,2,15,{LIKELY_TRUNCATED}
SAKET EXPRES,EXPRESS,REVIEW,0.650,NUMBER_RANGE,11067,2,40,{LIKELY_TRUNCATED}
SAKRI - BIRA,PASSENGER,REVIEW,0.600,NUMBER_RANGE,55577,1,5,{LIKELY_TRUNCATED}
SALR-VBL RAI,PASSENGER,REVIEW,0.600,NUMBER_RANGE,78512,5,20,{LIKELY_TRUNCATED}
SAMARSATA EX,SUPERFAST,REVIEW,0.700,NUMBER_RANGE,12151,1,24,{LIKELY_TRUNCATED}
SAMPARK KRAN,SUPERFAST,REVIEW,0.700,NUMBER_RANGE,12329,1,8,{LIKELY_TRUNCATED}
SAMPARKAKRAN,SUPERFAST,REVIEW,0.700,NUMBER_RANGE,12649,2,18,{LIKELY_TRUNCATED}
SAMPARKRANTH,SUPERFAST,REVIEW,0.700,NUMBER_RANGE,12629,2,28,{LIKELY_TRUNCATED}
SAMPARKRANTI,SUPERFAST,REVIEW,0.700,NUMBER_RANGE,12330,1,8,{LIKELY_TRUNCATED}
SAMPOORNA KR,SUPERFAST,REVIEW,0.700,NUMBER_RANGE,12393,1,5,{LIKELY_TRUNCATED}
SAMPOORNKRAN,SUPERFAST,REVIEW,0.700,NUMBER_RANGE,12394,1,5,{LIKELY_TRUNCATED}
SANGAM EXP,EXPRESS,REVIEW,0.650,NUMBER_RANGE,14164,1,24,{}
SANGAM EXPRE,EXPRESS,REVIEW,0.650,NUMBER_RANGE,14163,1,30,{LIKELY_TRUNCATED}
SANKALP FAST,PASSENGER,REVIEW,0.600,NUMBER_RANGE,59549,2,16,{LIKELY_TRUNCATED}
SAPT KRANTI,SUPERFAST,REVIEW,0.700,NUMBER_RANGE,12557,2,32,{}
SAPTAGIRI EX,EXPRESS,REVIEW,0.650,NUMBER_RANGE,16058,1,9,{LIKELY_TRUNCATED}
SARAIGHAT EX,SUPERFAST,REVIEW,0.700,NUMBER_RANGE,12345,2,26,{LIKELY_TRUNCATED}
SARNATH EXP.,EXPRESS,REVIEW,0.650,NUMBER_RANGE,15160,1,46,{LIKELY_TRUNCATED}
SARNATH EXPR,EXPRESS,REVIEW,0.650,NUMBER_RANGE,15159,1,50,{LIKELY_TRUNCATED}
SARVODAYA EX,SUPERFAST,REVIEW,0.700,NUMBER_RANGE,12473,3,80,{LIKELY_TRUNCATED}
SARYU EXPRES,EXPRESS,REVIEW,0.650,NUMBER_RANGE,14125,2,30,{LIKELY_TRUNCATED}
SARYUYAMUNA,EXPRESS,REVIEW,0.650,NUMBER_RANGE,14649,2,121,{}
SATYAGRAH EX,EXPRESS,REVIEW,0.650,NUMBER_RANGE,15274,1,45,{LIKELY_TRUNCATED}
SAU JANATA E,EXPRESS,REVIEW,0.650,NUMBER_RANGE,19217,2,63,{LIKELY_TRUNCATED}
SAURASHTRA E,EXPRESS,REVIEW,0.650,NUMBER_RANGE,19015,3,188,{LIKELY_TRUNCATED}
SAURASHTRA M,SUPERFAST,REVIEW,0.700,NUMBER_RANGE,22945,2,61,{LIKELY_TRUNCATED}
SBB-DLI  EMU,PASSENGER,REVIEW,0.600,NUMBER_RANGE,64411,1,8,{LIKELY_TRUNCATED}
SBC - NTSK S,SUPERFAST,REVIEW,0.700,NUMBER_RANGE,22501,1,41,{LIKELY_TRUNCATED}
SBC -GHY EXP,SUPERFAST,REVIEW,0.700,NUMBER_RANGE,12509,1,42,{LIKELY_TRUNCATED}
SBC BGKT EXP,EXPRESS,REVIEW,0.650,NUMBER_RANGE,16534,1,30,{LIKELY_TRUNCATED}
SBC-AHMADABA,EXPRESS,REVIEW,0.650,NUMBER_RANGE,16502,1,27,{LIKELY_TRUNCATED}
SBC-AJJ PASS,PASSENGER,REVIEW,0.600,NUMBER_RANGE,56262,1,41,{LIKELY_TRUNCATED}
SBC-ASK PASS,PASSENGER,REVIEW,0.600,NUMBER_RANGE,56223,1,29,{LIKELY_TRUNCATED}
SBC-BBS PRAS,EXPRESS,REVIEW,0.650,NUMBER_RANGE,18464,1,46,{LIKELY_TRUNCATED}
SBC-BWT EXP,EXPRESS,REVIEW,0.650,NUMBER_RANGE,16522,1,8,{ROUTE_CODE_STYLE}
SBC-BWT PASS,PASSENGER,REVIEW,0.600,NUMBER_RANGE,66530,2,29,{LIKELY_TRUNCATED}
SBC-CAN-KAWR,EXPRESS,REVIEW,0.650,NUMBER_RANGE,16517,1,20,{LIKELY_TRUNCATED}
SBC-CCT SESH,EXPRESS,REVIEW,0.650,NUMBER_RANGE,17209,1,35,{LIKELY_TRUNCATED}
SBC-CMNR FAS,PASSENGER,REVIEW,0.600,NUMBER_RANGE,56282,1,27,{LIKELY_TRUNCATED}
SBC-DPJ PASS,PASSENGER,REVIEW,0.600,NUMBER_RANGE,76553,1,15,{LIKELY_TRUNCATED}
SBC-ERS EXP,SUPERFAST,REVIEW,0.700,NUMBER_RANGE,12684,1,14,{ROUTE_CODE_STYLE}
SBC-ERS INTE,SUPERFAST,REVIEW,0.700,NUMBER_RANGE,12677,1,14,{LIKELY_TRUNCATED}
SBC-GIMB GAN,EXPRESS,REVIEW,0.650,NUMBER_RANGE,16506,1,33,{LIKELY_TRUNCATED}
SBC-GKP EXP,SUPERFAST,REVIEW,0.700,NUMBER_RANGE,12592,1,40,{ROUTE_CODE_STYLE}
SBC-HPT PASS,PASSENGER,REVIEW,0.600,NUMBER_RANGE,56909,1,36,{LIKELY_TRUNCATED}
SBC-HUP PASS,PASSENGER,REVIEW,0.600,NUMBER_RANGE,66523,1,16,{LIKELY_TRUNCATED}
SBC-JTJ EXP,EXPRESS,REVIEW,0.650,NUMBER_RANGE,16520,1,15,{ROUTE_CODE_STYLE}
SBC-KCG EXP,SUPERFAST,REVIEW,0.700,NUMBER_RANGE,12786,1,16,{ROUTE_CODE_STYLE}
SBC-KCVL EXP,EXPRESS,REVIEW,0.650,NUMBER_RANGE,16315,1,22,{LIKELY_TRUNCATED}
SBC-KIK PASS,PASSENGER,REVIEW,0.600,NUMBER_RANGE,56514,1,58,{LIKELY_TRUNCATED}
SBC-KPN MEMU,PASSENGER,REVIEW,0.600,NUMBER_RANGE,66544,1,16,{LIKELY_TRUNCATED}
SBC-KQZ PASS,PASSENGER,REVIEW,0.600,NUMBER_RANGE,76551,1,22,{LIKELY_TRUNCATED}
SBC-MAS AC D,SUPERFAST,REVIEW,0.700,NUMBER_RANGE,22626,1,12,{LIKELY_TRUNCATED}
SBC-MAS BRIN,SUPERFAST,REVIEW,0.700,NUMBER_RANGE,12640,1,13,{LIKELY_TRUNCATED}
SBC-MAS EXP,SUPERFAST,REVIEW,0.700,NUMBER_RANGE,12610,1,19,{ROUTE_CODE_STYLE}
SBC-MAS LALB,SUPERFAST,REVIEW,0.700,NUMBER_RANGE,12608,1,13,{LIKELY_TRUNCATED}
SBC-MAS MAIL,SUPERFAST,REVIEW,0.700,NUMBER_RANGE,12658,1,8,{LIKELY_TRUNCATED}
SBC-MAS SHAT,SUPERFAST,REVIEW,0.700,NUMBER_RANGE,12028,1,4,{LIKELY_TRUNCATED}
SBC-MKM MEMU,PASSENGER,REVIEW,0.600,NUMBER_RANGE,66511,1,17,{LIKELY_TRUNCATED}
SBC-MKM PASS,PASSENGER,REVIEW,0.600,NUMBER_RANGE,56510,2,28,{LIKELY_TRUNCATED}
SBC-MKMSWARN,PASSENGER,REVIEW,0.600,NUMBER_RANGE,56508,1,17,{LIKELY_TRUNCATED}
SBC-MYS PASS,PASSENGER,REVIEW,0.600,NUMBER_RANGE,56232,3,60,{LIKELY_TRUNCATED}
SBC-MYS RAJY,EXPRESS,REVIEW,0.650,NUMBER_RANGE,16558,1,9,{LIKELY_TRUNCATED}
SBC-NCJ EXP,EXPRESS,REVIEW,0.650,NUMBER_RANGE,17235,1,16,{ROUTE_CODE_STYLE}
SBC-NDLS KAR,SUPERFAST,REVIEW,0.700,NUMBER_RANGE,12627,1,36,{LIKELY_TRUNCATED}
SBC-NED-EXP,EXPRESS,REVIEW,0.650,NUMBER_RANGE,16594,1,43,{ROUTE_CODE_STYLE}
SBC-PPTA SAN,SUPERFAST,REVIEW,0.700,NUMBER_RANGE,12295,1,36,{LIKELY_TRUNCATED}
SBC-RMGM MEM,PASSENGER,REVIEW,0.600,NUMBER_RANGE,66535,3,26,{LIKELY_TRUNCATED}
SBC-SMET PAS,PASSENGER,REVIEW,0.600,NUMBER_RANGE,56227,1,41,{LIKELY_TRUNCATED}
SBC-SMET SF,EXPRESS,REVIEW,0.650,NUMBER_RANGE,20651,1,11,{ROUTE_CODE_STYLE}
SBC-TK FAST,PASSENGER,REVIEW,0.600,NUMBER_RANGE,56925,1,7,{ROUTE_CODE_STYLE}
SBC-TK PASS,PASSENGER,REVIEW,0.600,NUMBER_RANGE,56221,2,28,{ROUTE_CODE_STYLE}
SBC-TPTY  EX,SUPERFAST,REVIEW,0.700,NUMBER_RANGE,22617,1,9,{LIKELY_TRUNCATED}
SBC-UBL FAST,PASSENGER,REVIEW,0.600,NUMBER_RANGE,56913,1,44,{LIKELY_TRUNCATED}
SBC-UBL PASS,PASSENGER,REVIEW,0.600,NUMBER_RANGE,56515,1,63,{LIKELY_TRUNCATED}
SBC-WFD MEMU,PASSENGER,REVIEW,0.600,NUMBER_RANGE,66542,1,7,{LIKELY_TRUNCATED}
SBG - DNR IN,EXPRESS,REVIEW,0.650,NUMBER_RANGE,13235,1,29,{LIKELY_TRUNCATED}
SBG-AZ PASSE,PASSENGER,REVIEW,0.600,NUMBER_RANGE,53022,1,25,{LIKELY_TRUNCATED}
SBG-BGP PASS,PASSENGER,REVIEW,0.600,NUMBER_RANGE,53037,1,14,{LIKELY_TRUNCATED}
SBG-BHW PASS,PASSENGER,REVIEW,0.600,NUMBER_RANGE,53412,1,10,{LIKELY_TRUNCATED}
SBG-JMP PASS,PASSENGER,REVIEW,0.600,NUMBER_RANGE,53415,1,31,{LIKELY_TRUNCATED}
SBG-JMP PGR,PASSENGER,REVIEW,0.600,NUMBER_RANGE,53431,1,31,{ROUTE_CODE_STYLE}
SBG-MLDT PAS,PASSENGER,REVIEW,0.600,NUMBER_RANGE,53401,1,19,{LIKELY_TRUNCATED}
SBG-RPH PASS,PASSENGER,REVIEW,0.600,NUMBER_RANGE,53074,2,44,{LIKELY_TRUNCATED}
SBHR-MAQ PAS,PASSENGER,REVIEW,0.600,NUMBER_RANGE,56646,1,11,{LIKELY_TRUNCATED}
SBL-GWO-PASS,PASSENGER,REVIEW,0.600,NUMBER_RANGE,52174,2,22,{LIKELY_TRUNCATED}
SBL-SOE PASS,PASSENGER,REVIEW,0.600,NUMBER_RANGE,52177,1,14,{LIKELY_TRUNCATED}
SBP -MURI -,EXPRESS,REVIEW,0.650,NUMBER_RANGE,18309,1,14,{}
SBP-BSB BI-W,EXPRESS,REVIEW,0.650,NUMBER_RANGE,18311,1,37,{LIKELY_TRUNCATED}
SBP-HWH S/F,SUPERFAST,REVIEW,0.700,NUMBER_RANGE,22804,1,11,{ROUTE_CODE_STYLE}
SBP-JSG PASS,PASSENGER,REVIEW,0.600,NUMBER_RANGE,58136,2,18,{LIKELY_TRUNCATED}
SBP-KRPU PAS,PASSENGER,REVIEW,0.600,NUMBER_RANGE,58301,1,41,{LIKELY_TRUNCATED}
SBP-LJR-JNRD,PASSENGER,REVIEW,0.600,NUMBER_RANGE,58303,1,6,{LIKELY_TRUNCATED}
SBP-NED NAGA,EXPRESS,REVIEW,0.650,NUMBER_RANGE,20809,1,22,{LIKELY_TRUNCATED}
SBP-PURI INT,EXPRESS,REVIEW,0.650,NUMBER_RANGE,18303,1,16,{LIKELY_TRUNCATED}
SBP-RGDA EXP,EXPRESS,REVIEW,0.650,NUMBER_RANGE,18301,1,20,{LIKELY_TRUNCATED}
SBP-ROU PASS,PASSENGER,REVIEW,0.600,NUMBER_RANGE,78104,1,23,{LIKELY_TRUNCATED}
SC - GHY EXP,SUPERFAST,REVIEW,0.700,NUMBER_RANGE,12513,1,31,{LIKELY_TRUNCATED}
SC JP EXP,EXPRESS,REVIEW,0.650,NUMBER_RANGE,19714,1,31,{}
SC PASS,PASSENGER,REVIEW,0.600,NUMBER_RANGE,57436,1,41,{}
SC PBR  EXP,EXPRESS,REVIEW,0.650,NUMBER_RANGE,19201,1,29,{}
SC-BBS VISAK,EXPRESS,REVIEW,0.650,NUMBER_RANGE,17016,1,41,{LIKELY_TRUNCATED}
SC-BIDR-INTE,EXPRESS,REVIEW,0.650,NUMBER_RANGE,17010,1,9,{LIKELY_TRUNCATED}
SC-BKN EXP,EXPRESS,REVIEW,0.650,NUMBER_RANGE,17037,1,28,{ROUTE_CODE_STYLE}
SC-BMO DEMU,PASSENGER,REVIEW,0.600,NUMBER_RANGE,77611,1,11,{ROUTE_CODE_STYLE}
SC-BPQ BHAGY,EXPRESS,REVIEW,0.650,NUMBER_RANGE,17233,1,34,{LIKELY_TRUNCATED}
SC-BZA SATAV,SUPERFAST,REVIEW,0.700,NUMBER_RANGE,12714,1,9,{LIKELY_TRUNCATED}
SC-BZA SUP E,SUPERFAST,REVIEW,0.700,NUMBER_RANGE,12796,1,4,{LIKELY_TRUNCATED}
SC-CCT COCAN,SUPERFAST,REVIEW,0.700,NUMBER_RANGE,12776,1,11,{LIKELY_TRUNCATED}
SC-COA GOWTA,SUPERFAST,REVIEW,0.700,NUMBER_RANGE,12738,1,21,{LIKELY_TRUNCATED}
SC-CSMT DEVA,EXPRESS,REVIEW,0.650,NUMBER_RANGE,17058,1,29,{LIKELY_TRUNCATED}
SC-DNR EXP,SUPERFAST,REVIEW,0.700,NUMBER_RANGE,12791,1,29,{ROUTE_CODE_STYLE}
SC-FM,PASSENGER,REVIEW,0.550,NUMBER_RANGE,47172,4,66,{ROUTE_CODE_STYLE}
SC-GDR SIMHA,SUPERFAST,REVIEW,0.700,NUMBER_RANGE,12710,1,17,{LIKELY_TRUNCATED}
SC-GKP EXP,SUPERFAST,REVIEW,0.700,NUMBER_RANGE,12590,1,31,{ROUTE_CODE_STYLE}
SC-GNT GOLCO,EXPRESS,REVIEW,0.650,NUMBER_RANGE,17202,1,25,{LIKELY_TRUNCATED}
SC-GNT INTER,SUPERFAST,REVIEW,0.700,NUMBER_RANGE,12706,1,14,{LIKELY_TRUNCATED}
SC-HWH FALAK,SUPERFAST,REVIEW,0.700,NUMBER_RANGE,12704,1,27,{LIKELY_TRUNCATED}
SC-HYB,PASSENGER,REVIEW,0.550,NUMBER_RANGE,47196,1,7,{ROUTE_CODE_STYLE}
SC-KRNT TUNG,EXPRESS,REVIEW,0.650,NUMBER_RANGE,17023,1,16,{LIKELY_TRUNCATED}
SC-LTT AC DU,SUPERFAST,REVIEW,0.700,NUMBER_RANGE,12220,1,4,{LIKELY_TRUNCATED}
SC-MED DEMU,PASSENGER,REVIEW,0.600,NUMBER_RANGE,77601,4,56,{ROUTE_CODE_STYLE}
SC-MMR AJANT,EXPRESS,REVIEW,0.650,NUMBER_RANGE,17064,1,23,{LIKELY_TRUNCATED}
SC-MOB DEMU,PASSENGER,REVIEW,0.600,NUMBER_RANGE,77603,3,51,{ROUTE_CODE_STYLE}
SC-MUGR EXPR,EXPRESS,REVIEW,0.650,NUMBER_RANGE,17026,1,15,{LIKELY_TRUNCATED}
SC-MUGR FAST,PASSENGER,REVIEW,0.600,NUMBER_RANGE,57625,1,37,{LIKELY_TRUNCATED}
SC-NGP  EXP,SUPERFAST,REVIEW,0.700,NUMBER_RANGE,12771,1,14,{ROUTE_CODE_STYLE}
SC-NZM DORON,SUPERFAST,REVIEW,0.700,NUMBER_RANGE,12285,1,6,{LIKELY_TRUNCATED}
SC-PUNE SHAT,SUPERFAST,REVIEW,0.700,NUMBER_RANGE,12026,1,8,{LIKELY_TRUNCATED}
SC-RAL PASS,PASSENGER,REVIEW,0.600,NUMBER_RANGE,57651,1,40,{ROUTE_CODE_STYLE}
SC-RJT EXP,EXPRESS,REVIEW,0.650,NUMBER_RANGE,17018,1,28,{ROUTE_CODE_STYLE}
SC-SHM AC  E,SUPERFAST,REVIEW,0.700,NUMBER_RANGE,12774,1,16,{LIKELY_TRUNCATED}
SC-SHM SF EX,SUPERFAST,REVIEW,0.700,NUMBER_RANGE,22850,1,20,{LIKELY_TRUNCATED}
SC-SKZR EXP,SUPERFAST,REVIEW,0.700,NUMBER_RANGE,12757,1,14,{ROUTE_CODE_STYLE}
SC-SNSI EXP,EXPRESS,REVIEW,0.650,NUMBER_RANGE,17002,1,25,{ROUTE_CODE_STYLE}
SC-TDU,PASSENGER,REVIEW,0.600,NUMBER_RANGE,67250,1,16,{ROUTE_CODE_STYLE}
SC-TPTY  SEV,SUPERFAST,REVIEW,0.700,NUMBER_RANGE,12770,1,17,{LIKELY_TRUNCATED}
SC-TPTY EXP,SUPERFAST,REVIEW,0.700,NUMBER_RANGE,12732,1,16,{ROUTE_CODE_STYLE}
SC-TPTY NARA,SUPERFAST,REVIEW,0.700,NUMBER_RANGE,12734,1,23,{LIKELY_TRUNCATED}
SC-TPTY PADM,SUPERFAST,REVIEW,0.700,NUMBER_RANGE,12764,1,19,{LIKELY_TRUNCATED}
SC-UBL EXPRE,EXPRESS,REVIEW,0.650,NUMBER_RANGE,17320,1,22,{LIKELY_TRUNCATED}
SC-UR DEMU,PASSENGER,REVIEW,0.600,NUMBER_RANGE,77630,1,14,{ROUTE_CODE_STYLE}
SC-VKB PASSE,PASSENGER,REVIEW,0.600,NUMBER_RANGE,57605,1,11,{LIKELY_TRUNCATED}
SC-VSKP AC,SUPERFAST,REVIEW,0.700,NUMBER_RANGE,22204,1,3,{ROUTE_CODE_STYLE}
SC-VSKP AC W,SUPERFAST,REVIEW,0.700,NUMBER_RANGE,12784,1,15,{LIKELY_TRUNCATED}
SC-VSKP GARI,SUPERFAST,REVIEW,0.700,NUMBER_RANGE,12740,1,12,{LIKELY_TRUNCATED}
SC-VSKP JANM,SUPERFAST,REVIEW,0.700,NUMBER_RANGE,12806,1,21,{LIKELY_TRUNCATED}
SC-YPR GARIB,SUPERFAST,REVIEW,0.700,NUMBER_RANGE,12735,1,11,{LIKELY_TRUNCATED}
SCC-BUW  PAS,PASSENGER,REVIEW,0.600,NUMBER_RANGE,55038,1,14,{LIKELY_TRUNCATED}
SCC-GD PASSE,PASSENGER,REVIEW,0.600,NUMBER_RANGE,55036,1,22,{LIKELY_TRUNCATED}
SCC-SPN PASS,PASSENGER,REVIEW,0.600,NUMBER_RANGE,55045,1,14,{LIKELY_TRUNCATED}
SCL - AGTL P,PASSENGER,REVIEW,0.600,NUMBER_RANGE,55664,1,35,{LIKELY_TRUNCATED}
SCL - BHRB P,PASSENGER,REVIEW,0.600,NUMBER_RANGE,55667,1,14,{LIKELY_TRUNCATED}
SCL - DLCR P,PASSENGER,REVIEW,0.600,NUMBER_RANGE,55688,1,10,{LIKELY_TRUNCATED}
SCL - DMR PA,PASSENGER,REVIEW,0.600,NUMBER_RANGE,55677,1,22,{LIKELY_TRUNCATED}
SCL - GHY FA,PASSENGER,REVIEW,0.600,NUMBER_RANGE,55616,1,33,{LIKELY_TRUNCATED}
SCL - JRBM P,PASSENGER,REVIEW,0.600,NUMBER_RANGE,55665,1,10,{LIKELY_TRUNCATED}
SCL - MSSN P,PASSENGER,REVIEW,0.600,NUMBER_RANGE,55662,2,24,{LIKELY_TRUNCATED}
SCL - NDLS,EXPRESS,REVIEW,0.650,NUMBER_RANGE,15601,1,14,{}
SCL - TVC EX,SUPERFAST,REVIEW,0.700,NUMBER_RANGE,12508,1,56,{LIKELY_TRUNCATED}
SCL -TVC EXP,SUPERFAST,REVIEW,0.700,NUMBER_RANGE,12516,1,56,{LIKELY_TRUNCATED}
SCT-MDU PASS,PASSENGER,REVIEW,0.600,NUMBER_RANGE,56732,3,42,{LIKELY_TRUNCATED}
SCT-MS POTHI,SUPERFAST,REVIEW,0.700,NUMBER_RANGE,12662,1,18,{LIKELY_TRUNCATED}
SCT-MS SILAM,EXPRESS,REVIEW,0.650,NUMBER_RANGE,16182,1,27,{LIKELY_TRUNCATED}
SCT-TEN PASS,PASSENGER,REVIEW,0.600,NUMBER_RANGE,56796,3,51,{LIKELY_TRUNCATED}
SDAH  BSB EX,EXPRESS,REVIEW,0.650,NUMBER_RANGE,13133,1,82,{LIKELY_TRUNCATED}
SDAH - AGTL,EXPRESS,REVIEW,0.650,NUMBER_RANGE,15659,1,40,{}
SDAH - BBDB,PASSENGER,REVIEW,0.550,NUMBER_RANGE,30412,3,33,{}
SDAH - BNJ,PASSENGER,REVIEW,0.550,NUMBER_RANGE,33863,1,24,{}
SDAH - BNJ L,PASSENGER,REVIEW,0.550,NUMBER_RANGE,33801,21,492,{LIKELY_TRUNCATED}
SDAH - BP LO,PASSENGER,REVIEW,0.550,NUMBER_RANGE,31217,8,72,{LIKELY_TRUNCATED}
SDAH - BRP L,PASSENGER,REVIEW,0.550,NUMBER_RANGE,34602,20,219,{LIKELY_TRUNCATED}
SDAH - BT LO,PASSENGER,REVIEW,0.550,NUMBER_RANGE,33431,8,88,{LIKELY_TRUNCATED}
SDAH - BWN L,PASSENGER,REVIEW,0.550,NUMBER_RANGE,31151,1,35,{LIKELY_TRUNCATED}
SDAH - CG LO,PASSENGER,REVIEW,0.550,NUMBER_RANGE,34502,22,371,{LIKELY_TRUNCATED}
SDAH - DTK L,PASSENGER,REVIEW,0.550,NUMBER_RANGE,33615,4,52,{LIKELY_TRUNCATED}
SDAH - GBG,PASSENGER,REVIEW,0.550,NUMBER_RANGE,33681,2,40,{}
SDAH - GEDE,PASSENGER,REVIEW,0.550,NUMBER_RANGE,31921,1,36,{}
SDAH - HNB L,PASSENGER,REVIEW,0.550,NUMBER_RANGE,33513,7,203,{LIKELY_TRUNCATED}
SDAH - KAKDW,PASSENGER,REVIEW,0.550,NUMBER_RANGE,34782,1,29,{LIKELY_TRUNCATED}
SDAH - KLYM,PASSENGER,REVIEW,0.550,NUMBER_RANGE,31311,14,286,{}
SDAH - KNJ L,PASSENGER,REVIEW,0.550,NUMBER_RANGE,31827,1,30,{LIKELY_TRUNCATED}
SDAH - NH LO,PASSENGER,REVIEW,0.550,NUMBER_RANGE,31417,14,210,{LIKELY_TRUNCATED}
SDAH - NMKA,PASSENGER,REVIEW,0.550,NUMBER_RANGE,34792,1,30,{}
SDAH - RHA L,PASSENGER,REVIEW,0.550,NUMBER_RANGE,31623,1,23,{LIKELY_TRUNCATED}
SDAH -BP LOC,PASSENGER,REVIEW,0.550,NUMBER_RANGE,31241,1,9,{LIKELY_TRUNCATED}
SDAH -NH  LO,PASSENGER,REVIEW,0.550,NUMBER_RANGE,31411,1,9,{LIKELY_TRUNCATED}
SDAH AII  SF,SUPERFAST,REVIEW,0.700,NUMBER_RANGE,12987,1,22,{LIKELY_TRUNCATED}
SDAH BP LOCA,PASSENGER,REVIEW,0.550,NUMBER_RANGE,31237,1,9,{LIKELY_TRUNCATED}
SDAH BUI EXP,EXPRESS,REVIEW,0.650,NUMBER_RANGE,13105,1,30,{LIKELY_TRUNCATED}
SDAH DH LOCA,PASSENGER,REVIEW,0.550,NUMBER_RANGE,34860,1,24,{LIKELY_TRUNCATED}
SDAH DLI  EX,EXPRESS,REVIEW,0.650,NUMBER_RANGE,13119,1,89,{LIKELY_TRUNCATED}
SDAH NH LOCA,PASSENGER,REVIEW,0.550,NUMBER_RANGE,31415,1,15,{LIKELY_TRUNCATED}
SDAH RAJDHAN,SUPERFAST,REVIEW,0.700,NUMBER_RANGE,12313,2,16,{LIKELY_TRUNCATED}
SDAH RPH INT,SUPERFAST,REVIEW,0.700,NUMBER_RANGE,12373,1,7,{LIKELY_TRUNCATED}
SDAH RPH PAS,PASSENGER,REVIEW,0.600,NUMBER_RANGE,63141,1,30,{LIKELY_TRUNCATED}
SDAH- MFP PA,PASSENGER,REVIEW,0.600,NUMBER_RANGE,53131,1,70,{LIKELY_TRUNCATED}
SDAH- SPR LO,PASSENGER,REVIEW,0.550,NUMBER_RANGE,34412,11,88,{LIKELY_TRUNCATED}
SDAH- STB LO,PASSENGER,REVIEW,0.550,NUMBER_RANGE,31515,12,330,{LIKELY_TRUNCATED}
SDAH-ASN INT,SUPERFAST,REVIEW,0.700,NUMBER_RANGE,12383,1,9,{LIKELY_TRUNCATED}
SDAH-BGB LOC,PASSENGER,REVIEW,0.550,NUMBER_RANGE,34112,28,308,{LIKELY_TRUNCATED}
SDAH-BNJ LOC,PASSENGER,REVIEW,0.550,NUMBER_RANGE,33811,6,136,{LIKELY_TRUNCATED}
SDAH-BP LOCA,PASSENGER,REVIEW,0.550,NUMBER_RANGE,31211,4,27,{LIKELY_TRUNCATED}
SDAH-BPC MEM,PASSENGER,REVIEW,0.600,NUMBER_RANGE,63105,1,31,{LIKELY_TRUNCATED}
SDAH-BPLOCAL,PASSENGER,REVIEW,0.550,NUMBER_RANGE,31225,2,18,{LIKELY_TRUNCATED}
SDAH-BRPA  L,PASSENGER,REVIEW,0.550,NUMBER_RANGE,32413,1,13,{LIKELY_TRUNCATED}
SDAH-BRPA LO,PASSENGER,REVIEW,0.550,NUMBER_RANGE,32411,1,13,{LIKELY_TRUNCATED}
SDAH-BT LOCA,PASSENGER,REVIEW,0.550,NUMBER_RANGE,33441,1,11,{LIKELY_TRUNCATED}
SDAH-BT MATR,PASSENGER,REVIEW,0.550,NUMBER_RANGE,33401,1,11,{LIKELY_TRUNCATED}
SDAH-CG LOCA,PASSENGER,REVIEW,0.550,NUMBER_RANGE,34554,1,17,{LIKELY_TRUNCATED}
SDAH-DDC LOC,PASSENGER,REVIEW,0.550,NUMBER_RANGE,33411,1,4,{LIKELY_TRUNCATED}
SDAH-DH LOCA,PASSENGER,REVIEW,0.550,NUMBER_RANGE,34812,24,549,{LIKELY_TRUNCATED}
SDAH-DKAE LO,PASSENGER,REVIEW,0.550,NUMBER_RANGE,32211,20,180,{LIKELY_TRUNCATED}
SDAH-DTK LOC,PASSENGER,REVIEW,0.550,NUMBER_RANGE,33611,3,39,{LIKELY_TRUNCATED}
SDAH-GBG LOC,PASSENGER,REVIEW,0.550,NUMBER_RANGE,33687,1,20,{LIKELY_TRUNCATED}
SDAH-GEDE LO,PASSENGER,REVIEW,0.550,NUMBER_RANGE,31911,9,323,{LIKELY_TRUNCATED}
SDAH-HB LOCA,PASSENGER,REVIEW,0.550,NUMBER_RANGE,33533,6,114,{LIKELY_TRUNCATED}
SDAH-HNB  LO,PASSENGER,REVIEW,0.550,NUMBER_RANGE,33527,1,25,{LIKELY_TRUNCATED}
SDAH-HNB LOC,PASSENGER,REVIEW,0.550,NUMBER_RANGE,33511,3,79,{LIKELY_TRUNCATED}
SDAH-JRLE DE,PASSENGER,REVIEW,0.600,NUMBER_RANGE,73151,1,48,{LIKELY_TRUNCATED}
SDAH-KLYM LO,PASSENGER,REVIEW,0.550,NUMBER_RANGE,31315,1,21,{LIKELY_TRUNCATED}
SDAH-KNJ LOC,PASSENGER,REVIEW,0.550,NUMBER_RANGE,31801,16,401,{LIKELY_TRUNCATED}
SDAH-KOAA LO,PASSENGER,REVIEW,0.550,NUMBER_RANGE,30452,1,16,{LIKELY_TRUNCATED}
SDAH-KWAE LO,PASSENGER,REVIEW,0.550,NUMBER_RANGE,31111,1,39,{LIKELY_TRUNCATED}
SDAH-LGL MEM,PASSENGER,REVIEW,0.550,NUMBER_RANGE,31843,1,10,{LIKELY_TRUNCATED}
SDAH-LGL PAS,PASSENGER,REVIEW,0.600,NUMBER_RANGE,53171,1,40,{LIKELY_TRUNCATED}
SDAH-LGL PGR,PASSENGER,REVIEW,0.600,NUMBER_RANGE,53175,2,64,{LIKELY_TRUNCATED}
SDAH-LKPR LO,PASSENGER,REVIEW,0.550,NUMBER_RANGE,34712,22,485,{LIKELY_TRUNCATED}
SDAH-MGT LOC,PASSENGER,REVIEW,0.550,NUMBER_RANGE,34898,1,16,{LIKELY_TRUNCATED}
SDAH-MMG LOC,PASSENGER,REVIEW,0.550,NUMBER_RANGE,33421,1,9,{LIKELY_TRUNCATED}
SDAH-NAMKHAN,PASSENGER,REVIEW,0.550,NUMBER_RANGE,34794,1,21,{LIKELY_TRUNCATED}
SDAH-NH LOCA,PASSENGER,REVIEW,0.550,NUMBER_RANGE,31413,5,75,{LIKELY_TRUNCATED}
SDAH-RHA  LO,PASSENGER,REVIEW,0.550,NUMBER_RANGE,31611,2,47,{LIKELY_TRUNCATED}
SDAH-RHA LOC,PASSENGER,REVIEW,0.550,NUMBER_RANGE,31601,10,220,{LIKELY_TRUNCATED}
SDAH-RPH EXP,EXPRESS,REVIEW,0.650,NUMBER_RANGE,13187,1,10,{LIKELY_TRUNCATED}
SDAH-SPR LOC,PASSENGER,REVIEW,0.550,NUMBER_RANGE,34434,2,17,{LIKELY_TRUNCATED}
SDAH-STB LOC,PASSENGER,REVIEW,0.550,NUMBER_RANGE,31511,4,115,{LIKELY_TRUNCATED}
SDAH-TKNR LO,PASSENGER,REVIEW,0.550,NUMBER_RANGE,33895,1,15,{LIKELY_TRUNCATED}
SDL - ABKP M,PASSENGER,REVIEW,0.600,NUMBER_RANGE,68749,1,25,{LIKELY_TRUNCATED}
SDL - ABKP P,PASSENGER,REVIEW,0.600,NUMBER_RANGE,58701,1,24,{LIKELY_TRUNCATED}
SDLP SGNR PA,PASSENGER,REVIEW,0.600,NUMBER_RANGE,54763,1,31,{LIKELY_TRUNCATED}
SDLP TKJ PAS,PASSENGER,REVIEW,0.600,NUMBER_RANGE,54012,1,39,{LIKELY_TRUNCATED}
SDLP-LDH PAS,PASSENGER,REVIEW,0.600,NUMBER_RANGE,54605,1,35,{LIKELY_TRUNCATED}
SEALDAH EXPR,EXPRESS,REVIEW,0.650,NUMBER_RANGE,13152,1,97,{LIKELY_TRUNCATED}
SEE - SPJ DE,PASSENGER,REVIEW,0.600,NUMBER_RANGE,75212,1,19,{LIKELY_TRUNCATED}
SEE-BJU MEMU,PASSENGER,REVIEW,0.600,NUMBER_RANGE,63286,1,20,{LIKELY_TRUNCATED}
SEE-CPR DEMU,PASSENGER,REVIEW,0.600,NUMBER_RANGE,75201,2,25,{LIKELY_TRUNCATED}
SEWAGRAM EXP,SUPERFAST,REVIEW,0.700,NUMBER_RANGE,12139,2,66,{LIKELY_TRUNCATED}
SGG-JMP PGR.,PASSENGER,REVIEW,0.600,NUMBER_RANGE,73911,2,8,{LIKELY_TRUNCATED}
SGL-RXL DEMU,PASSENGER,REVIEW,0.600,NUMBER_RANGE,75214,1,5,{LIKELY_TRUNCATED}
SGNR - UMB I,EXPRESS,REVIEW,0.650,NUMBER_RANGE,14526,1,15,{LIKELY_TRUNCATED}
SGNR HW  EXP,EXPRESS,REVIEW,0.650,NUMBER_RANGE,14712,1,21,{LIKELY_TRUNCATED}
SGNR JAT EXP,EXPRESS,REVIEW,0.650,NUMBER_RANGE,14713,1,15,{LIKELY_TRUNCATED}
SGNR NED EXP,SUPERFAST,REVIEW,0.700,NUMBER_RANGE,12486,1,27,{LIKELY_TRUNCATED}
SGNR SDLP PA,PASSENGER,REVIEW,0.600,NUMBER_RANGE,54764,1,26,{LIKELY_TRUNCATED}
SGNR TPJ HUM,SUPERFAST,REVIEW,0.700,NUMBER_RANGE,22497,1,37,{LIKELY_TRUNCATED}
SGNR-BTI PAS,PASSENGER,REVIEW,0.600,NUMBER_RANGE,54754,2,36,{LIKELY_TRUNCATED}
SGNR-FZR EXP,EXPRESS,REVIEW,0.650,NUMBER_RANGE,14602,1,10,{LIKELY_TRUNCATED}
SGNR-RE PASS,PASSENGER,REVIEW,0.600,NUMBER_RANGE,54752,1,48,{LIKELY_TRUNCATED}
SGNR-SOG PAS,PASSENGER,REVIEW,0.600,NUMBER_RANGE,54759,2,33,{LIKELY_TRUNCATED}
SGNR-UMB PAS,PASSENGER,REVIEW,0.600,NUMBER_RANGE,54758,1,43,{LIKELY_TRUNCATED}
SGRL-BPL SF,SUPERFAST,REVIEW,0.700,NUMBER_RANGE,22166,1,11,{ROUTE_CODE_STYLE}
SGRL-BSB INT,EXPRESS,REVIEW,0.650,NUMBER_RANGE,13346,1,9,{LIKELY_TRUNCATED}
SGRL-JBP INT,EXPRESS,REVIEW,0.650,NUMBER_RANGE,11652,1,14,{LIKELY_TRUNCATED}
SGUJ - BLGT,EXPRESS,REVIEW,0.650,NUMBER_RANGE,15464,1,15,{}
SGUJ - BXT D,PASSENGER,REVIEW,0.600,NUMBER_RANGE,75717,1,29,{LIKELY_TRUNCATED}
SGUJ - BXT P,PASSENGER,REVIEW,0.600,NUMBER_RANGE,55467,1,34,{LIKELY_TRUNCATED}
SGUJ - DHH P,PASSENGER,REVIEW,0.600,NUMBER_RANGE,75715,1,30,{LIKELY_TRUNCATED}
SGUJ - NCB D,PASSENGER,REVIEW,0.600,NUMBER_RANGE,75713,1,20,{LIKELY_TRUNCATED}
SGUJ - RDP D,PASSENGER,REVIEW,0.600,NUMBER_RANGE,75708,1,28,{LIKELY_TRUNCATED}
SGUJ- MLFC D,PASSENGER,REVIEW,0.600,NUMBER_RANGE,75720,1,44,{LIKELY_TRUNCATED}
SGUJ-DBB INT,EXPRESS,REVIEW,0.650,NUMBER_RANGE,15765,1,19,{LIKELY_TRUNCATED}
SGUJ-HDB PAS,PASSENGER,REVIEW,0.600,NUMBER_RANGE,75721,1,12,{LIKELY_TRUNCATED}
SGUJ-KIR INT,EXPRESS,REVIEW,0.650,NUMBER_RANGE,15720,1,18,{LIKELY_TRUNCATED}
SHAHEED EXP,EXPRESS,REVIEW,0.650,NUMBER_RANGE,14674,1,58,{}
SHAHEED EXPR,EXPRESS,REVIEW,0.650,NUMBER_RANGE,14673,1,58,{LIKELY_TRUNCATED}
SHAJANPUR DE,PASSENGER,REVIEW,0.600,NUMBER_RANGE,54075,1,40,{LIKELY_TRUNCATED}
SHAKTIPUNJ E,EXPRESS,REVIEW,0.650,NUMBER_RANGE,11447,2,91,{LIKELY_TRUNCATED}
SHALIMAR EXP,EXPRESS,REVIEW,0.650,NUMBER_RANGE,14645,3,94,{LIKELY_TRUNCATED}
SHALIMAR-GOR,EXPRESS,REVIEW,0.650,NUMBER_RANGE,15021,1,15,{LIKELY_TRUNCATED}
SHAMLI-DELHI,PASSENGER,REVIEW,0.600,NUMBER_RANGE,74026,1,24,{LIKELY_TRUNCATED}
SHAN-E- BHOP,SUPERFAST,REVIEW,0.700,NUMBER_RANGE,12156,1,10,{LIKELY_TRUNCATED}
SHAN-E-BPL E,SUPERFAST,REVIEW,0.700,NUMBER_RANGE,12155,1,10,{LIKELY_TRUNCATED}
SHANE PUNJAB,SUPERFAST,REVIEW,0.700,NUMBER_RANGE,12497,2,29,{LIKELY_TRUNCATED}
SHANTINIKETA,SUPERFAST,REVIEW,0.700,NUMBER_RANGE,12337,2,8,{LIKELY_TRUNCATED}
SHARAVATHI E,EXPRESS,REVIEW,0.650,NUMBER_RANGE,11035,1,27,{LIKELY_TRUNCATED}
SHARAVATI EX,EXPRESS,REVIEW,0.650,NUMBER_RANGE,11036,1,26,{LIKELY_TRUNCATED}
SHC - SPJ PA,PASSENGER,REVIEW,0.600,NUMBER_RANGE,55553,1,23,{LIKELY_TRUNCATED}
SHC -SPJ PAS,PASSENGER,REVIEW,0.600,NUMBER_RANGE,55565,1,19,{LIKELY_TRUNCATED}
SHC- SPJ PAS,PASSENGER,REVIEW,0.600,NUMBER_RANGE,55533,1,23,{LIKELY_TRUNCATED}
SHC-ANVT JSA,EXPRESS,REVIEW,0.650,NUMBER_RANGE,15529,1,25,{LIKELY_TRUNCATED}
SHC-ASR JANS,EXPRESS,REVIEW,0.650,NUMBER_RANGE,15209,1,48,{LIKELY_TRUNCATED}
SHC-ASR JSAD,EXPRESS,REVIEW,0.650,NUMBER_RANGE,15531,1,28,{LIKELY_TRUNCATED}
SHC-BJU EXPR,EXPRESS,REVIEW,0.650,NUMBER_RANGE,15275,2,19,{LIKELY_TRUNCATED}
SHC-DMH PASS,PASSENGER,REVIEW,0.600,NUMBER_RANGE,55570,1,3,{LIKELY_TRUNCATED}
SHC-DNR JANH,EXPRESS,REVIEW,0.650,NUMBER_RANGE,13205,1,9,{LIKELY_TRUNCATED}
SHC-PNBE RAJ,SUPERFAST,REVIEW,0.700,NUMBER_RANGE,12567,1,9,{LIKELY_TRUNCATED}
SHC-SPJ PASS,PASSENGER,REVIEW,0.600,NUMBER_RANGE,55555,3,58,{LIKELY_TRUNCATED}
SHE-HWH LOCA,PASSENGER,REVIEW,0.550,NUMBER_RANGE,37042,14,140,{LIKELY_TRUNCATED}
SHE-TAK LOCA,PASSENGER,REVIEW,0.550,NUMBER_RANGE,37411,2,24,{LIKELY_TRUNCATED}
SHESHADRI EX,EXPRESS,REVIEW,0.650,NUMBER_RANGE,17210,1,36,{LIKELY_TRUNCATED}
SHG - BUI  P,PASSENGER,REVIEW,0.600,NUMBER_RANGE,55138,2,52,{LIKELY_TRUNCATED}
SHG-MAU-ARJ,PASSENGER,REVIEW,0.600,NUMBER_RANGE,55163,1,24,{ROUTE_CODE_STYLE}
SHIPRA EXP,SUPERFAST,REVIEW,0.700,NUMBER_RANGE,22912,1,34,{}
SHIPRA EXPRE,SUPERFAST,REVIEW,0.700,NUMBER_RANGE,22911,1,34,{LIKELY_TRUNCATED}
SHIV GANGA E,SUPERFAST,REVIEW,0.700,NUMBER_RANGE,12559,1,4,{LIKELY_TRUNCATED}
SHIVGANGA,SUPERFAST,REVIEW,0.700,NUMBER_RANGE,12560,1,4,{}
SHM - MAS S/,SUPERFAST,REVIEW,0.700,NUMBER_RANGE,22825,1,24,{LIKELY_TRUNCATED}
SHM - SC S/F,SUPERFAST,REVIEW,0.700,NUMBER_RANGE,22849,1,20,{LIKELY_TRUNCATED}
SHM - VSKP W,SUPERFAST,REVIEW,0.700,NUMBER_RANGE,22853,1,16,{LIKELY_TRUNCATED}
SHM LTT KURL,EXPRESS,REVIEW,0.650,NUMBER_RANGE,18030,1,82,{LIKELY_TRUNCATED}
SHM MCA LOCA,PASSENGER,REVIEW,0.550,NUMBER_RANGE,38305,1,18,{LIKELY_TRUNCATED}
SHM SRC LOCA,PASSENGER,REVIEW,0.550,NUMBER_RANGE,38031,2,6,{LIKELY_TRUNCATED}
SHM TVC SF E,SUPERFAST,REVIEW,0.700,NUMBER_RANGE,22642,1,37,{LIKELY_TRUNCATED}
SHM UDZ EXPR,EXPRESS,REVIEW,0.650,NUMBER_RANGE,19659,1,24,{LIKELY_TRUNCATED}
SHM-ADRA RAJ,SUPERFAST,REVIEW,0.700,NUMBER_RANGE,22861,2,20,{LIKELY_TRUNCATED}
SHM-BJE  ARA,SUPERFAST,REVIEW,0.700,NUMBER_RANGE,12885,1,13,{LIKELY_TRUNCATED}
SHM-BPO SIML,EXPRESS,REVIEW,0.650,NUMBER_RANGE,18007,1,13,{LIKELY_TRUNCATED}
SHM-BVJ EXP,SUPERFAST,REVIEW,0.700,NUMBER_RANGE,22830,1,31,{ROUTE_CODE_STYLE}
SHM-NCJ GURU,SUPERFAST,REVIEW,0.700,NUMBER_RANGE,12660,1,44,{LIKELY_TRUNCATED}
SHM-PNBE DUR,SUPERFAST,REVIEW,0.700,NUMBER_RANGE,22213,1,4,{LIKELY_TRUNCATED}
SHM-PURI S/F,SUPERFAST,REVIEW,0.700,NUMBER_RANGE,22835,1,11,{LIKELY_TRUNCATED}
SHM-SC AC EX,SUPERFAST,REVIEW,0.700,NUMBER_RANGE,12773,1,16,{LIKELY_TRUNCATED}
SHRADDHA SET,EXPRESS,REVIEW,0.650,NUMBER_RANGE,16793,2,40,{LIKELY_TRUNCATED}
SHRAM SHKTI,SUPERFAST,REVIEW,0.700,NUMBER_RANGE,12451,2,6,{}
SHRAMIK EXPR,EXPRESS,REVIEW,0.650,NUMBER_RANGE,19051,1,17,{LIKELY_TRUNCATED}
SHRAMJEEVI E,SUPERFAST,REVIEW,0.700,NUMBER_RANGE,12391,2,66,{LIKELY_TRUNCATED}
SHRI SHAKTI,SUPERFAST,REVIEW,0.700,NUMBER_RANGE,22461,2,16,{}
SHRIDHAM SUP,SUPERFAST,REVIEW,0.700,NUMBER_RANGE,12191,1,24,{LIKELY_TRUNCATED}
SHTS-MB DMU,PASSENGER,REVIEW,0.600,NUMBER_RANGE,74301,3,27,{ROUTE_CODE_STYLE}
SHTS-MB PASS,PASSENGER,REVIEW,0.600,NUMBER_RANGE,54397,1,9,{LIKELY_TRUNCATED}
SHTT - GHY D,PASSENGER,REVIEW,0.600,NUMBER_RANGE,75730,1,16,{LIKELY_TRUNCATED}
SHTT-APDJ RA,EXPRESS,REVIEW,0.650,NUMBER_RANGE,15418,1,26,{LIKELY_TRUNCATED}
SIDHAGANAGA,SUPERFAST,REVIEW,0.700,NUMBER_RANGE,12725,1,17,{}
SIDHAGANGA I,SUPERFAST,REVIEW,0.700,NUMBER_RANGE,12726,1,17,{LIKELY_TRUNCATED}
SIFHUNG PASS,PASSENGER,REVIEW,0.600,NUMBER_RANGE,55753,2,68,{LIKELY_TRUNCATED}
SIKKIM MAHAN,EXPRESS,REVIEW,0.650,NUMBER_RANGE,15483,2,117,{LIKELY_TRUNCATED}
SIKR  RE PAS,PASSENGER,REVIEW,0.600,NUMBER_RANGE,59727,1,25,{LIKELY_TRUNCATED}
SIKR CUR DEM,PASSENGER,REVIEW,0.600,NUMBER_RANGE,74857,1,9,{LIKELY_TRUNCATED}
SIKR DEE,EXPRESS,REVIEW,0.650,NUMBER_RANGE,14022,1,18,{}
SIKR DEE EXP,EXPRESS,REVIEW,0.650,NUMBER_RANGE,14811,1,12,{LIKELY_TRUNCATED}
SIKR RE PASS,PASSENGER,REVIEW,0.600,NUMBER_RANGE,59729,1,17,{LIKELY_TRUNCATED}
SIKR-FPS,PASSENGER,REVIEW,0.600,NUMBER_RANGE,59736,1,4,{ROUTE_CODE_STYLE}
SINGARENI,PASSENGER,REVIEW,0.600,NUMBER_RANGE,57123,2,83,{}
SINHAGAD EXP,EXPRESS,REVIEW,0.650,NUMBER_RANGE,11009,2,23,{LIKELY_TRUNCATED}
SIRSA- LUDHI,PASSENGER,REVIEW,0.600,NUMBER_RANGE,54633,1,36,{LIKELY_TRUNCATED}
SITAMARI-KOL,EXPRESS,REVIEW,0.650,NUMBER_RANGE,13166,1,15,{LIKELY_TRUNCATED}
SIU - HWH LO,PASSENGER,REVIEW,0.550,NUMBER_RANGE,37304,1,13,{LIKELY_TRUNCATED}
SIU-HWH LOCA,PASSENGER,REVIEW,0.550,NUMBER_RANGE,37306,1,13,{LIKELY_TRUNCATED}
SJN-ST MEMU,PASSENGER,REVIEW,0.600,NUMBER_RANGE,69141,1,22,{ROUTE_CODE_STYLE}
SJN-UBR MEMU,PASSENGER,REVIEW,0.600,NUMBER_RANGE,69144,1,12,{LIKELY_TRUNCATED}
SKB-KSJ PASS,PASSENGER,REVIEW,0.600,NUMBER_RANGE,55329,1,33,{LIKELY_TRUNCATED}
SKB-PHD MEMU,PASSENGER,REVIEW,0.600,NUMBER_RANGE,64164,1,13,{LIKELY_TRUNCATED}
SKP1,EMU,REVIEW,0.750,NUMBER_RANGE,96001,1,2,{}
SKP10,EMU,REVIEW,0.750,NUMBER_RANGE,96010,1,2,{}
SKP11,EMU,REVIEW,0.750,NUMBER_RANGE,96013,1,2,{}
SKP12,EMU,REVIEW,0.750,NUMBER_RANGE,96012,1,2,{}
SKP13,EMU,REVIEW,0.750,NUMBER_RANGE,96015,1,2,{}
SKP14,EMU,REVIEW,0.750,NUMBER_RANGE,96014,1,2,{}
SKP15,EMU,REVIEW,0.750,NUMBER_RANGE,96017,1,2,{}
SKP16,EMU,REVIEW,0.750,NUMBER_RANGE,96016,1,2,{}
SKP18,EMU,REVIEW,0.750,NUMBER_RANGE,96018,1,2,{}
SKP2,EMU,REVIEW,0.750,NUMBER_RANGE,96002,1,2,{}
SKP20,EMU,REVIEW,0.750,NUMBER_RANGE,96022,1,2,{}
SKP3,EMU,REVIEW,0.750,NUMBER_RANGE,96005,1,2,{}
SKP4,EMU,REVIEW,0.750,NUMBER_RANGE,96004,1,2,{}
SKP5,EMU,REVIEW,0.750,NUMBER_RANGE,96007,1,2,{}
SKP6,EMU,REVIEW,0.750,NUMBER_RANGE,96006,1,2,{}
SKP7,EMU,REVIEW,0.750,NUMBER_RANGE,96009,1,2,{}
SKP8,EMU,REVIEW,0.750,NUMBER_RANGE,96008,1,2,{}
SKP9,EMU,REVIEW,0.750,NUMBER_RANGE,96011,1,2,{}
SKTN-CPU PAS,PASSENGER,REVIEW,0.600,NUMBER_RANGE,51678,1,11,{LIKELY_TRUNCATED}
SKZR-SC  EXP,SUPERFAST,REVIEW,0.700,NUMBER_RANGE,12758,1,14,{LIKELY_TRUNCATED}
SKZR-SC-INTE,EXPRESS,REVIEW,0.650,NUMBER_RANGE,17012,1,20,{LIKELY_TRUNCATED}
SLGR - DBRT,PASSENGER,REVIEW,0.600,NUMBER_RANGE,55909,1,13,{}
SLI MRJ PASS,PASSENGER,REVIEW,0.600,NUMBER_RANGE,51429,1,8,{LIKELY_TRUNCATED}
SLN ADI EXP,EXPRESS,REVIEW,0.650,NUMBER_RANGE,19404,1,20,{}
SLN LTT SF S,SUPERFAST,REVIEW,0.700,NUMBER_RANGE,12144,1,14,{LIKELY_TRUNCATED}
SLN-BSB PASS,PASSENGER,REVIEW,0.600,NUMBER_RANGE,54264,2,42,{LIKELY_TRUNCATED}
SLN-LKO MEMU,PASSENGER,REVIEW,0.600,NUMBER_RANGE,64281,1,18,{LIKELY_TRUNCATED}
SLN-LKO PASS,PASSENGER,REVIEW,0.600,NUMBER_RANGE,54281,2,37,{LIKELY_TRUNCATED}
SMET-MYS PAS,PASSENGER,REVIEW,0.600,NUMBER_RANGE,56269,2,48,{LIKELY_TRUNCATED}
SMET-RRB PAS,PASSENGER,REVIEW,0.600,NUMBER_RANGE,56271,2,16,{LIKELY_TRUNCATED}
SMET-SBC  SF,EXPRESS,REVIEW,0.650,NUMBER_RANGE,20652,1,11,{LIKELY_TRUNCATED}
SMET-SBC PAS,PASSENGER,REVIEW,0.600,NUMBER_RANGE,56228,1,41,{LIKELY_TRUNCATED}
SMET-TLGP PA,PASSENGER,REVIEW,0.600,NUMBER_RANGE,56218,1,7,{LIKELY_TRUNCATED}
SMET-YPR BI-,EXPRESS,REVIEW,0.650,NUMBER_RANGE,16580,1,9,{LIKELY_TRUNCATED}
SMET-YPR TRI,EXPRESS,REVIEW,0.650,NUMBER_RANGE,16582,1,10,{LIKELY_TRUNCATED}
SMI - NJP WE,EXPRESS,REVIEW,0.650,NUMBER_RANGE,15724,1,13,{LIKELY_TRUNCATED}
SMI-RXL DEMU,PASSENGER,REVIEW,0.600,NUMBER_RANGE,75234,1,9,{LIKELY_TRUNCATED}
SML-KLK,PASSENGER,REVIEW,0.600,NUMBER_RANGE,52456,2,13,{ROUTE_CODE_STYLE}
SML-KLK MAIL,PASSENGER,REVIEW,0.600,NUMBER_RANGE,52454,1,14,{LIKELY_TRUNCATED}
SML-KLK PASS,PASSENGER,REVIEW,0.600,NUMBER_RANGE,52458,1,18,{LIKELY_TRUNCATED}
SMNH -ADI EX,EXPRESS,REVIEW,0.650,NUMBER_RANGE,19120,1,19,{LIKELY_TRUNCATED}
SMNH -RJT PA,PASSENGER,REVIEW,0.600,NUMBER_RANGE,59508,1,18,{LIKELY_TRUNCATED}
SMNH OKHA EX,EXPRESS,REVIEW,0.650,NUMBER_RANGE,19251,1,17,{LIKELY_TRUNCATED}
SMNH RJT PAS,PASSENGER,REVIEW,0.600,NUMBER_RANGE,59422,1,22,{LIKELY_TRUNCATED}
SMNH-JBP EXP,EXPRESS,REVIEW,0.650,NUMBER_RANGE,11463,2,99,{LIKELY_TRUNCATED}
SMNH-PBR PAS,PASSENGER,REVIEW,0.600,NUMBER_RANGE,59298,1,23,{LIKELY_TRUNCATED}
SMQL DLI PAS,PASSENGER,REVIEW,0.600,NUMBER_RANGE,54058,2,48,{LIKELY_TRUNCATED}
SMQL-DLI PAS,PASSENGER,REVIEW,0.600,NUMBER_RANGE,51905,1,24,{LIKELY_TRUNCATED}
SMQL-SRE PAS,PASSENGER,REVIEW,0.600,NUMBER_RANGE,51907,1,13,{LIKELY_TRUNCATED}
SNDT-DHN PAS,PASSENGER,REVIEW,0.600,NUMBER_RANGE,53323,2,13,{LIKELY_TRUNCATED}
SNDT-GMO PAS,PASSENGER,REVIEW,0.600,NUMBER_RANGE,53327,1,12,{LIKELY_TRUNCATED}
SNP-JIND,PASSENGER,REVIEW,0.600,NUMBER_RANGE,74029,1,14,{ROUTE_CODE_STYLE}
SNP-JIND DMU,PASSENGER,REVIEW,0.600,NUMBER_RANGE,74019,1,14,{LIKELY_TRUNCATED}
SNP-SBB 12CA,PASSENGER,REVIEW,0.600,NUMBER_RANGE,64004,1,14,{LIKELY_TRUNCATED}
SNSI-BZA EXP,EXPRESS,REVIEW,0.650,NUMBER_RANGE,17207,1,32,{LIKELY_TRUNCATED}
SNSI-CCT EXP,EXPRESS,REVIEW,0.650,NUMBER_RANGE,17205,1,39,{LIKELY_TRUNCATED}
SNSI-DR SF E,SUPERFAST,REVIEW,0.700,NUMBER_RANGE,22148,1,8,{LIKELY_TRUNCATED}
SNSI-HWH EXP,SUPERFAST,REVIEW,0.700,NUMBER_RANGE,22893,1,16,{LIKELY_TRUNCATED}
SNSI-J,PASSENGER,REVIEW,0.600,NUMBER_RANGE,77658,1,19,{}
SNSI-KLK SUP,SUPERFAST,REVIEW,0.700,NUMBER_RANGE,22455,1,15,{LIKELY_TRUNCATED}
SNSI-MAS EXP,SUPERFAST,REVIEW,0.700,NUMBER_RANGE,22602,1,24,{LIKELY_TRUNCATED}
SNSI-MYS EXP,EXPRESS,REVIEW,0.650,NUMBER_RANGE,16218,1,24,{LIKELY_TRUNCATED}
SNSI-PURI WE,EXPRESS,REVIEW,0.650,NUMBER_RANGE,18408,1,26,{LIKELY_TRUNCATED}
SNSI-PVR EXP,EXPRESS,REVIEW,0.650,NUMBER_RANGE,11001,1,12,{LIKELY_TRUNCATED}
SNSI-SC EXP,EXPRESS,REVIEW,0.650,NUMBER_RANGE,17001,1,25,{ROUTE_CODE_STYLE}
SNSI-TPTY WE,EXPRESS,REVIEW,0.650,NUMBER_RANGE,17418,1,38,{LIKELY_TRUNCATED}
SNSI-VSKP WE,EXPRESS,REVIEW,0.650,NUMBER_RANGE,18504,1,25,{LIKELY_TRUNCATED}
SNT-UDL PGR,PASSENGER,REVIEW,0.600,NUMBER_RANGE,63534,3,42,{ROUTE_CODE_STYLE}
SNT-UDL PGR.,PASSENGER,REVIEW,0.600,NUMBER_RANGE,63532,1,14,{LIKELY_TRUNCATED}
SOE-GWO PASS,PASSENGER,REVIEW,0.600,NUMBER_RANGE,52172,1,28,{LIKELY_TRUNCATED}
SOE-SBL PASS,PASSENGER,REVIEW,0.600,NUMBER_RANGE,52178,1,14,{LIKELY_TRUNCATED}
SOG - APH PA,PASSENGER,REVIEW,0.600,NUMBER_RANGE,59708,1,9,{LIKELY_TRUNCATED}
SOG-APH HOLI,PASSENGER,REVIEW,0.600,NUMBER_RANGE,59732,2,19,{LIKELY_TRUNCATED}
SOG-APH PASS,PASSENGER,REVIEW,0.600,NUMBER_RANGE,59710,1,11,{LIKELY_TRUNCATED}
SOG-BTI  PAS,PASSENGER,REVIEW,0.600,NUMBER_RANGE,59712,1,17,{LIKELY_TRUNCATED}
SOG-JP PASS.,PASSENGER,REVIEW,0.600,NUMBER_RANGE,59705,1,55,{LIKELY_TRUNCATED}
SOG-SGNR PAS,PASSENGER,REVIEW,0.600,NUMBER_RANGE,54760,2,32,{LIKELY_TRUNCATED}
SOMNATH EXPR,SUPERFAST,REVIEW,0.700,NUMBER_RANGE,22957,1,16,{LIKELY_TRUNCATED}
SONA - BQA P,PASSENGER,REVIEW,0.600,NUMBER_RANGE,78057,1,8,{LIKELY_TRUNCATED}
SOUTH BIHAR,EXPRESS,REVIEW,0.650,NUMBER_RANGE,13287,2,103,{}
SPA BWN LOCA,PASSENGER,REVIEW,0.550,NUMBER_RANGE,35018,1,15,{LIKELY_TRUNCATED}
SPC BLM CNB,PASSENGER,REVIEW,0.600,NUMBER_RANGE,54326,1,30,{}
SPC SPN PASS,PASSENGER,REVIEW,0.600,NUMBER_RANGE,54327,1,11,{LIKELY_TRUNCATED}
SPC-GD  PASS,PASSENGER,REVIEW,0.600,NUMBER_RANGE,55034,1,25,{LIKELY_TRUNCATED}
SPE - GPD,PASSENGER,REVIEW,0.550,NUMBER_RANGE,42452,1,6,{}
SPE-MMC EMU,PASSENGER,REVIEW,0.550,NUMBER_RANGE,42402,9,184,{ROUTE_CODE_STYLE}
SPE-MMC MEMU,PASSENGER,REVIEW,0.600,NUMBER_RANGE,66038,1,12,{LIKELY_TRUNCATED}
SPE-MMC PASS,PASSENGER,REVIEW,0.600,NUMBER_RANGE,66026,1,21,{LIKELY_TRUNCATED}
SPE-MMCC PAS,PASSENGER,REVIEW,0.600,NUMBER_RANGE,66028,1,21,{LIKELY_TRUNCATED}
SPE-MSB EMU,PASSENGER,REVIEW,0.550,NUMBER_RANGE,42802,2,44,{ROUTE_CODE_STYLE}
SPE-NLR MEMU,PASSENGER,REVIEW,0.600,NUMBER_RANGE,66037,1,10,{LIKELY_TRUNCATED}
SPE-NLR PASS,PASSENGER,REVIEW,0.600,NUMBER_RANGE,66029,2,24,{LIKELY_TRUNCATED}
SPE-VLCY LOC,PASSENGER,REVIEW,0.550,NUMBER_RANGE,42852,2,38,{LIKELY_TRUNCATED}
SPJ - DBG DE,PASSENGER,REVIEW,0.600,NUMBER_RANGE,75253,1,8,{LIKELY_TRUNCATED}
SPJ - JYG DE,PASSENGER,REVIEW,0.600,NUMBER_RANGE,75209,1,16,{LIKELY_TRUNCATED}
SPJ - JYG PA,PASSENGER,REVIEW,0.600,NUMBER_RANGE,55519,1,16,{LIKELY_TRUNCATED}
SPJ - SHC PA,PASSENGER,REVIEW,0.600,NUMBER_RANGE,55554,1,23,{LIKELY_TRUNCATED}
SPJ- SHC PAS,PASSENGER,REVIEW,0.600,NUMBER_RANGE,55534,1,23,{LIKELY_TRUNCATED}
SPJ-BJU PASS,PASSENGER,REVIEW,0.600,NUMBER_RANGE,55238,2,19,{LIKELY_TRUNCATED}
SPJ-JYG PASS,PASSENGER,REVIEW,0.600,NUMBER_RANGE,55513,1,16,{LIKELY_TRUNCATED}
SPJ-KIR PASS,PASSENGER,REVIEW,0.600,NUMBER_RANGE,55538,1,35,{LIKELY_TRUNCATED}
SPJ-MFP DEMU,PASSENGER,REVIEW,0.600,NUMBER_RANGE,75207,1,23,{LIKELY_TRUNCATED}
SPJ-MFP PASS,PASSENGER,REVIEW,0.600,NUMBER_RANGE,55227,2,19,{LIKELY_TRUNCATED}
SPJ-RXL DEMU,PASSENGER,REVIEW,0.600,NUMBER_RANGE,75225,1,23,{LIKELY_TRUNCATED}
SPJ-RXL-DEMU,PASSENGER,REVIEW,0.600,NUMBER_RANGE,75227,1,29,{LIKELY_TRUNCATED}
SPJ-SEE DEMU,PASSENGER,REVIEW,0.600,NUMBER_RANGE,75211,1,19,{LIKELY_TRUNCATED}
SPJ-SHC PASS,PASSENGER,REVIEW,0.600,NUMBER_RANGE,55556,4,84,{LIKELY_TRUNCATED}
SPJ-SV PASSE,PASSENGER,REVIEW,0.600,NUMBER_RANGE,55021,1,40,{LIKELY_TRUNCATED}
SPN SCC PASS,PASSENGER,REVIEW,0.600,NUMBER_RANGE,54328,1,11,{LIKELY_TRUNCATED}
SPN-BLM PASS,PASSENGER,REVIEW,0.600,NUMBER_RANGE,54330,1,16,{LIKELY_TRUNCATED}
SPN-SCC PASS,PASSENGER,REVIEW,0.600,NUMBER_RANGE,55046,1,13,{LIKELY_TRUNCATED}
SPR - BRP LO,PASSENGER,REVIEW,0.550,NUMBER_RANGE,34312,1,4,{LIKELY_TRUNCATED}
SPR - CG LOC,PASSENGER,REVIEW,0.550,NUMBER_RANGE,34352,3,28,{LIKELY_TRUNCATED}
SPR - SDAH L,PASSENGER,REVIEW,0.550,NUMBER_RANGE,34411,10,80,{LIKELY_TRUNCATED}
SPR DH LOCAL,PASSENGER,REVIEW,0.550,NUMBER_RANGE,34882,1,17,{LIKELY_TRUNCATED}
SPR-CG LOCAL,PASSENGER,REVIEW,0.550,NUMBER_RANGE,34358,2,19,{LIKELY_TRUNCATED}
SPR-SDAH LOC,PASSENGER,REVIEW,0.550,NUMBER_RANGE,34431,1,8,{LIKELY_TRUNCATED}
SQB-OMLF PAS,PASSENGER,REVIEW,0.600,NUMBER_RANGE,55709,1,4,{LIKELY_TRUNCATED}
SRC - AII EX,EXPRESS,REVIEW,0.650,NUMBER_RANGE,18009,1,24,{LIKELY_TRUNCATED}
SRC - MAQ SF,SUPERFAST,REVIEW,0.700,NUMBER_RANGE,22851,1,40,{LIKELY_TRUNCATED}
SRC - MAS AC,SUPERFAST,REVIEW,0.700,NUMBER_RANGE,22807,1,18,{LIKELY_TRUNCATED}
SRC - MCA LO,PASSENGER,REVIEW,0.550,NUMBER_RANGE,38301,1,17,{LIKELY_TRUNCATED}
SRC - TPTY W,SUPERFAST,REVIEW,0.700,NUMBER_RANGE,22855,1,18,{LIKELY_TRUNCATED}
SRC ANVT WEE,SUPERFAST,REVIEW,0.700,NUMBER_RANGE,22857,1,11,{LIKELY_TRUNCATED}
SRC PKU LOCA,PASSENGER,REVIEW,0.550,NUMBER_RANGE,38407,1,21,{LIKELY_TRUNCATED}
SRC PURULIA,SUPERFAST,REVIEW,0.700,NUMBER_RANGE,12883,1,12,{}
SRC SHM LOCA,PASSENGER,REVIEW,0.550,NUMBER_RANGE,38032,3,9,{LIKELY_TRUNCATED}
SRC-JGM MEMU,PASSENGER,REVIEW,0.600,NUMBER_RANGE,68001,1,14,{LIKELY_TRUNCATED}
SRC-KGP LOCA,PASSENGER,REVIEW,0.550,NUMBER_RANGE,38709,1,29,{LIKELY_TRUNCATED}
SRC-NED  EXP,SUPERFAST,REVIEW,0.700,NUMBER_RANGE,12768,1,19,{LIKELY_TRUNCATED}
SRC-PRDP WEE,SUPERFAST,REVIEW,0.700,NUMBER_RANGE,22813,1,12,{LIKELY_TRUNCATED}
SRC-ULB,PASSENGER,REVIEW,0.550,NUMBER_RANGE,38101,1,9,{ROUTE_CODE_STYLE}
SRC-ULB EMU,PASSENGER,REVIEW,0.550,NUMBER_RANGE,38107,1,9,{ROUTE_CODE_STYLE}
SRDR RTGH,PASSENGER,REVIEW,0.600,NUMBER_RANGE,74850,3,24,{}
SRE - DDN PA,PASSENGER,REVIEW,0.600,NUMBER_RANGE,54341,1,21,{LIKELY_TRUNCATED}
SRE - DLI ME,PASSENGER,REVIEW,0.600,NUMBER_RANGE,64560,1,28,{LIKELY_TRUNCATED}
SRE - LKO PA,PASSENGER,REVIEW,0.600,NUMBER_RANGE,54252,1,75,{LIKELY_TRUNCATED}
SRE DLI EXP,EXPRESS,REVIEW,0.650,NUMBER_RANGE,14546,1,27,{}
SRE-CDG LINK,SUPERFAST,REVIEW,0.700,NUMBER_RANGE,22687,1,4,{LIKELY_TRUNCATED}
SRE-DLI MEMU,PASSENGER,REVIEW,0.600,NUMBER_RANGE,64558,1,28,{LIKELY_TRUNCATED}
SRE-MB MEMU,PASSENGER,REVIEW,0.600,NUMBER_RANGE,64566,1,30,{ROUTE_CODE_STYLE}
SRE-NLDM PAS,PASSENGER,REVIEW,0.600,NUMBER_RANGE,64511,2,64,{LIKELY_TRUNCATED}
SRE-SMQL PAS,PASSENGER,REVIEW,0.600,NUMBER_RANGE,51908,1,13,{LIKELY_TRUNCATED}
SRE-SMQL-DLI,PASSENGER,REVIEW,0.600,NUMBER_RANGE,51910,3,100,{LIKELY_TRUNCATED}
SREL-DLI DMU,PASSENGER,REVIEW,0.600,NUMBER_RANGE,74024,1,36,{LIKELY_TRUNCATED}
SRIJAGANNATH,EXPRESS,REVIEW,0.650,NUMBER_RANGE,18409,2,41,{LIKELY_TRUNCATED}
SRISATYASAIP,SUPERFAST,REVIEW,0.700,NUMBER_RANGE,22832,1,19,{LIKELY_TRUNCATED}
SRMT-DHO-PAS,PASSENGER,REVIEW,0.600,NUMBER_RANGE,52180,2,18,{LIKELY_TRUNCATED}
SRP-HWH LOCA,PASSENGER,REVIEW,0.550,NUMBER_RANGE,37012,5,45,{LIKELY_TRUNCATED}
SRR CBE PASS,PASSENGER,REVIEW,0.600,NUMBER_RANGE,66604,1,14,{LIKELY_TRUNCATED}
SRR-CBE PASS,PASSENGER,REVIEW,0.600,NUMBER_RANGE,56604,1,14,{LIKELY_TRUNCATED}
SRR-CLT PASS,PASSENGER,REVIEW,0.600,NUMBER_RANGE,56601,1,16,{LIKELY_TRUNCATED}
SRR-ERS PASS,PASSENGER,REVIEW,0.600,NUMBER_RANGE,56361,1,22,{LIKELY_TRUNCATED}
SRR-NIL EXP,EXPRESS,REVIEW,0.650,NUMBER_RANGE,16349,1,9,{ROUTE_CODE_STYLE}
SRR-NIL PASS,PASSENGER,REVIEW,0.600,NUMBER_RANGE,56613,4,48,{LIKELY_TRUNCATED}
SRU-BHJ  PAS,PASSENGER,REVIEW,0.600,NUMBER_RANGE,55145,1,5,{LIKELY_TRUNCATED}
SRU-BHJ PASS,PASSENGER,REVIEW,0.600,NUMBER_RANGE,55105,1,5,{LIKELY_TRUNCATED}
SSB-ALJN 12C,PASSENGER,REVIEW,0.600,NUMBER_RANGE,64114,1,24,{LIKELY_TRUNCATED}
SSB-BVH-PWL,PASSENGER,REVIEW,0.600,NUMBER_RANGE,64908,1,14,{ROUTE_CODE_STYLE}
SSB-DKDE 12C,PASSENGER,REVIEW,0.600,NUMBER_RANGE,64112,1,14,{LIKELY_TRUNCATED}
SSB-GZB 10 C,PASSENGER,REVIEW,0.600,NUMBER_RANGE,64034,1,12,{LIKELY_TRUNCATED}
SSB-GZB 12CA,PASSENGER,REVIEW,0.600,NUMBER_RANGE,64032,2,22,{LIKELY_TRUNCATED}
SSB-MTJ 12CA,PASSENGER,REVIEW,0.600,NUMBER_RANGE,64910,1,26,{LIKELY_TRUNCATED}
SSB-NDLS EMU,PASSENGER,REVIEW,0.600,NUMBER_RANGE,64018,1,6,{LIKELY_TRUNCATED}
SSB-NZM,PASSENGER,REVIEW,0.600,NUMBER_RANGE,64096,1,14,{ROUTE_CODE_STYLE}
SSB-NZM 10 C,PASSENGER,REVIEW,0.600,NUMBER_RANGE,64094,1,14,{LIKELY_TRUNCATED}
SSB-NZM EMU,PASSENGER,REVIEW,0.600,NUMBER_RANGE,64098,1,14,{ROUTE_CODE_STYLE}
SSB-PWL 10 C,PASSENGER,REVIEW,0.600,NUMBER_RANGE,64014,1,16,{LIKELY_TRUNCATED}
SSB-PWL 12CA,PASSENGER,REVIEW,0.600,NUMBER_RANGE,64012,1,16,{LIKELY_TRUNCATED}
SSB-PWL EMU,PASSENGER,REVIEW,0.600,NUMBER_RANGE,64016,1,16,{ROUTE_CODE_STYLE}
SSM - PNBE P,PASSENGER,REVIEW,0.600,NUMBER_RANGE,53212,1,13,{LIKELY_TRUNCATED}
SSM-ARA DEMU,PASSENGER,REVIEW,0.600,NUMBER_RANGE,75272,2,34,{LIKELY_TRUNCATED}
SSM-ARA PASS,PASSENGER,REVIEW,0.600,NUMBER_RANGE,54274,1,17,{LIKELY_TRUNCATED}
ST  - BL MEM,PASSENGER,REVIEW,0.600,NUMBER_RANGE,69152,1,13,{LIKELY_TRUNCATED}
ST - BH,PASSENGER,REVIEW,0.600,NUMBER_RANGE,69171,1,11,{}
ST - NDB MEM,PASSENGER,REVIEW,0.600,NUMBER_RANGE,69169,1,23,{LIKELY_TRUNCATED}
ST MFP EXPRE,EXPRESS,REVIEW,0.650,NUMBER_RANGE,19053,1,25,{LIKELY_TRUNCATED}
ST-BRC MEMU,PASSENGER,REVIEW,0.600,NUMBER_RANGE,69109,2,46,{ROUTE_CODE_STYLE}
ST-MLDT WKLY,EXPRESS,REVIEW,0.650,NUMBER_RANGE,13426,1,30,{LIKELY_TRUNCATED}
ST-SJN MEMU,PASSENGER,REVIEW,0.600,NUMBER_RANGE,69142,1,22,{ROUTE_CODE_STYLE}
STA-ET PASSE,PASSENGER,REVIEW,0.600,NUMBER_RANGE,51674,1,40,{LIKELY_TRUNCATED}
STA-MKP PASS,PASSENGER,REVIEW,0.600,NUMBER_RANGE,51763,2,20,{LIKELY_TRUNCATED}
STB - SDAH L,PASSENGER,REVIEW,0.550,NUMBER_RANGE,31512,15,414,{LIKELY_TRUNCATED}
STB-BNJ LOCA,PASSENGER,REVIEW,0.550,NUMBER_RANGE,33751,1,12,{LIKELY_TRUNCATED}
STB-KNJ LOCA,PASSENGER,REVIEW,0.550,NUMBER_RANGE,31585,1,2,{LIKELY_TRUNCATED}
STB-RHA LOCA,PASSENGER,REVIEW,0.550,NUMBER_RANGE,31782,3,16,{LIKELY_TRUNCATED}
STB-SDAH LOC,PASSENGER,REVIEW,0.550,NUMBER_RANGE,31538,1,28,{LIKELY_TRUNCATED}
STM-MSB EMU,PASSENGER,REVIEW,0.550,NUMBER_RANGE,40042,1,2,{ROUTE_CODE_STYLE}
STP-BRK- PAS,PASSENGER,REVIEW,0.600,NUMBER_RANGE,52242,1,18,{LIKELY_TRUNCATED}
STP-MLN-  PA,PASSENGER,REVIEW,0.600,NUMBER_RANGE,52240,1,6,{LIKELY_TRUNCATED}
STR KOP PASS,PASSENGER,REVIEW,0.600,NUMBER_RANGE,51441,1,24,{LIKELY_TRUNCATED}
STR-PUNE PAS,PASSENGER,REVIEW,0.600,NUMBER_RANGE,51436,1,19,{LIKELY_TRUNCATED}
SULTANPUR EX,EXPRESS,REVIEW,0.650,NUMBER_RANGE,19403,1,20,{LIKELY_TRUNCATED}
SUNR - BTD P,PASSENGER,REVIEW,0.600,NUMBER_RANGE,59231,1,10,{LIKELY_TRUNCATED}
SUNR - BVC P,PASSENGER,REVIEW,0.600,NUMBER_RANGE,59271,1,18,{LIKELY_TRUNCATED}
SUNR - DHG,PASSENGER,REVIEW,0.600,NUMBER_RANGE,79457,1,2,{}
SUNR - DHG D,PASSENGER,REVIEW,0.600,NUMBER_RANGE,79459,1,2,{LIKELY_TRUNCATED}
SUNR BTD PAS,PASSENGER,REVIEW,0.600,NUMBER_RANGE,59233,1,20,{LIKELY_TRUNCATED}
SUNR-BVC PAS,PASSENGER,REVIEW,0.600,NUMBER_RANGE,59203,1,22,{LIKELY_TRUNCATED}
SUR - KOP EX,EXPRESS,REVIEW,0.650,NUMBER_RANGE,11051,1,9,{LIKELY_TRUNCATED}
SUR HUBLI EX,EXPRESS,REVIEW,0.650,NUMBER_RANGE,11423,1,14,{LIKELY_TRUNCATED}
SUR INTERCIT,SUPERFAST,REVIEW,0.700,NUMBER_RANGE,12169,1,5,{LIKELY_TRUNCATED}
SUR PASS,PASSENGER,REVIEW,0.600,NUMBER_RANGE,57628,2,34,{}
SUR PUNE DEM,PASSENGER,REVIEW,0.600,NUMBER_RANGE,71414,2,64,{LIKELY_TRUNCATED}
SUR-BJP EPXR,EXPRESS,REVIEW,0.650,NUMBER_RANGE,11031,1,5,{LIKELY_TRUNCATED}
SUR-BJP PASS,PASSENGER,REVIEW,0.600,NUMBER_RANGE,57685,1,10,{LIKELY_TRUNCATED}
SUR-CSMT EXP,SUPERFAST,REVIEW,0.700,NUMBER_RANGE,22140,1,8,{LIKELY_TRUNCATED}
SUR-CSMT SID,SUPERFAST,REVIEW,0.700,NUMBER_RANGE,12116,1,15,{LIKELY_TRUNCATED}
SUR-DWR PASS,PASSENGER,REVIEW,0.600,NUMBER_RANGE,56903,1,33,{LIKELY_TRUNCATED}
SUR-MRJ EXP,EXPRESS,REVIEW,0.650,NUMBER_RANGE,11309,1,14,{ROUTE_CODE_STYLE}
SUR-MYS GOLG,EXPRESS,REVIEW,0.650,NUMBER_RANGE,16536,1,32,{LIKELY_TRUNCATED}
SUR-YPR EXP,SUPERFAST,REVIEW,0.700,NUMBER_RANGE,22133,1,13,{ROUTE_CODE_STYLE}
SURAT AMRAVA,EXPRESS,REVIEW,0.650,NUMBER_RANGE,19025,2,42,{LIKELY_TRUNCATED}
SURAT BDTS E,SUPERFAST,REVIEW,0.700,NUMBER_RANGE,12936,1,10,{LIKELY_TRUNCATED}
SURAT BL PAS,PASSENGER,REVIEW,0.600,NUMBER_RANGE,59048,1,13,{LIKELY_TRUNCATED}
SURAT EXPRES,SUPERFAST,REVIEW,0.700,NUMBER_RANGE,12946,1,14,{LIKELY_TRUNCATED}
SURAT INTERC,SUPERFAST,REVIEW,0.700,NUMBER_RANGE,22960,2,39,{LIKELY_TRUNCATED}
SURAT PASSEN,PASSENGER,REVIEW,0.600,NUMBER_RANGE,59014,2,62,{LIKELY_TRUNCATED}
SURAT VR,PASSENGER,REVIEW,0.600,NUMBER_RANGE,69140,1,30,{}
SURAT VR PAS,PASSENGER,REVIEW,0.600,NUMBER_RANGE,59038,1,31,{LIKELY_TRUNCATED}
SURAT-PURI S,SUPERFAST,REVIEW,0.700,NUMBER_RANGE,22828,1,18,{LIKELY_TRUNCATED}
SURI HWH EXP,EXPRESS,REVIEW,0.650,NUMBER_RANGE,13054,1,6,{LIKELY_TRUNCATED}
SURYA NAGRI,SUPERFAST,REVIEW,0.700,NUMBER_RANGE,12479,1,17,{}
SURYANAGARI,SUPERFAST,REVIEW,0.700,NUMBER_RANGE,12480,1,17,{}
SUTLEJ EXP.,EXPRESS,REVIEW,0.650,NUMBER_RANGE,14629,1,9,{}
SUVARNA REKH,EXPRESS,REVIEW,0.650,NUMBER_RANGE,13301,2,24,{LIKELY_TRUNCATED}
SV-CPJ-DMU S,PASSENGER,REVIEW,0.600,NUMBER_RANGE,75009,1,22,{LIKELY_TRUNCATED}
SV-CPR PASSE,PASSENGER,REVIEW,0.600,NUMBER_RANGE,55116,1,17,{LIKELY_TRUNCATED}
SV-DDA PASSE,PASSENGER,REVIEW,0.600,NUMBER_RANGE,55168,2,6,{LIKELY_TRUNCATED}
SV-GKP PASSA,PASSENGER,REVIEW,0.600,NUMBER_RANGE,55075,1,28,{LIKELY_TRUNCATED}
SV-GKP PASSE,PASSENGER,REVIEW,0.600,NUMBER_RANGE,55011,1,18,{LIKELY_TRUNCATED}
SV-SPJ PASSE,PASSENGER,REVIEW,0.600,NUMBER_RANGE,55022,1,40,{LIKELY_TRUNCATED}
SV-THE PASSE,PASSENGER,REVIEW,0.600,NUMBER_RANGE,55107,4,20,{LIKELY_TRUNCATED}
SVDK - KYQ E,EXPRESS,REVIEW,0.650,NUMBER_RANGE,15656,1,40,{LIKELY_TRUNCATED}
SVDK ADI EXP,EXPRESS,REVIEW,0.650,NUMBER_RANGE,19416,1,31,{LIKELY_TRUNCATED}
SVDK- JAMNAG,SUPERFAST,REVIEW,0.700,NUMBER_RANGE,12478,1,31,{LIKELY_TRUNCATED}
SVDK-CAPE HI,EXPRESS,REVIEW,0.650,NUMBER_RANGE,16318,1,75,{LIKELY_TRUNCATED}
SVDK-JBP EXP,EXPRESS,REVIEW,0.650,NUMBER_RANGE,11450,1,31,{LIKELY_TRUNCATED}
SVDK-KLK EXP,EXPRESS,REVIEW,0.650,NUMBER_RANGE,14504,1,10,{LIKELY_TRUNCATED}
SVDK-KOTA WE,EXPRESS,REVIEW,0.650,NUMBER_RANGE,19804,1,30,{LIKELY_TRUNCATED}
SVDK-LKO FTR,SPECIAL,REVIEW,0.500,NUMBER_RANGE,422,1,5,{LIKELY_TRUNCATED}
SVDK-MAQ NAV,EXPRESS,REVIEW,0.650,NUMBER_RANGE,16688,1,67,{LIKELY_TRUNCATED}
SVDK-MAS AND,EXPRESS,REVIEW,0.650,NUMBER_RANGE,16032,1,82,{LIKELY_TRUNCATED}
SVDK-TEN HIM,EXPRESS,REVIEW,0.650,NUMBER_RANGE,16788,2,22,{LIKELY_TRUNCATED}
SWARAJ EXPRE,SUPERFAST,REVIEW,0.700,NUMBER_RANGE,12471,2,52,{LIKELY_TRUNCATED}
SWARNA J RAJ,SUPERFAST,REVIEW,0.700,NUMBER_RANGE,12957,1,10,{LIKELY_TRUNCATED}
SWARNA JAYAN,SUPERFAST,REVIEW,0.700,NUMBER_RANGE,12644,3,95,{LIKELY_TRUNCATED}
SWARNA SHATA,SUPERFAST,REVIEW,0.700,NUMBER_RANGE,12029,2,16,{LIKELY_TRUNCATED}
SWATANTRTA S,SUPERFAST,REVIEW,0.700,NUMBER_RANGE,12561,2,43,{LIKELY_TRUNCATED}
SWD -DADN MG,PASSENGER,REVIEW,0.600,NUMBER_RANGE,52988,1,8,{LIKELY_TRUNCATED}
SWD DADN MG,PASSENGER,REVIEW,0.600,NUMBER_RANGE,52964,1,8,{}
SWD-DADN MG,PASSENGER,REVIEW,0.600,NUMBER_RANGE,52974,2,16,{ROUTE_CODE_STYLE}
SWM-MTJ PASS,PASSENGER,REVIEW,0.600,NUMBER_RANGE,54793,1,22,{LIKELY_TRUNCATED}
SWV DIVA PAS,PASSENGER,REVIEW,0.600,NUMBER_RANGE,50106,1,49,{LIKELY_TRUNCATED}
SWV-DR TUTAR,EXPRESS,REVIEW,0.650,NUMBER_RANGE,11004,1,21,{LIKELY_TRUNCATED}
SWV-MAO PASS,PASSENGER,REVIEW,0.600,NUMBER_RANGE,50107,1,9,{LIKELY_TRUNCATED}
SWV-MAO-VLNK,SPECIAL,REVIEW,0.500,NUMBER_RANGE,107,1,4,{LIKELY_TRUNCATED}
SZP- PBE  PA,PASSENGER,REVIEW,0.600,NUMBER_RANGE,52234,1,16,{LIKELY_TRUNCATED}
SZP-PBE  PAS,PASSENGER,REVIEW,0.600,NUMBER_RANGE,52229,2,28,{LIKELY_TRUNCATED}
SZP-PBE PASS,PASSENGER,REVIEW,0.600,NUMBER_RANGE,52232,1,15,{LIKELY_TRUNCATED}
SZP-PBE- PAS,PASSENGER,REVIEW,0.600,NUMBER_RANGE,52298,1,6,{LIKELY_TRUNCATED}
T 71,EMU,REVIEW,0.750,NUMBER_RANGE,97363,1,17,{}
T 73,EMU,REVIEW,0.750,NUMBER_RANGE,97365,1,17,{}
T 75,EMU,REVIEW,0.750,NUMBER_RANGE,97367,1,17,{}
T 77,EMU,REVIEW,0.750,NUMBER_RANGE,97369,1,17,{}
T 84,EMU,REVIEW,0.750,NUMBER_RANGE,97372,1,17,{}
T 86,EMU,REVIEW,0.750,NUMBER_RANGE,97374,1,17,{}
T 88,EMU,REVIEW,0.750,NUMBER_RANGE,97376,1,17,{}
T BR 1,EMU,REVIEW,0.750,NUMBER_RANGE,99101,1,2,{}
T NU 1,EMU,REVIEW,0.750,NUMBER_RANGE,99201,1,2,{}
T NU5,EMU,REVIEW,0.750,NUMBER_RANGE,99205,1,2,{}
T PL 13,EMU,REVIEW,0.750,NUMBER_RANGE,99013,1,2,{}
T PL3,EMU,REVIEW,0.750,NUMBER_RANGE,99003,1,2,{}
T PL5,EMU,REVIEW,0.750,NUMBER_RANGE,99005,1,2,{}
T1,EMU,REVIEW,0.750,NUMBER_RANGE,97301,1,17,{COACH_CODE_AS_NAME}
T10,EMU,REVIEW,0.750,NUMBER_RANGE,97308,1,17,{COACH_CODE_AS_NAME}
T100,EMU,REVIEW,0.750,NUMBER_RANGE,97390,1,17,{COACH_CODE_AS_NAME}
T101,EMU,REVIEW,0.750,NUMBER_RANGE,97395,1,17,{COACH_CODE_AS_NAME}
T102,EMU,REVIEW,0.750,NUMBER_RANGE,97392,1,17,{COACH_CODE_AS_NAME}
T103,EMU,REVIEW,0.750,NUMBER_RANGE,97397,1,17,{COACH_CODE_AS_NAME}
T104,EMU,REVIEW,0.750,NUMBER_RANGE,97394,1,17,{COACH_CODE_AS_NAME}
T105,EMU,REVIEW,0.750,NUMBER_RANGE,97399,1,17,{COACH_CODE_AS_NAME}
T106,EMU,REVIEW,0.750,NUMBER_RANGE,97396,1,17,{COACH_CODE_AS_NAME}
T107,EMU,REVIEW,0.750,NUMBER_RANGE,95909,1,6,{COACH_CODE_AS_NAME}
T108,EMU,REVIEW,0.750,NUMBER_RANGE,97398,1,17,{COACH_CODE_AS_NAME}
T109,EMU,REVIEW,0.750,NUMBER_RANGE,97401,1,17,{COACH_CODE_AS_NAME}
T11,EMU,REVIEW,0.750,NUMBER_RANGE,97311,1,17,{COACH_CODE_AS_NAME}
T110,EMU,REVIEW,0.750,NUMBER_RANGE,97400,1,17,{COACH_CODE_AS_NAME}
T111,EMU,REVIEW,0.750,NUMBER_RANGE,97403,1,17,{COACH_CODE_AS_NAME}
T112,EMU,REVIEW,0.750,NUMBER_RANGE,97402,1,17,{COACH_CODE_AS_NAME}
T113,EMU,REVIEW,0.750,NUMBER_RANGE,97405,1,17,{COACH_CODE_AS_NAME}
T114,EMU,REVIEW,0.750,NUMBER_RANGE,97404,1,17,{COACH_CODE_AS_NAME}
T115,EMU,REVIEW,0.750,NUMBER_RANGE,97407,1,17,{COACH_CODE_AS_NAME}
T116,EMU,REVIEW,0.750,NUMBER_RANGE,97408,1,17,{COACH_CODE_AS_NAME}
T117,EMU,REVIEW,0.750,NUMBER_RANGE,95911,2,12,{COACH_CODE_AS_NAME}
T118,EMU,REVIEW,0.750,NUMBER_RANGE,97412,1,17,{COACH_CODE_AS_NAME}
T119,EMU,REVIEW,0.750,NUMBER_RANGE,97411,1,17,{COACH_CODE_AS_NAME}
T12,EMU,REVIEW,0.750,NUMBER_RANGE,97310,1,17,{COACH_CODE_AS_NAME}
T120,EMU,REVIEW,0.750,NUMBER_RANGE,97414,1,17,{COACH_CODE_AS_NAME}
T121,EMU,REVIEW,0.750,NUMBER_RANGE,97413,1,17,{COACH_CODE_AS_NAME}
T122,EMU,REVIEW,0.750,NUMBER_RANGE,97416,1,17,{COACH_CODE_AS_NAME}
T123,EMU,REVIEW,0.750,NUMBER_RANGE,97417,1,17,{COACH_CODE_AS_NAME}
T124,EMU,REVIEW,0.750,NUMBER_RANGE,97418,1,17,{COACH_CODE_AS_NAME}
T125,EMU,REVIEW,0.750,NUMBER_RANGE,97419,1,17,{COACH_CODE_AS_NAME}
T126,EMU,REVIEW,0.750,NUMBER_RANGE,97422,1,17,{COACH_CODE_AS_NAME}
T127,EMU,REVIEW,0.750,NUMBER_RANGE,95913,1,10,{COACH_CODE_AS_NAME}
T128,EMU,REVIEW,0.750,NUMBER_RANGE,97426,1,17,{COACH_CODE_AS_NAME}
T129,EMU,REVIEW,0.750,NUMBER_RANGE,97421,1,17,{COACH_CODE_AS_NAME}
T13,EMU,REVIEW,0.750,NUMBER_RANGE,97313,1,17,{COACH_CODE_AS_NAME}
T130,EMU,REVIEW,0.750,NUMBER_RANGE,97428,1,17,{COACH_CODE_AS_NAME}
T131,EMU,REVIEW,0.750,NUMBER_RANGE,95919,2,26,{COACH_CODE_AS_NAME}
T132,EMU,REVIEW,0.750,NUMBER_RANGE,97432,1,17,{COACH_CODE_AS_NAME}
T133,EMU,REVIEW,0.750,NUMBER_RANGE,97425,1,17,{COACH_CODE_AS_NAME}
T134,EMU,REVIEW,0.750,NUMBER_RANGE,97434,1,17,{COACH_CODE_AS_NAME}
T135,EMU,REVIEW,0.750,NUMBER_RANGE,97427,1,17,{COACH_CODE_AS_NAME}
T136,EMU,REVIEW,0.750,NUMBER_RANGE,97436,1,17,{COACH_CODE_AS_NAME}
T137,EMU,REVIEW,0.750,NUMBER_RANGE,97431,1,17,{COACH_CODE_AS_NAME}
T138,EMU,REVIEW,0.750,NUMBER_RANGE,97438,1,17,{COACH_CODE_AS_NAME}
T139,EMU,REVIEW,0.750,NUMBER_RANGE,97433,1,17,{COACH_CODE_AS_NAME}
T14,EMU,REVIEW,0.750,NUMBER_RANGE,97312,1,17,{COACH_CODE_AS_NAME}
T140,EMU,REVIEW,0.750,NUMBER_RANGE,97440,1,17,{COACH_CODE_AS_NAME}
T141,EMU,REVIEW,0.750,NUMBER_RANGE,97435,1,17,{COACH_CODE_AS_NAME}
T143,EMU,REVIEW,0.750,NUMBER_RANGE,97437,1,17,{COACH_CODE_AS_NAME}
T145,EMU,REVIEW,0.750,NUMBER_RANGE,97439,1,17,{COACH_CODE_AS_NAME}
T146,EMU,REVIEW,0.750,NUMBER_RANGE,97444,1,16,{COACH_CODE_AS_NAME}
T147,EMU,REVIEW,0.750,NUMBER_RANGE,97441,1,17,{COACH_CODE_AS_NAME}
T148,EMU,REVIEW,0.750,NUMBER_RANGE,97446,1,16,{COACH_CODE_AS_NAME}
T149,EMU,REVIEW,0.750,NUMBER_RANGE,97445,1,16,{COACH_CODE_AS_NAME}
T15,EMU,REVIEW,0.750,NUMBER_RANGE,97315,1,17,{COACH_CODE_AS_NAME}
T16,EMU,REVIEW,0.750,NUMBER_RANGE,97314,1,17,{COACH_CODE_AS_NAME}
T17,EMU,REVIEW,0.750,NUMBER_RANGE,95901,1,6,{COACH_CODE_AS_NAME}
T18,EMU,REVIEW,0.750,NUMBER_RANGE,97316,1,17,{COACH_CODE_AS_NAME}
T19,EMU,REVIEW,0.750,NUMBER_RANGE,97317,1,17,{COACH_CODE_AS_NAME}
T2,EMU,REVIEW,0.750,NUMBER_RANGE,97302,1,17,{COACH_CODE_AS_NAME}
T20,EMU,REVIEW,0.750,NUMBER_RANGE,97318,1,17,{COACH_CODE_AS_NAME}
T21,EMU,REVIEW,0.750,NUMBER_RANGE,97319,1,17,{COACH_CODE_AS_NAME}
T22,EMU,REVIEW,0.750,NUMBER_RANGE,97320,1,17,{COACH_CODE_AS_NAME}
T23,EMU,REVIEW,0.750,NUMBER_RANGE,97321,1,17,{COACH_CODE_AS_NAME}
T24,EMU,REVIEW,0.750,NUMBER_RANGE,97322,1,17,{COACH_CODE_AS_NAME}
T25,EMU,REVIEW,0.750,NUMBER_RANGE,97323,1,17,{COACH_CODE_AS_NAME}
T26,EMU,REVIEW,0.750,NUMBER_RANGE,97324,1,17,{COACH_CODE_AS_NAME}
T27,EMU,REVIEW,0.750,NUMBER_RANGE,95903,1,7,{COACH_CODE_AS_NAME}
T28,EMU,REVIEW,0.750,NUMBER_RANGE,97326,1,17,{COACH_CODE_AS_NAME}
T29,EMU,REVIEW,0.750,NUMBER_RANGE,97325,1,17,{COACH_CODE_AS_NAME}
T3,EMU,REVIEW,0.750,NUMBER_RANGE,97303,1,17,{COACH_CODE_AS_NAME}
T30,EMU,REVIEW,0.750,NUMBER_RANGE,97328,1,17,{COACH_CODE_AS_NAME}
T31,EMU,REVIEW,0.750,NUMBER_RANGE,97327,1,17,{COACH_CODE_AS_NAME}
T32,EMU,REVIEW,0.750,NUMBER_RANGE,97330,1,17,{COACH_CODE_AS_NAME}
T33,EMU,REVIEW,0.750,NUMBER_RANGE,95905,1,5,{COACH_CODE_AS_NAME}
T34,EMU,REVIEW,0.750,NUMBER_RANGE,97332,1,17,{COACH_CODE_AS_NAME}
T35,EMU,REVIEW,0.750,NUMBER_RANGE,97329,1,17,{COACH_CODE_AS_NAME}
T36,EMU,REVIEW,0.750,NUMBER_RANGE,95904,1,7,{COACH_CODE_AS_NAME}
T37,EMU,REVIEW,0.750,NUMBER_RANGE,97331,1,17,{COACH_CODE_AS_NAME}
T38,EMU,REVIEW,0.750,NUMBER_RANGE,97334,1,17,{COACH_CODE_AS_NAME}
T39,EMU,REVIEW,0.750,NUMBER_RANGE,97333,1,17,{COACH_CODE_AS_NAME}
T4,EMU,REVIEW,0.750,NUMBER_RANGE,97304,1,17,{COACH_CODE_AS_NAME}
T41,EMU,REVIEW,0.750,NUMBER_RANGE,97335,1,17,{COACH_CODE_AS_NAME}
T42,EMU,REVIEW,0.750,NUMBER_RANGE,95906,1,7,{COACH_CODE_AS_NAME}
T43,EMU,REVIEW,0.750,NUMBER_RANGE,95907,1,6,{COACH_CODE_AS_NAME}
T44,EMU,REVIEW,0.750,NUMBER_RANGE,97338,1,17,{COACH_CODE_AS_NAME}
T45,EMU,REVIEW,0.750,NUMBER_RANGE,97337,1,17,{COACH_CODE_AS_NAME}
T46,EMU,REVIEW,0.750,NUMBER_RANGE,97340,1,17,{COACH_CODE_AS_NAME}
T47,EMU,REVIEW,0.750,NUMBER_RANGE,97339,1,17,{COACH_CODE_AS_NAME}
T48,EMU,REVIEW,0.750,NUMBER_RANGE,97342,1,17,{COACH_CODE_AS_NAME}
T49,EMU,REVIEW,0.750,NUMBER_RANGE,97341,1,17,{COACH_CODE_AS_NAME}
T4O,EMU,REVIEW,0.750,NUMBER_RANGE,97336,1,17,{}
T5,EMU,REVIEW,0.750,NUMBER_RANGE,97305,1,17,{COACH_CODE_AS_NAME}
T50,EMU,REVIEW,0.750,NUMBER_RANGE,95908,1,7,{COACH_CODE_AS_NAME}
T51,EMU,REVIEW,0.750,NUMBER_RANGE,97343,1,17,{COACH_CODE_AS_NAME}
T52,EMU,REVIEW,0.750,NUMBER_RANGE,97344,1,17,{COACH_CODE_AS_NAME}
T53,EMU,REVIEW,0.750,NUMBER_RANGE,97345,1,17,{COACH_CODE_AS_NAME}
T54,EMU,REVIEW,0.750,NUMBER_RANGE,97346,1,17,{COACH_CODE_AS_NAME}
T55,EMU,REVIEW,0.750,NUMBER_RANGE,97347,1,17,{COACH_CODE_AS_NAME}
T56,EMU,REVIEW,0.750,NUMBER_RANGE,97348,1,17,{COACH_CODE_AS_NAME}
T57,EMU,REVIEW,0.750,NUMBER_RANGE,97349,1,17,{COACH_CODE_AS_NAME}
T58,EMU,REVIEW,0.750,NUMBER_RANGE,97350,1,17,{COACH_CODE_AS_NAME}
T59,EMU,REVIEW,0.750,NUMBER_RANGE,97351,1,17,{COACH_CODE_AS_NAME}
T6,EMU,REVIEW,0.750,NUMBER_RANGE,97306,1,17,{COACH_CODE_AS_NAME}
T60,EMU,REVIEW,0.750,NUMBER_RANGE,97352,1,17,{COACH_CODE_AS_NAME}
T61,EMU,REVIEW,0.750,NUMBER_RANGE,97353,1,17,{COACH_CODE_AS_NAME}
T62,EMU,REVIEW,0.750,NUMBER_RANGE,95910,1,7,{COACH_CODE_AS_NAME}
T63,EMU,REVIEW,0.750,NUMBER_RANGE,97355,1,17,{COACH_CODE_AS_NAME}
T64,EMU,REVIEW,0.750,NUMBER_RANGE,97354,1,17,{COACH_CODE_AS_NAME}
T65,EMU,REVIEW,0.750,NUMBER_RANGE,97357,1,17,{COACH_CODE_AS_NAME}
T66,EMU,REVIEW,0.750,NUMBER_RANGE,97356,1,17,{COACH_CODE_AS_NAME}
T67,EMU,REVIEW,0.750,NUMBER_RANGE,97359,1,17,{COACH_CODE_AS_NAME}
T68,EMU,REVIEW,0.750,NUMBER_RANGE,97358,1,17,{COACH_CODE_AS_NAME}
T69,EMU,REVIEW,0.750,NUMBER_RANGE,97361,1,17,{COACH_CODE_AS_NAME}
T7,EMU,REVIEW,0.750,NUMBER_RANGE,97307,1,17,{COACH_CODE_AS_NAME}
T70,EMU,REVIEW,0.750,NUMBER_RANGE,97360,1,17,{COACH_CODE_AS_NAME}
T72,EMU,REVIEW,0.750,NUMBER_RANGE,97362,1,17,{COACH_CODE_AS_NAME}
T74,EMU,REVIEW,0.750,NUMBER_RANGE,95912,1,7,{COACH_CODE_AS_NAME}
T76,EMU,REVIEW,0.750,NUMBER_RANGE,97364,1,17,{COACH_CODE_AS_NAME}
T78,EMU,REVIEW,0.750,NUMBER_RANGE,97366,1,17,{COACH_CODE_AS_NAME}
T79,EMU,REVIEW,0.750,NUMBER_RANGE,97371,1,17,{COACH_CODE_AS_NAME}
T8,EMU,REVIEW,0.750,NUMBER_RANGE,95902,1,7,{COACH_CODE_AS_NAME}
T80,EMU,REVIEW,0.750,NUMBER_RANGE,97368,1,17,{COACH_CODE_AS_NAME}
T81,EMU,REVIEW,0.750,NUMBER_RANGE,97373,1,17,{COACH_CODE_AS_NAME}
T82,EMU,REVIEW,0.750,NUMBER_RANGE,97370,1,17,{COACH_CODE_AS_NAME}
T83,EMU,REVIEW,0.750,NUMBER_RANGE,97377,1,17,{COACH_CODE_AS_NAME}
T85,EMU,REVIEW,0.750,NUMBER_RANGE,97379,1,17,{COACH_CODE_AS_NAME}
T87,EMU,REVIEW,0.750,NUMBER_RANGE,97381,1,17,{COACH_CODE_AS_NAME}
T89,EMU,REVIEW,0.750,NUMBER_RANGE,97383,1,17,{COACH_CODE_AS_NAME}
T9,EMU,REVIEW,0.750,NUMBER_RANGE,97309,1,17,{COACH_CODE_AS_NAME}
T90,EMU,REVIEW,0.750,NUMBER_RANGE,97378,1,17,{COACH_CODE_AS_NAME}
T91,EMU,REVIEW,0.750,NUMBER_RANGE,97385,1,17,{COACH_CODE_AS_NAME}
T92,EMU,REVIEW,0.750,NUMBER_RANGE,97380,1,17,{COACH_CODE_AS_NAME}
T93,EMU,REVIEW,0.750,NUMBER_RANGE,97387,1,17,{COACH_CODE_AS_NAME}
T94,EMU,REVIEW,0.750,NUMBER_RANGE,97382,1,17,{COACH_CODE_AS_NAME}
T95,EMU,REVIEW,0.750,NUMBER_RANGE,97389,1,17,{COACH_CODE_AS_NAME}
T96,EMU,REVIEW,0.750,NUMBER_RANGE,97386,1,17,{COACH_CODE_AS_NAME}
T97,EMU,REVIEW,0.750,NUMBER_RANGE,97391,1,17,{COACH_CODE_AS_NAME}
T98,EMU,REVIEW,0.750,NUMBER_RANGE,97388,1,17,{COACH_CODE_AS_NAME}
T99,EMU,REVIEW,0.750,NUMBER_RANGE,97393,1,17,{COACH_CODE_AS_NAME}
TA1,EMU,REVIEW,0.750,NUMBER_RANGE,96327,1,4,{COACH_CODE_AS_NAME}
TA3,EMU,REVIEW,0.750,NUMBER_RANGE,96331,1,4,{COACH_CODE_AS_NAME}
TAJ EXPRESS,EXPRESS,REVIEW,0.880,NAME_RULE,12279,2,22,{}
TAK AMBG LOC,PASSENGER,REVIEW,0.550,NUMBER_RANGE,37387,2,10,{LIKELY_TRUNCATED}
TAK-AMBG LOC,PASSENGER,REVIEW,0.550,NUMBER_RANGE,37385,1,3,{LIKELY_TRUNCATED}
TAK-GOGT LOC,PASSENGER,REVIEW,0.550,NUMBER_RANGE,37389,1,3,{LIKELY_TRUNCATED}
TAK-HWH LOCA,PASSENGER,REVIEW,0.550,NUMBER_RANGE,37312,22,458,{LIKELY_TRUNCATED}
TAK-SHE LOCA,PASSENGER,REVIEW,0.550,NUMBER_RANGE,37412,2,24,{LIKELY_TRUNCATED}
TAMRALIPTA,SUPERFAST,REVIEW,0.700,NUMBER_RANGE,12857,2,16,{}
TAN1,EMU,REVIEW,0.750,NUMBER_RANGE,96505,1,7,{}
TAN2,EMU,REVIEW,0.750,NUMBER_RANGE,96506,1,5,{}
TAN3,EMU,REVIEW,0.750,NUMBER_RANGE,96515,1,7,{}
TAN4,EMU,REVIEW,0.750,NUMBER_RANGE,96514,1,5,{}
TAN6,EMU,REVIEW,0.750,NUMBER_RANGE,96522,1,5,{}
TAPTI GANGA,EXPRESS,REVIEW,0.650,NUMBER_RANGE,19045,2,70,{}
TATA  MURI -,EXPRESS,REVIEW,0.650,NUMBER_RANGE,18101,1,71,{LIKELY_TRUNCATED}
TATA - CKU P,PASSENGER,REVIEW,0.600,NUMBER_RANGE,58032,1,9,{LIKELY_TRUNCATED}
TATA - GUA P,PASSENGER,REVIEW,0.600,NUMBER_RANGE,78033,1,19,{LIKELY_TRUNCATED}
TATA - HTE P,PASSENGER,REVIEW,0.600,NUMBER_RANGE,58143,1,26,{LIKELY_TRUNCATED}
TATA - ITR P,PASSENGER,REVIEW,0.600,NUMBER_RANGE,58111,1,102,{LIKELY_TRUNCATED}
TATA - YPR E,EXPRESS,REVIEW,0.650,NUMBER_RANGE,18111,1,42,{LIKELY_TRUNCATED}
TATA ASN LOC,PASSENGER,REVIEW,0.600,NUMBER_RANGE,68056,1,29,{LIKELY_TRUNCATED}
TATA BBN PAS,PASSENGER,REVIEW,0.600,NUMBER_RANGE,58103,1,18,{LIKELY_TRUNCATED}
TATA BMPR PA,PASSENGER,REVIEW,0.600,NUMBER_RANGE,78031,1,9,{LIKELY_TRUNCATED}
TATA BRKA PA,PASSENGER,REVIEW,0.600,NUMBER_RANGE,58023,2,52,{LIKELY_TRUNCATED}
TATA BSP PAS,PASSENGER,REVIEW,0.600,NUMBER_RANGE,58113,1,60,{LIKELY_TRUNCATED}
TATA CKP PAS,PASSENGER,REVIEW,0.600,NUMBER_RANGE,68009,1,9,{LIKELY_TRUNCATED}
TATA DANAPUR,EXPRESS,REVIEW,0.650,NUMBER_RANGE,18183,1,36,{LIKELY_TRUNCATED}
TATA KGP  PA,PASSENGER,REVIEW,0.600,NUMBER_RANGE,58022,1,19,{LIKELY_TRUNCATED}
TATA KGP LOC,PASSENGER,REVIEW,0.600,NUMBER_RANGE,68012,2,36,{LIKELY_TRUNCATED}
TATA KGP PAS,PASSENGER,REVIEW,0.600,NUMBER_RANGE,68006,1,19,{LIKELY_TRUNCATED}
TATA YPR EXP,SUPERFAST,REVIEW,0.700,NUMBER_RANGE,12889,1,26,{LIKELY_TRUNCATED}
TATA-ASN TRI,EXPRESS,REVIEW,0.650,NUMBER_RANGE,13511,1,9,{LIKELY_TRUNCATED}
TATA-CPR EXP,EXPRESS,REVIEW,0.650,NUMBER_RANGE,18181,1,37,{LIKELY_TRUNCATED}
TATA-GUA PAS,PASSENGER,REVIEW,0.600,NUMBER_RANGE,58109,1,19,{LIKELY_TRUNCATED}
TATA-HTE PAS,PASSENGER,REVIEW,0.600,NUMBER_RANGE,58661,1,29,{LIKELY_TRUNCATED}
TATA-HWH STE,SUPERFAST,REVIEW,0.700,NUMBER_RANGE,12814,1,9,{LIKELY_TRUNCATED}
TATA-LTT ANT,SUPERFAST,REVIEW,0.700,NUMBER_RANGE,22886,1,14,{LIKELY_TRUNCATED}
TATA-ROU-ALL,EXPRESS,REVIEW,0.650,NUMBER_RANGE,18189,2,19,{LIKELY_TRUNCATED}
TATA-VSKP WE,EXPRESS,REVIEW,0.650,NUMBER_RANGE,20815,1,24,{LIKELY_TRUNCATED}
TBL1,EMU,REVIEW,0.750,NUMBER_RANGE,96203,1,5,{}
TBL2,EMU,REVIEW,0.750,NUMBER_RANGE,96208,1,3,{}
TBL3,EMU,REVIEW,0.750,NUMBER_RANGE,96207,1,5,{}
TBL5,EMU,REVIEW,0.750,NUMBER_RANGE,96209,1,5,{}
TBL7,EMU,REVIEW,0.750,NUMBER_RANGE,96211,1,5,{}
TBL9,EMU,REVIEW,0.750,NUMBER_RANGE,96217,1,5,{}
TBM  VM  PAS,PASSENGER,REVIEW,0.600,NUMBER_RANGE,56859,1,11,{LIKELY_TRUNCATED}
TBM - CGL EM,PASSENGER,REVIEW,0.550,NUMBER_RANGE,40571,1,3,{LIKELY_TRUNCATED}
TBM-DBRG EXP,EXPRESS,REVIEW,0.650,NUMBER_RANGE,15929,1,51,{LIKELY_TRUNCATED}
TBM-GHY EXPR,EXPRESS,REVIEW,0.650,NUMBER_RANGE,15629,1,40,{LIKELY_TRUNCATED}
TBM-MSB EMU,PASSENGER,REVIEW,0.550,NUMBER_RANGE,40002,139,827,{ROUTE_CODE_STYLE}
TBR 3,EMU,REVIEW,0.750,NUMBER_RANGE,99103,1,2,{}
TBR 5,EMU,REVIEW,0.750,NUMBER_RANGE,99105,1,2,{}
TBR2,EMU,REVIEW,0.750,NUMBER_RANGE,99100,1,2,{}
TBR4,EMU,REVIEW,0.750,NUMBER_RANGE,99102,1,2,{}
TBR6,EMU,REVIEW,0.750,NUMBER_RANGE,99104,1,2,{}
TBR7,EMU,REVIEW,0.750,NUMBER_RANGE,99107,1,2,{}
TCN - MS EXP,EXPRESS,REVIEW,0.650,NUMBER_RANGE,16106,1,29,{LIKELY_TRUNCATED}
TCN-PGT PASS,PASSENGER,REVIEW,0.600,NUMBER_RANGE,56770,1,43,{LIKELY_TRUNCATED}
TCN-TEN PASS,PASSENGER,REVIEW,0.600,NUMBER_RANGE,56035,4,48,{LIKELY_TRUNCATED}
TCN-TN PASS,PASSENGER,REVIEW,0.600,NUMBER_RANGE,56768,1,20,{ROUTE_CODE_STYLE}
TCR-CAN PASS,PASSENGER,REVIEW,0.600,NUMBER_RANGE,56603,1,41,{LIKELY_TRUNCATED}
TCR-CLT PASS,PASSENGER,REVIEW,0.600,NUMBER_RANGE,56663,1,22,{LIKELY_TRUNCATED}
TCR-GUV PASS,PASSENGER,REVIEW,0.600,NUMBER_RANGE,56044,1,3,{LIKELY_TRUNCATED}
TDL-AGC MEMU,PASSENGER,REVIEW,0.600,NUMBER_RANGE,64956,1,8,{LIKELY_TRUNCATED}
TDL-ALJN MEM,PASSENGER,REVIEW,0.600,NUMBER_RANGE,64165,1,11,{LIKELY_TRUNCATED}
TDL-CNB MEMU,PASSENGER,REVIEW,0.600,NUMBER_RANGE,64588,1,29,{LIKELY_TRUNCATED}
TDL-DLI MEMU,PASSENGER,REVIEW,0.600,NUMBER_RANGE,64583,1,31,{LIKELY_TRUNCATED}
TDL-ETH PASS,PASSENGER,REVIEW,0.600,NUMBER_RANGE,54467,2,20,{LIKELY_TRUNCATED}
TDL-ETW MEMU,PASSENGER,REVIEW,0.600,NUMBER_RANGE,64158,1,11,{LIKELY_TRUNCATED}
TDL-FKD PASS,PASSENGER,REVIEW,0.600,NUMBER_RANGE,54466,1,21,{LIKELY_TRUNCATED}
TDU-HYB PASS,PASSENGER,REVIEW,0.600,NUMBER_RANGE,57518,1,15,{LIKELY_TRUNCATED}
TDU-SC MEMU,PASSENGER,REVIEW,0.600,NUMBER_RANGE,67249,1,16,{ROUTE_CODE_STYLE}
TEESTA TORSH,EXPRESS,REVIEW,0.650,NUMBER_RANGE,13141,4,74,{LIKELY_TRUNCATED}
TEL PASS,PASSENGER,REVIEW,0.600,NUMBER_RANGE,77245,1,5,{}
TEL-BZA,PASSENGER,REVIEW,0.600,NUMBER_RANGE,77286,1,8,{ROUTE_CODE_STYLE}
TEL-GNT,PASSENGER,REVIEW,0.600,NUMBER_RANGE,77282,2,10,{ROUTE_CODE_STYLE}
TELANGANA EX,SUPERFAST,REVIEW,0.700,NUMBER_RANGE,12723,2,34,{LIKELY_TRUNCATED}
TEN   ED,EXPRESS,REVIEW,0.650,NUMBER_RANGE,16787,1,11,{}
TEN  JAM EXP,EXPRESS,REVIEW,0.650,NUMBER_RANGE,19577,1,29,{LIKELY_TRUNCATED}
TEN - DR EXP,EXPRESS,REVIEW,0.650,NUMBER_RANGE,11022,1,39,{LIKELY_TRUNCATED}
TEN BSP  WEE,SUPERFAST,REVIEW,0.700,NUMBER_RANGE,22620,1,30,{LIKELY_TRUNCATED}
TEN DR EXPRE,SUPERFAST,REVIEW,0.700,NUMBER_RANGE,22630,1,26,{LIKELY_TRUNCATED}
TEN NCJ PASS,PASSENGER,REVIEW,0.600,NUMBER_RANGE,56718,1,8,{LIKELY_TRUNCATED}
TEN-AYVN PAS,PASSENGER,REVIEW,0.600,NUMBER_RANGE,56797,1,18,{LIKELY_TRUNCATED}
TEN-ED/MV PA,PASSENGER,REVIEW,0.600,NUMBER_RANGE,56826,1,28,{LIKELY_TRUNCATED}
TEN-MS NELLA,SUPERFAST,REVIEW,0.700,NUMBER_RANGE,12632,1,16,{LIKELY_TRUNCATED}
TEN-MV PASSE,PASSENGER,REVIEW,0.600,NUMBER_RANGE,56822,1,20,{LIKELY_TRUNCATED}
TEN-SCT PASS,PASSENGER,REVIEW,0.600,NUMBER_RANGE,56799,3,51,{LIKELY_TRUNCATED}
TEN-TCN,PASSENGER,REVIEW,0.600,NUMBER_RANGE,56763,1,12,{ROUTE_CODE_STYLE}
TEN-TCN PASS,PASSENGER,REVIEW,0.600,NUMBER_RANGE,56036,3,36,{LIKELY_TRUNCATED}
TEN-TN PASSE,PASSENGER,REVIEW,0.600,NUMBER_RANGE,56742,1,10,{LIKELY_TRUNCATED}
TETA - KIR D,PASSENGER,REVIEW,0.600,NUMBER_RANGE,75750,1,15,{LIKELY_TRUNCATED}
TGN-PUNE EMU,EMU,REVIEW,0.750,NUMBER_RANGE,99901,2,24,{LIKELY_TRUNCATED}
THE-CI  PASS,PASSENGER,REVIEW,0.600,NUMBER_RANGE,55182,1,27,{LIKELY_TRUNCATED}
THE-CI-PASSE,PASSENGER,REVIEW,0.600,NUMBER_RANGE,55181,1,27,{LIKELY_TRUNCATED}
THE-GKP-DMU,PASSENGER,REVIEW,0.600,NUMBER_RANGE,75011,1,24,{ROUTE_CODE_STYLE}
THE-SV PASSE,PASSENGER,REVIEW,0.600,NUMBER_RANGE,55108,4,20,{LIKELY_TRUNCATED}
TI-MMC EMU L,PASSENGER,REVIEW,0.550,NUMBER_RANGE,43882,1,13,{LIKELY_TRUNCATED}
TIA-DNR PASS,PASSENGER,REVIEW,0.600,NUMBER_RANGE,53231,1,20,{LIKELY_TRUNCATED}
TIG-BSP PASS,PASSENGER,REVIEW,0.600,NUMBER_RANGE,58213,1,48,{LIKELY_TRUNCATED}
TIG-HWH ISPA,SUPERFAST,REVIEW,0.700,NUMBER_RANGE,12872,1,31,{LIKELY_TRUNCATED}
TIG-R PASS,PASSENGER,REVIEW,0.600,NUMBER_RANGE,58217,1,13,{}
TIL-JMP DEMU,PASSENGER,REVIEW,0.600,NUMBER_RANGE,73451,2,20,{LIKELY_TRUNCATED}
TILAK BRIDGE,PASSENGER,REVIEW,0.600,NUMBER_RANGE,54001,1,20,{LIKELY_TRUNCATED}
TIPPU EXP,SUPERFAST,REVIEW,0.700,NUMBER_RANGE,12614,1,4,{}
TIPU EXPRESS,EXPRESS,REVIEW,0.880,NAME_RULE,12613,1,4,{LIKELY_TRUNCATED}
TJ - MV PASS,PASSENGER,REVIEW,0.600,NUMBER_RANGE,56116,1,17,{LIKELY_TRUNCATED}
TJ KMU PASSR,PASSENGER,REVIEW,0.600,NUMBER_RANGE,56820,1,10,{LIKELY_TRUNCATED}
TJ TPJ  DEMU,PASSENGER,REVIEW,0.600,NUMBER_RANGE,76827,1,9,{LIKELY_TRUNCATED}
TJ-KIK-DEMU,PASSENGER,REVIEW,0.600,NUMBER_RANGE,76812,1,19,{ROUTE_CODE_STYLE}
TJ-MV PASS,PASSENGER,REVIEW,0.600,NUMBER_RANGE,76826,1,16,{ROUTE_CODE_STYLE}
TJ-TPJ DEMU,PASSENGER,REVIEW,0.600,NUMBER_RANGE,76821,3,27,{ROUTE_CODE_STYLE}
TK-SBC FAST,PASSENGER,REVIEW,0.600,NUMBER_RANGE,56926,1,6,{ROUTE_CODE_STYLE}
TK-SBC PASS,PASSENGER,REVIEW,0.600,NUMBER_RANGE,56222,2,28,{ROUTE_CODE_STYLE}
TK1,EMU,REVIEW,0.750,NUMBER_RANGE,97033,1,8,{COACH_CODE_AS_NAME}
TK10,EMU,REVIEW,0.750,NUMBER_RANGE,97118,1,8,{COACH_CODE_AS_NAME}
TK12,EMU,REVIEW,0.750,NUMBER_RANGE,97130,1,8,{COACH_CODE_AS_NAME}
TK14,EMU,REVIEW,0.750,NUMBER_RANGE,97150,1,8,{COACH_CODE_AS_NAME}
TK16,EMU,REVIEW,0.750,NUMBER_RANGE,97152,1,8,{COACH_CODE_AS_NAME}
TK2,EMU,REVIEW,0.750,NUMBER_RANGE,97046,1,8,{COACH_CODE_AS_NAME}
TK3,EMU,REVIEW,0.750,NUMBER_RANGE,97073,1,8,{COACH_CODE_AS_NAME}
TK4,EMU,REVIEW,0.750,NUMBER_RANGE,97056,1,8,{COACH_CODE_AS_NAME}
TK6,EMU,REVIEW,0.750,NUMBER_RANGE,97086,1,8,{COACH_CODE_AS_NAME}
TK8,EMU,REVIEW,0.750,NUMBER_RANGE,97094,1,8,{COACH_CODE_AS_NAME}
TKJ SDLP PAS,PASSENGER,REVIEW,0.600,NUMBER_RANGE,54011,1,39,{LIKELY_TRUNCATED}
TKJ-BSC MEMU,PASSENGER,REVIEW,0.600,NUMBER_RANGE,64568,1,20,{LIKELY_TRUNCATED}
TKNR - SDAH,PASSENGER,REVIEW,0.550,NUMBER_RANGE,33896,1,15,{}
TL1,EMU,REVIEW,0.750,NUMBER_RANGE,96605,1,4,{COACH_CODE_AS_NAME}
TL10,EMU,REVIEW,0.750,NUMBER_RANGE,96610,1,2,{COACH_CODE_AS_NAME}
TL11,EMU,REVIEW,0.750,NUMBER_RANGE,95603,1,4,{COACH_CODE_AS_NAME}
TL12,EMU,REVIEW,0.750,NUMBER_RANGE,96612,1,2,{COACH_CODE_AS_NAME}
TL13,EMU,REVIEW,0.750,NUMBER_RANGE,95605,1,4,{COACH_CODE_AS_NAME}
TL14,EMU,REVIEW,0.750,NUMBER_RANGE,95602,1,2,{COACH_CODE_AS_NAME}
TL15,EMU,REVIEW,0.750,NUMBER_RANGE,96617,1,4,{COACH_CODE_AS_NAME}
TL16,EMU,REVIEW,0.750,NUMBER_RANGE,96614,1,2,{COACH_CODE_AS_NAME}
TL17,EMU,REVIEW,0.750,NUMBER_RANGE,95607,1,4,{COACH_CODE_AS_NAME}
TL18,EMU,REVIEW,0.750,NUMBER_RANGE,96618,1,2,{COACH_CODE_AS_NAME}
TL19,EMU,REVIEW,0.750,NUMBER_RANGE,95609,1,4,{COACH_CODE_AS_NAME}
TL2,EMU,REVIEW,0.750,NUMBER_RANGE,96602,1,2,{COACH_CODE_AS_NAME}
TL20,EMU,REVIEW,0.750,NUMBER_RANGE,95604,1,2,{COACH_CODE_AS_NAME}
TL21,EMU,REVIEW,0.750,NUMBER_RANGE,96619,1,4,{COACH_CODE_AS_NAME}
TL22,EMU,REVIEW,0.750,NUMBER_RANGE,95606,1,2,{COACH_CODE_AS_NAME}
TL23,EMU,REVIEW,0.750,NUMBER_RANGE,96621,1,4,{COACH_CODE_AS_NAME}
TL24,EMU,REVIEW,0.750,NUMBER_RANGE,96622,1,2,{COACH_CODE_AS_NAME}
TL25,EMU,REVIEW,0.750,NUMBER_RANGE,96623,1,4,{COACH_CODE_AS_NAME}
TL26,EMU,REVIEW,0.750,NUMBER_RANGE,96624,1,2,{COACH_CODE_AS_NAME}
TL27,EMU,REVIEW,0.750,NUMBER_RANGE,96625,1,4,{COACH_CODE_AS_NAME}
TL28,EMU,REVIEW,0.750,NUMBER_RANGE,96626,1,2,{COACH_CODE_AS_NAME}
TL29,EMU,REVIEW,0.750,NUMBER_RANGE,96627,1,4,{COACH_CODE_AS_NAME}
TL3,EMU,REVIEW,0.750,NUMBER_RANGE,96607,1,4,{COACH_CODE_AS_NAME}
TL30,EMU,REVIEW,0.750,NUMBER_RANGE,96628,1,2,{COACH_CODE_AS_NAME}
TL31,EMU,REVIEW,0.750,NUMBER_RANGE,96629,1,4,{COACH_CODE_AS_NAME}
TL32,EMU,REVIEW,0.750,NUMBER_RANGE,96630,1,2,{COACH_CODE_AS_NAME}
TL33,EMU,REVIEW,0.750,NUMBER_RANGE,96631,1,4,{COACH_CODE_AS_NAME}
TL34,EMU,REVIEW,0.750,NUMBER_RANGE,96632,1,2,{COACH_CODE_AS_NAME}
TL35,EMU,REVIEW,0.750,NUMBER_RANGE,96633,1,4,{COACH_CODE_AS_NAME}
TL36,EMU,REVIEW,0.750,NUMBER_RANGE,96634,1,2,{COACH_CODE_AS_NAME}
TL37,EMU,REVIEW,0.750,NUMBER_RANGE,96635,1,4,{COACH_CODE_AS_NAME}
TL38,EMU,REVIEW,0.750,NUMBER_RANGE,96636,1,2,{COACH_CODE_AS_NAME}
TL39,EMU,REVIEW,0.750,NUMBER_RANGE,96637,1,4,{COACH_CODE_AS_NAME}
TL4,EMU,REVIEW,0.750,NUMBER_RANGE,96604,1,2,{COACH_CODE_AS_NAME}
TL40,EMU,REVIEW,0.750,NUMBER_RANGE,96638,1,2,{COACH_CODE_AS_NAME}
TL41,EMU,REVIEW,0.750,NUMBER_RANGE,96639,1,4,{COACH_CODE_AS_NAME}
TL42,EMU,REVIEW,0.750,NUMBER_RANGE,96640,1,2,{COACH_CODE_AS_NAME}
TL43,EMU,REVIEW,0.750,NUMBER_RANGE,95611,1,4,{COACH_CODE_AS_NAME}
TL44,EMU,REVIEW,0.750,NUMBER_RANGE,96642,1,2,{COACH_CODE_AS_NAME}
TL45,EMU,REVIEW,0.750,NUMBER_RANGE,95613,1,4,{COACH_CODE_AS_NAME}
TL46,EMU,REVIEW,0.750,NUMBER_RANGE,95608,1,2,{COACH_CODE_AS_NAME}
TL47,EMU,REVIEW,0.750,NUMBER_RANGE,96641,1,4,{COACH_CODE_AS_NAME}
TL48,EMU,REVIEW,0.750,NUMBER_RANGE,95610,1,2,{COACH_CODE_AS_NAME}
TL49,EMU,REVIEW,0.750,NUMBER_RANGE,95615,1,4,{COACH_CODE_AS_NAME}
TL5,EMU,REVIEW,0.750,NUMBER_RANGE,96611,1,4,{COACH_CODE_AS_NAME}
TL50,EMU,REVIEW,0.750,NUMBER_RANGE,95612,1,2,{COACH_CODE_AS_NAME}
TL51,EMU,REVIEW,0.750,NUMBER_RANGE,95617,1,4,{COACH_CODE_AS_NAME}
TL52,EMU,REVIEW,0.750,NUMBER_RANGE,95614,1,2,{COACH_CODE_AS_NAME}
TL53,EMU,REVIEW,0.750,NUMBER_RANGE,95619,1,4,{COACH_CODE_AS_NAME}
TL54,EMU,REVIEW,0.750,NUMBER_RANGE,95616,1,2,{COACH_CODE_AS_NAME}
TL55,EMU,REVIEW,0.750,NUMBER_RANGE,96643,1,4,{COACH_CODE_AS_NAME}
TL56,EMU,REVIEW,0.750,NUMBER_RANGE,96646,1,2,{COACH_CODE_AS_NAME}
TL57,EMU,REVIEW,0.750,NUMBER_RANGE,96645,1,4,{COACH_CODE_AS_NAME}
TL58,EMU,REVIEW,0.750,NUMBER_RANGE,96648,1,2,{COACH_CODE_AS_NAME}
TL59,EMU,REVIEW,0.750,NUMBER_RANGE,96647,1,4,{COACH_CODE_AS_NAME}
TL6,EMU,REVIEW,0.750,NUMBER_RANGE,96606,1,2,{COACH_CODE_AS_NAME}
TL60,EMU,REVIEW,0.750,NUMBER_RANGE,96650,1,2,{COACH_CODE_AS_NAME}
TL61,EMU,REVIEW,0.750,NUMBER_RANGE,96649,1,4,{COACH_CODE_AS_NAME}
TL62,EMU,REVIEW,0.750,NUMBER_RANGE,96652,1,2,{COACH_CODE_AS_NAME}
TL63,EMU,REVIEW,0.750,NUMBER_RANGE,96651,1,4,{COACH_CODE_AS_NAME}
TL64,EMU,REVIEW,0.750,NUMBER_RANGE,96654,1,2,{COACH_CODE_AS_NAME}
TL65,EMU,REVIEW,0.750,NUMBER_RANGE,96653,1,4,{COACH_CODE_AS_NAME}
TL66,EMU,REVIEW,0.750,NUMBER_RANGE,96656,1,2,{COACH_CODE_AS_NAME}
TL67,EMU,REVIEW,0.750,NUMBER_RANGE,96655,1,4,{COACH_CODE_AS_NAME}
TL7,EMU,REVIEW,0.750,NUMBER_RANGE,96613,1,4,{COACH_CODE_AS_NAME}
TL71,EMU,REVIEW,0.750,NUMBER_RANGE,96657,1,27,{COACH_CODE_AS_NAME}
TL8,EMU,REVIEW,0.750,NUMBER_RANGE,96608,1,2,{COACH_CODE_AS_NAME}
TL9,EMU,REVIEW,0.750,NUMBER_RANGE,95601,1,4,{COACH_CODE_AS_NAME}
TLAN1,EMU,REVIEW,0.750,NUMBER_RANGE,96501,1,4,{}
TLGP-MYS EXP,EXPRESS,REVIEW,0.650,NUMBER_RANGE,16228,1,31,{LIKELY_TRUNCATED}
TLGP-MYS INT,EXPRESS,REVIEW,0.650,NUMBER_RANGE,16205,1,13,{LIKELY_TRUNCATED}
TLGP-SMET PA,PASSENGER,REVIEW,0.600,NUMBER_RANGE,56217,1,7,{LIKELY_TRUNCATED}
TLHR-PURI PA,PASSENGER,REVIEW,0.600,NUMBER_RANGE,58413,1,42,{LIKELY_TRUNCATED}
TMLP - MSB E,PASSENGER,REVIEW,0.550,NUMBER_RANGE,40754,1,5,{LIKELY_TRUNCATED}
TMLP-CGL EMU,PASSENGER,REVIEW,0.550,NUMBER_RANGE,40902,1,10,{LIKELY_TRUNCATED}
TMLP-MSB EMU,PASSENGER,REVIEW,0.550,NUMBER_RANGE,40702,10,71,{LIKELY_TRUNCATED}
TMR-TRDI DEM,PASSENGER,REVIEW,0.600,NUMBER_RANGE,78811,2,18,{LIKELY_TRUNCATED}
TMR-TRDI LOC,PASSENGER,REVIEW,0.600,NUMBER_RANGE,58817,1,9,{LIKELY_TRUNCATED}
TN-CBE LINK,SUPERFAST,REVIEW,0.700,NUMBER_RANGE,22669,1,4,{ROUTE_CODE_STYLE}
TN-MEJ LINK,EXPRESS,REVIEW,0.650,NUMBER_RANGE,16130,1,3,{ROUTE_CODE_STYLE}
TN-MS PEARL,SUPERFAST,REVIEW,0.700,NUMBER_RANGE,12694,1,22,{ROUTE_CODE_STYLE}
TN-MYS EXP,EXPRESS,REVIEW,0.650,NUMBER_RANGE,16235,1,35,{ROUTE_CODE_STYLE}
TN-TCN PASS,PASSENGER,REVIEW,0.600,NUMBER_RANGE,56767,1,20,{ROUTE_CODE_STYLE}
TN-TEN PASSE,PASSENGER,REVIEW,0.600,NUMBER_RANGE,56741,1,10,{LIKELY_TRUNCATED}
TN1,EMU,REVIEW,0.750,NUMBER_RANGE,96407,1,12,{COACH_CODE_AS_NAME}
TNPR - KIR D,PASSENGER,REVIEW,0.600,NUMBER_RANGE,75733,3,24,{LIKELY_TRUNCATED}
TNPR - KIR P,PASSENGER,REVIEW,0.600,NUMBER_RANGE,75739,1,8,{LIKELY_TRUNCATED}
TNU 11,EMU,REVIEW,0.750,NUMBER_RANGE,99211,1,2,{}
TNU 13,EMU,REVIEW,0.750,NUMBER_RANGE,99213,1,2,{}
TNU 15,EMU,REVIEW,0.750,NUMBER_RANGE,99215,1,2,{}
TNU 17,EMU,REVIEW,0.750,NUMBER_RANGE,99217,1,2,{}
TNU 19,EMU,REVIEW,0.750,NUMBER_RANGE,99219,1,2,{}
TNU 21,EMU,REVIEW,0.750,NUMBER_RANGE,99221,1,2,{}
TNU 23,EMU,REVIEW,0.750,NUMBER_RANGE,99223,1,2,{}
TNU 25,EMU,REVIEW,0.750,NUMBER_RANGE,99225,1,2,{}
TNU 27,EMU,REVIEW,0.750,NUMBER_RANGE,99227,1,2,{}
TNU 29,EMU,REVIEW,0.750,NUMBER_RANGE,99229,1,2,{}
TNU 31,EMU,REVIEW,0.750,NUMBER_RANGE,99231,1,2,{}
TNU 33,EMU,REVIEW,0.750,NUMBER_RANGE,99233,1,2,{}
TNU 35,EMU,REVIEW,0.750,NUMBER_RANGE,99235,1,2,{}
TNU 37,EMU,REVIEW,0.750,NUMBER_RANGE,99237,1,2,{}
TNU 39,EMU,REVIEW,0.750,NUMBER_RANGE,99239,1,2,{}
TNU 41,EMU,REVIEW,0.750,NUMBER_RANGE,99241,1,2,{}
TNU 43,EMU,REVIEW,0.750,NUMBER_RANGE,99243,1,2,{}
TNU 45,EMU,REVIEW,0.750,NUMBER_RANGE,99245,1,2,{}
TNU 47,EMU,REVIEW,0.750,NUMBER_RANGE,99247,1,2,{}
TNU 49,EMU,REVIEW,0.750,NUMBER_RANGE,99249,1,2,{}
TNU 51,EMU,REVIEW,0.750,NUMBER_RANGE,99251,1,2,{}
TNU 53,EMU,REVIEW,0.750,NUMBER_RANGE,99253,1,2,{}
TNU 55,EMU,REVIEW,0.750,NUMBER_RANGE,99255,1,2,{}
TNU 7,EMU,REVIEW,0.750,NUMBER_RANGE,99207,1,2,{}
TNU 9,EMU,REVIEW,0.750,NUMBER_RANGE,99209,1,2,{}
TNU10,EMU,REVIEW,0.750,NUMBER_RANGE,99208,1,2,{}
TNU12,EMU,REVIEW,0.750,NUMBER_RANGE,99210,1,2,{}
TNU14,EMU,REVIEW,0.750,NUMBER_RANGE,99212,1,2,{}
TNU16,EMU,REVIEW,0.750,NUMBER_RANGE,99214,1,2,{}
TNU18,EMU,REVIEW,0.750,NUMBER_RANGE,99216,1,2,{}
TNU2,EMU,REVIEW,0.750,NUMBER_RANGE,99200,1,2,{}
TNU20,EMU,REVIEW,0.750,NUMBER_RANGE,99218,1,2,{}
TNU22,EMU,REVIEW,0.750,NUMBER_RANGE,99220,1,2,{}
TNU24,EMU,REVIEW,0.750,NUMBER_RANGE,99222,1,2,{}
TNU26,EMU,REVIEW,0.750,NUMBER_RANGE,99224,1,2,{}
TNU28,EMU,REVIEW,0.750,NUMBER_RANGE,99226,1,2,{}
TNU3,EMU,REVIEW,0.750,NUMBER_RANGE,99203,1,2,{}
TNU30,EMU,REVIEW,0.750,NUMBER_RANGE,99228,1,2,{}
TNU32,EMU,REVIEW,0.750,NUMBER_RANGE,99230,1,2,{}
TNU34,EMU,REVIEW,0.750,NUMBER_RANGE,99232,1,2,{}
TNU36,EMU,REVIEW,0.750,NUMBER_RANGE,99234,1,2,{}
TNU38,EMU,REVIEW,0.750,NUMBER_RANGE,99236,1,2,{}
TNU4,EMU,REVIEW,0.750,NUMBER_RANGE,99202,1,2,{}
TNU40,EMU,REVIEW,0.750,NUMBER_RANGE,99238,1,2,{}
TNU42,EMU,REVIEW,0.750,NUMBER_RANGE,99240,1,2,{}
TNU44,EMU,REVIEW,0.750,NUMBER_RANGE,99242,1,2,{}
TNU46,EMU,REVIEW,0.750,NUMBER_RANGE,99244,1,2,{}
TNU48,EMU,REVIEW,0.750,NUMBER_RANGE,99246,1,2,{}
TNU50,EMU,REVIEW,0.750,NUMBER_RANGE,99248,1,2,{}
TNU52,EMU,REVIEW,0.750,NUMBER_RANGE,99250,1,2,{}
TNU54,EMU,REVIEW,0.750,NUMBER_RANGE,99252,1,2,{}
TNU56,EMU,REVIEW,0.750,NUMBER_RANGE,99254,1,2,{}
TNU6,EMU,REVIEW,0.750,NUMBER_RANGE,99204,1,2,{}
TNU8,EMU,REVIEW,0.750,NUMBER_RANGE,99206,1,2,{}
TORI-BICI -,PASSENGER,REVIEW,0.600,NUMBER_RANGE,58654,1,12,{ROUTE_CODE_STYLE}
TPH - RJL,PASSENGER,REVIEW,0.600,NUMBER_RANGE,53493,1,2,{}
TPH-RJL PASS,PASSENGER,REVIEW,0.600,NUMBER_RANGE,53495,1,2,{LIKELY_TRUNCATED}
TPJ ED  PASS,PASSENGER,REVIEW,0.600,NUMBER_RANGE,56843,1,22,{LIKELY_TRUNCATED}
TPJ ED PASSR,PASSENGER,REVIEW,0.600,NUMBER_RANGE,56841,1,25,{LIKELY_TRUNCATED}
TPJ KRR DMU,PASSENGER,REVIEW,0.600,NUMBER_RANGE,76835,1,18,{}
TPJ KRR PASS,PASSENGER,REVIEW,0.600,NUMBER_RANGE,76833,1,15,{LIKELY_TRUNCATED}
TPJ MV PASSR,PASSENGER,REVIEW,0.600,NUMBER_RANGE,56812,1,25,{LIKELY_TRUNCATED}
TPJ TJ DEMU,PASSENGER,REVIEW,0.600,NUMBER_RANGE,76824,1,9,{}
TPJ-CUPJ PAS,PASSENGER,REVIEW,0.600,NUMBER_RANGE,76842,1,27,{LIKELY_TRUNCATED}
TPJ-DG PASS,PASSENGER,REVIEW,0.600,NUMBER_RANGE,56703,1,12,{ROUTE_CODE_STYLE}
TPJ-ED PASS,PASSENGER,REVIEW,0.600,NUMBER_RANGE,56109,1,25,{ROUTE_CODE_STYLE}
TPJ-HWH EXP,SUPERFAST,REVIEW,0.700,NUMBER_RANGE,12664,1,24,{ROUTE_CODE_STYLE}
TPJ-KIK PASS,PASSENGER,REVIEW,0.600,NUMBER_RANGE,56714,2,43,{LIKELY_TRUNCATED}
TPJ-KKDI DMU,PASSENGER,REVIEW,0.600,NUMBER_RANGE,76831,1,10,{LIKELY_TRUNCATED}
TPJ-KKDI PAS,PASSENGER,REVIEW,0.600,NUMBER_RANGE,76839,1,10,{LIKELY_TRUNCATED}
TPJ-LLI  DMU,PASSENGER,REVIEW,0.600,NUMBER_RANGE,76800,1,9,{LIKELY_TRUNCATED}
TPJ-LLI DMU,PASSENGER,REVIEW,0.600,NUMBER_RANGE,76804,1,9,{ROUTE_CODE_STYLE}
TPJ-MNM PASS,PASSENGER,REVIEW,0.600,NUMBER_RANGE,76807,1,14,{LIKELY_TRUNCATED}
TPJ-MQ PASSR,PASSENGER,REVIEW,0.600,NUMBER_RANGE,76806,1,12,{LIKELY_TRUNCATED}
TPJ-MV EXPRE,EXPRESS,REVIEW,0.650,NUMBER_RANGE,16234,1,7,{LIKELY_TRUNCATED}
TPJ-MV PASS,PASSENGER,REVIEW,0.600,NUMBER_RANGE,56113,1,26,{ROUTE_CODE_STYLE}
TPJ-MV PASSE,PASSENGER,REVIEW,0.600,NUMBER_RANGE,56824,1,24,{LIKELY_TRUNCATED}
TPJ-NCR PASS,PASSENGER,REVIEW,0.600,NUMBER_RANGE,76854,1,25,{LIKELY_TRUNCATED}
TPJ-RMM PASS,PASSENGER,REVIEW,0.600,NUMBER_RANGE,56829,1,25,{LIKELY_TRUNCATED}
TPJ-TJ DEMU,PASSENGER,REVIEW,0.600,NUMBER_RANGE,76820,3,26,{ROUTE_CODE_STYLE}
TPJ-TVC INTE,SUPERFAST,REVIEW,0.700,NUMBER_RANGE,22627,1,13,{LIKELY_TRUNCATED}
TPJ-VRI PASS,PASSENGER,REVIEW,0.600,NUMBER_RANGE,76846,1,23,{LIKELY_TRUNCATED}
TPL 11,EMU,REVIEW,0.750,NUMBER_RANGE,99011,1,2,{}
TPL 15,EMU,REVIEW,0.750,NUMBER_RANGE,99015,1,2,{}
TPL 17,EMU,REVIEW,0.750,NUMBER_RANGE,99017,1,2,{}
TPL 19,EMU,REVIEW,0.750,NUMBER_RANGE,99019,1,2,{}
TPL 21,EMU,REVIEW,0.750,NUMBER_RANGE,99021,1,2,{}
TPL 23,EMU,REVIEW,0.750,NUMBER_RANGE,99023,1,2,{}
TPL 25,EMU,REVIEW,0.750,NUMBER_RANGE,99025,1,2,{}
TPL 27,EMU,REVIEW,0.750,NUMBER_RANGE,99027,1,2,{}
TPL 29,EMU,REVIEW,0.750,NUMBER_RANGE,99029,1,2,{}
TPL 31,EMU,REVIEW,0.750,NUMBER_RANGE,99031,1,2,{}
TPL 33,EMU,REVIEW,0.750,NUMBER_RANGE,99033,1,2,{}
TPL 35,EMU,REVIEW,0.750,NUMBER_RANGE,99035,1,2,{}
TPL 37,EMU,REVIEW,0.750,NUMBER_RANGE,99037,1,2,{}
TPL 7,EMU,REVIEW,0.750,NUMBER_RANGE,99007,1,2,{}
TPL 9 L/SPL,EMU,REVIEW,0.750,NUMBER_RANGE,99009,1,2,{}
TPL-RJL PGR,PASSENGER,REVIEW,0.600,NUMBER_RANGE,53481,6,12,{ROUTE_CODE_STYLE}
TPL1,EMU,REVIEW,0.750,NUMBER_RANGE,99001,1,2,{}
TPL10,EMU,REVIEW,0.750,NUMBER_RANGE,99008,1,2,{}
TPL12,EMU,REVIEW,0.750,NUMBER_RANGE,99010,1,2,{}
TPL14,EMU,REVIEW,0.750,NUMBER_RANGE,99012,1,2,{}
TPL16,EMU,REVIEW,0.750,NUMBER_RANGE,99014,1,2,{}
TPL18,EMU,REVIEW,0.750,NUMBER_RANGE,99016,1,2,{}
TPL2,EMU,REVIEW,0.750,NUMBER_RANGE,99000,1,2,{}
TPL20,EMU,REVIEW,0.750,NUMBER_RANGE,99018,1,2,{}
TPL22,EMU,REVIEW,0.750,NUMBER_RANGE,99020,1,2,{}
TPL24,EMU,REVIEW,0.750,NUMBER_RANGE,99022,1,2,{}
TPL26,EMU,REVIEW,0.750,NUMBER_RANGE,99024,1,2,{}
TPL28,EMU,REVIEW,0.750,NUMBER_RANGE,99026,1,2,{}
TPL30,EMU,REVIEW,0.750,NUMBER_RANGE,99028,1,2,{}
TPL32,EMU,REVIEW,0.750,NUMBER_RANGE,99030,1,2,{}
TPL34,EMU,REVIEW,0.750,NUMBER_RANGE,99032,1,2,{}
TPL36,EMU,REVIEW,0.750,NUMBER_RANGE,99034,1,2,{}
TPL38,EMU,REVIEW,0.750,NUMBER_RANGE,99036,1,2,{}
TPL39,EMU,REVIEW,0.750,NUMBER_RANGE,99039,1,2,{}
TPL4,EMU,REVIEW,0.750,NUMBER_RANGE,99002,1,2,{}
TPL40,EMU,REVIEW,0.750,NUMBER_RANGE,99038,1,2,{}
TPL41,EMU,REVIEW,0.750,NUMBER_RANGE,99041,1,2,{}
TPL42,EMU,REVIEW,0.750,NUMBER_RANGE,99040,1,2,{}
TPL44,EMU,REVIEW,0.750,NUMBER_RANGE,99042,1,2,{}
TPL6,EMU,REVIEW,0.750,NUMBER_RANGE,99004,1,2,{}
TPL8,EMU,REVIEW,0.750,NUMBER_RANGE,99006,1,2,{}
TPO-BARI-PAS,PASSENGER,REVIEW,0.600,NUMBER_RANGE,52182,1,5,{LIKELY_TRUNCATED}
TPTY PASS,PASSENGER,REVIEW,0.600,NUMBER_RANGE,57412,2,19,{}
TPTY-ADB KRI,EXPRESS,REVIEW,0.650,NUMBER_RANGE,17405,1,61,{LIKELY_TRUNCATED}
TPTY-AJJ MEM,PASSENGER,REVIEW,0.600,NUMBER_RANGE,66014,2,23,{LIKELY_TRUNCATED}
TPTY-AMI EXP,SUPERFAST,REVIEW,0.700,NUMBER_RANGE,12765,1,24,{LIKELY_TRUNCATED}
TPTY-BBS S/F,SUPERFAST,REVIEW,0.700,NUMBER_RANGE,22872,2,40,{LIKELY_TRUNCATED}
TPTY-BSP EXP,EXPRESS,REVIEW,0.650,NUMBER_RANGE,17482,1,66,{LIKELY_TRUNCATED}
TPTY-CBE  EX,SUPERFAST,REVIEW,0.700,NUMBER_RANGE,22615,1,8,{LIKELY_TRUNCATED}
TPTY-COA PAS,PASSENGER,REVIEW,0.600,NUMBER_RANGE,57257,1,92,{LIKELY_TRUNCATED}
TPTY-GDR PAS,PASSENGER,REVIEW,0.600,NUMBER_RANGE,57411,1,7,{LIKELY_TRUNCATED}
TPTY-GTL PAS,PASSENGER,REVIEW,0.600,NUMBER_RANGE,57475,1,39,{LIKELY_TRUNCATED}
TPTY-JAT,SUPERFAST,REVIEW,0.700,NUMBER_RANGE,22705,1,14,{ROUTE_CODE_STYLE}
TPTY-KOP HAR,EXPRESS,REVIEW,0.650,NUMBER_RANGE,17415,1,31,{LIKELY_TRUNCATED}
TPTY-KPD PAS,PASSENGER,REVIEW,0.600,NUMBER_RANGE,56889,1,13,{LIKELY_TRUNCATED}
TPTY-KRMR  E,SUPERFAST,REVIEW,0.700,NUMBER_RANGE,12761,1,12,{LIKELY_TRUNCATED}
TPTY-KRYP  P,PASSENGER,REVIEW,0.600,NUMBER_RANGE,57477,1,42,{LIKELY_TRUNCATED}
TPTY-MAS EXP,EXPRESS,REVIEW,0.650,NUMBER_RANGE,16054,2,20,{LIKELY_TRUNCATED}
TPTY-MMC MEM,PASSENGER,REVIEW,0.600,NUMBER_RANGE,66048,1,15,{LIKELY_TRUNCATED}
TPTY-MQ PAMA,EXPRESS,REVIEW,0.650,NUMBER_RANGE,17407,1,19,{LIKELY_TRUNCATED}
TPTY-MTM NS,EXPRESS,REVIEW,0.650,NUMBER_RANGE,17401,1,21,{ROUTE_CODE_STYLE}
TPTY-NLR PAS,PASSENGER,REVIEW,0.600,NUMBER_RANGE,66033,1,16,{LIKELY_TRUNCATED}
TPTY-NZM AP,SUPERFAST,REVIEW,0.700,NUMBER_RANGE,12707,1,20,{ROUTE_CODE_STYLE}
TPTY-PDY  WE,EXPRESS,REVIEW,0.650,NUMBER_RANGE,17413,1,11,{LIKELY_TRUNCATED}
TPTY-PDY PAS,PASSENGER,REVIEW,0.600,NUMBER_RANGE,56041,1,33,{LIKELY_TRUNCATED}
TPTY-PURI EX,EXPRESS,REVIEW,0.650,NUMBER_RANGE,17480,1,73,{LIKELY_TRUNCATED}
TPTY-RMM TRI,EXPRESS,REVIEW,0.650,NUMBER_RANGE,16779,1,23,{LIKELY_TRUNCATED}
TPTY-SBC  EX,SUPERFAST,REVIEW,0.700,NUMBER_RANGE,22618,1,9,{LIKELY_TRUNCATED}
TPTY-SC  SEV,SUPERFAST,REVIEW,0.700,NUMBER_RANGE,12769,1,17,{LIKELY_TRUNCATED}
TPTY-SC EXP,SUPERFAST,REVIEW,0.700,NUMBER_RANGE,12731,1,16,{ROUTE_CODE_STYLE}
TPTY-SC NARA,SUPERFAST,REVIEW,0.700,NUMBER_RANGE,12733,1,23,{LIKELY_TRUNCATED}
TPTY-SC PADM,SUPERFAST,REVIEW,0.700,NUMBER_RANGE,12763,1,19,{LIKELY_TRUNCATED}
TPTY-SNSI,EXPRESS,REVIEW,0.650,NUMBER_RANGE,17417,1,37,{ROUTE_CODE_STYLE}
TPTY-SRC,SUPERFAST,REVIEW,0.700,NUMBER_RANGE,22856,1,18,{ROUTE_CODE_STYLE}
TPTY-UBL PAS,PASSENGER,REVIEW,0.600,NUMBER_RANGE,57274,1,60,{LIKELY_TRUNCATED}
TPTY-VM PASS,PASSENGER,REVIEW,0.600,NUMBER_RANGE,56885,1,27,{LIKELY_TRUNCATED}
TPTY-VSG,EXPRESS,REVIEW,0.650,NUMBER_RANGE,17419,1,31,{ROUTE_CODE_STYLE}
TPTY-VSKP TI,EXPRESS,REVIEW,0.650,NUMBER_RANGE,17487,1,36,{LIKELY_TRUNCATED}
TPTY-VSKP TR,SUPERFAST,REVIEW,0.700,NUMBER_RANGE,22708,1,18,{LIKELY_TRUNCATED}
TPU-SZP  PAS,PASSENGER,REVIEW,0.600,NUMBER_RANGE,52230,1,16,{LIKELY_TRUNCATED}
TRD-TMR DEMU,PASSENGER,REVIEW,0.600,NUMBER_RANGE,78814,1,9,{LIKELY_TRUNCATED}
TRDI - ITR L,PASSENGER,REVIEW,0.600,NUMBER_RANGE,58816,1,20,{LIKELY_TRUNCATED}
TRDI-TMR DEM,PASSENGER,REVIEW,0.600,NUMBER_RANGE,78812,1,9,{LIKELY_TRUNCATED}
TRDI-TMR LOC,PASSENGER,REVIEW,0.600,NUMBER_RANGE,58818,1,9,{LIKELY_TRUNCATED}
TRG-DLN PASS,PASSENGER,REVIEW,0.600,NUMBER_RANGE,53644,3,12,{LIKELY_TRUNCATED}
TRIBENI EXPR,EXPRESS,REVIEW,0.650,NUMBER_RANGE,14371,1,10,{LIKELY_TRUNCATED}
TRIHUT EXP,EXPRESS,REVIEW,0.650,NUMBER_RANGE,13157,2,28,{}
TRIVANDRAM,EXPRESS,REVIEW,0.650,NUMBER_RANGE,16331,1,43,{}
TRIVANDRUM M,SUPERFAST,REVIEW,0.700,NUMBER_RANGE,12623,1,21,{LIKELY_TRUNCATED}
TRIVENI EXP,EXPRESS,REVIEW,0.650,NUMBER_RANGE,14370,2,74,{}
TRIVENI EXPR,EXPRESS,REVIEW,0.650,NUMBER_RANGE,14369,2,74,{LIKELY_TRUNCATED}
TRL-AVD EMU,PASSENGER,REVIEW,0.550,NUMBER_RANGE,43832,1,8,{ROUTE_CODE_STYLE}
TRL-KBT EMU,PASSENGER,REVIEW,0.550,NUMBER_RANGE,43921,1,2,{ROUTE_CODE_STYLE}
TRL-MMC EMU,PASSENGER,REVIEW,0.550,NUMBER_RANGE,43202,30,543,{ROUTE_CODE_STYLE}
TRL-MMCC PAS,PASSENGER,REVIEW,0.600,NUMBER_RANGE,66012,1,11,{LIKELY_TRUNCATED}
TRL-MSB EMU,PASSENGER,REVIEW,0.550,NUMBER_RANGE,43702,6,105,{ROUTE_CODE_STYLE}
TRL-PON EMU,PASSENGER,REVIEW,0.550,NUMBER_RANGE,43852,1,29,{ROUTE_CODE_STYLE}
TRL-VLCY LOC,PASSENGER,REVIEW,0.550,NUMBER_RANGE,43762,5,70,{LIKELY_TRUNCATED}
TRT-AJJ EMU,PASSENGER,REVIEW,0.550,NUMBER_RANGE,43552,3,6,{ROUTE_CODE_STYLE}
TRT-MMC EMU,PASSENGER,REVIEW,0.550,NUMBER_RANGE,43502,10,255,{ROUTE_CODE_STYLE}
TRT-MSB EMU,PASSENGER,REVIEW,0.550,NUMBER_RANGE,43820,1,14,{ROUTE_CODE_STYLE}
TRT-VLCY LOC,PASSENGER,REVIEW,0.550,NUMBER_RANGE,43942,1,18,{LIKELY_TRUNCATED}
TS1,EMU,REVIEW,0.750,NUMBER_RANGE,96103,1,9,{COACH_CODE_AS_NAME}
TS11,EMU,REVIEW,0.750,NUMBER_RANGE,96117,1,9,{COACH_CODE_AS_NAME}
TS2,EMU,REVIEW,0.750,NUMBER_RANGE,96108,1,7,{COACH_CODE_AS_NAME}
TS3,EMU,REVIEW,0.750,NUMBER_RANGE,96105,1,9,{COACH_CODE_AS_NAME}
TS4,EMU,REVIEW,0.750,NUMBER_RANGE,96110,1,7,{COACH_CODE_AS_NAME}
TS5,EMU,REVIEW,0.750,NUMBER_RANGE,96111,1,9,{COACH_CODE_AS_NAME}
TS7,EMU,REVIEW,0.750,NUMBER_RANGE,96113,1,9,{COACH_CODE_AS_NAME}
TS9,EMU,REVIEW,0.750,NUMBER_RANGE,96115,1,9,{COACH_CODE_AS_NAME}
TSK - DBRT D,PASSENGER,REVIEW,0.600,NUMBER_RANGE,75905,1,4,{LIKELY_TRUNCATED}
TSK - DNGI D,PASSENGER,REVIEW,0.600,NUMBER_RANGE,75911,1,8,{LIKELY_TRUNCATED}
TSK - JTTN P,PASSENGER,REVIEW,0.600,NUMBER_RANGE,55914,1,27,{LIKELY_TRUNCATED}
TSK - LEDO P,PASSENGER,REVIEW,0.600,NUMBER_RANGE,75901,1,4,{LIKELY_TRUNCATED}
TSK - LMG PA,PASSENGER,REVIEW,0.600,NUMBER_RANGE,55902,1,49,{LIKELY_TRUNCATED}
TTL1,EMU,REVIEW,0.750,NUMBER_RANGE,96615,1,4,{}
TTL2,EMU,REVIEW,0.750,NUMBER_RANGE,96620,1,2,{}
TTL4,EMU,REVIEW,0.750,NUMBER_RANGE,96644,1,2,{}
TTL6,EMU,REVIEW,0.750,NUMBER_RANGE,96658,1,2,{}
TTL8,EMU,REVIEW,0.750,NUMBER_RANGE,96660,1,2,{}
TTO-BEAS,PASSENGER,REVIEW,0.600,NUMBER_RANGE,74602,1,6,{ROUTE_CODE_STYLE}
TTO-BEAS DMU,PASSENGER,REVIEW,0.600,NUMBER_RANGE,74604,2,12,{LIKELY_TRUNCATED}
TUNI-RJY,PASSENGER,REVIEW,0.600,NUMBER_RANGE,67248,1,18,{ROUTE_CODE_STYLE}
TV 1,EMU,REVIEW,0.750,NUMBER_RANGE,99401,1,2,{}
TV 101,EMU,REVIEW,0.750,NUMBER_RANGE,99501,1,2,{}
TV 103,EMU,REVIEW,0.750,NUMBER_RANGE,99503,1,2,{}
TV 11,EMU,REVIEW,0.750,NUMBER_RANGE,99411,1,2,{}
TV 13,EMU,REVIEW,0.750,NUMBER_RANGE,99413,1,2,{}
TV 15,EMU,REVIEW,0.750,NUMBER_RANGE,99415,1,2,{}
TV 17,EMU,REVIEW,0.750,NUMBER_RANGE,99417,1,2,{}
TV 19,EMU,REVIEW,0.750,NUMBER_RANGE,99419,1,2,{}
TV 21,EMU,REVIEW,0.750,NUMBER_RANGE,99421,1,2,{}
TV 23,EMU,REVIEW,0.750,NUMBER_RANGE,99423,1,2,{}
TV 25,EMU,REVIEW,0.750,NUMBER_RANGE,99425,1,2,{}
TV 27 L/SPL,EMU,REVIEW,0.750,NUMBER_RANGE,99427,1,2,{}
TV 29,EMU,REVIEW,0.750,NUMBER_RANGE,99429,1,2,{}
TV 3,EMU,REVIEW,0.750,NUMBER_RANGE,99403,1,2,{}
TV 31,EMU,REVIEW,0.750,NUMBER_RANGE,99431,1,2,{}
TV 33,EMU,REVIEW,0.750,NUMBER_RANGE,99433,1,2,{}
TV 35,EMU,REVIEW,0.750,NUMBER_RANGE,99435,1,2,{}
TV 37,EMU,REVIEW,0.750,NUMBER_RANGE,99437,1,2,{}
TV 39,EMU,REVIEW,0.750,NUMBER_RANGE,99439,1,2,{}
TV 41,EMU,REVIEW,0.750,NUMBER_RANGE,99441,1,2,{}
TV 43,EMU,REVIEW,0.750,NUMBER_RANGE,99443,1,2,{}
TV 45,EMU,REVIEW,0.750,NUMBER_RANGE,99445,1,2,{}
TV 47,EMU,REVIEW,0.750,NUMBER_RANGE,99447,1,2,{}
TV 49,EMU,REVIEW,0.750,NUMBER_RANGE,99449,1,2,{}
TV 5,EMU,REVIEW,0.750,NUMBER_RANGE,99405,1,2,{}
TV 51,EMU,REVIEW,0.750,NUMBER_RANGE,99451,1,2,{}
TV 53,EMU,REVIEW,0.750,NUMBER_RANGE,99453,1,2,{}
TV 55,EMU,REVIEW,0.750,NUMBER_RANGE,99455,1,2,{}
TV 57,EMU,REVIEW,0.750,NUMBER_RANGE,99457,1,2,{}
TV 59,EMU,REVIEW,0.750,NUMBER_RANGE,99459,1,2,{}
TV 61,EMU,REVIEW,0.750,NUMBER_RANGE,99461,1,2,{}
TV 63,EMU,REVIEW,0.750,NUMBER_RANGE,99463,1,2,{}
TV 65,EMU,REVIEW,0.750,NUMBER_RANGE,99465,1,2,{}
TV 67,EMU,REVIEW,0.750,NUMBER_RANGE,99467,1,2,{}
TV 69,EMU,REVIEW,0.750,NUMBER_RANGE,99469,1,2,{}
TV 7,EMU,REVIEW,0.750,NUMBER_RANGE,99407,1,2,{}
TV 71,EMU,REVIEW,0.750,NUMBER_RANGE,99471,1,2,{}
TV 73,EMU,REVIEW,0.750,NUMBER_RANGE,99473,1,2,{}
TV 75,EMU,REVIEW,0.750,NUMBER_RANGE,99475,1,2,{}
TV 77,EMU,REVIEW,0.750,NUMBER_RANGE,99477,1,2,{}
TV 79,EMU,REVIEW,0.750,NUMBER_RANGE,99479,1,2,{}
TV 81,EMU,REVIEW,0.750,NUMBER_RANGE,99481,1,2,{}
TV 83,EMU,REVIEW,0.750,NUMBER_RANGE,99483,1,2,{}
TV 85,EMU,REVIEW,0.750,NUMBER_RANGE,99485,1,2,{}
TV 87,EMU,REVIEW,0.750,NUMBER_RANGE,99487,1,2,{}
TV 89,EMU,REVIEW,0.750,NUMBER_RANGE,99489,1,2,{}
TV 9,EMU,REVIEW,0.750,NUMBER_RANGE,99409,1,2,{}
TV 91,EMU,REVIEW,0.750,NUMBER_RANGE,99491,1,2,{}
TV 93,EMU,REVIEW,0.750,NUMBER_RANGE,99493,1,2,{}
TV 95,EMU,REVIEW,0.750,NUMBER_RANGE,99495,1,2,{}
TV 99,EMU,REVIEW,0.750,NUMBER_RANGE,99499,1,2,{}
TV10,EMU,REVIEW,0.750,NUMBER_RANGE,99408,1,2,{COACH_CODE_AS_NAME}
TV100,EMU,REVIEW,0.750,NUMBER_RANGE,99498,1,2,{COACH_CODE_AS_NAME}
TV102,EMU,REVIEW,0.750,NUMBER_RANGE,99500,1,2,{COACH_CODE_AS_NAME}
TV104,EMU,REVIEW,0.750,NUMBER_RANGE,99502,1,2,{COACH_CODE_AS_NAME}
TV12,EMU,REVIEW,0.750,NUMBER_RANGE,99410,1,2,{COACH_CODE_AS_NAME}
TV14,EMU,REVIEW,0.750,NUMBER_RANGE,99412,1,2,{COACH_CODE_AS_NAME}
TV16,EMU,REVIEW,0.750,NUMBER_RANGE,99414,1,2,{COACH_CODE_AS_NAME}
TV18,EMU,REVIEW,0.750,NUMBER_RANGE,99416,1,2,{COACH_CODE_AS_NAME}
TV2,EMU,REVIEW,0.750,NUMBER_RANGE,99400,1,2,{COACH_CODE_AS_NAME}
TV20,EMU,REVIEW,0.750,NUMBER_RANGE,99418,1,2,{COACH_CODE_AS_NAME}
TV22,EMU,REVIEW,0.750,NUMBER_RANGE,99420,1,2,{COACH_CODE_AS_NAME}
TV24,EMU,REVIEW,0.750,NUMBER_RANGE,99422,1,2,{COACH_CODE_AS_NAME}
TV26,EMU,REVIEW,0.750,NUMBER_RANGE,99424,1,2,{COACH_CODE_AS_NAME}
TV28,EMU,REVIEW,0.750,NUMBER_RANGE,99426,1,2,{COACH_CODE_AS_NAME}
TV30,EMU,REVIEW,0.750,NUMBER_RANGE,99428,1,2,{COACH_CODE_AS_NAME}
TV32,EMU,REVIEW,0.750,NUMBER_RANGE,99430,1,2,{COACH_CODE_AS_NAME}
TV34,EMU,REVIEW,0.750,NUMBER_RANGE,99432,1,2,{COACH_CODE_AS_NAME}
TV36,EMU,REVIEW,0.750,NUMBER_RANGE,99434,1,2,{COACH_CODE_AS_NAME}
TV38,EMU,REVIEW,0.750,NUMBER_RANGE,99436,1,2,{COACH_CODE_AS_NAME}
TV4,EMU,REVIEW,0.750,NUMBER_RANGE,99402,1,2,{COACH_CODE_AS_NAME}
TV40,EMU,REVIEW,0.750,NUMBER_RANGE,99438,1,2,{COACH_CODE_AS_NAME}
TV42,EMU,REVIEW,0.750,NUMBER_RANGE,99440,1,2,{COACH_CODE_AS_NAME}
TV44,EMU,REVIEW,0.750,NUMBER_RANGE,99442,1,2,{COACH_CODE_AS_NAME}
TV46,EMU,REVIEW,0.750,NUMBER_RANGE,99444,1,2,{COACH_CODE_AS_NAME}
TV48,EMU,REVIEW,0.750,NUMBER_RANGE,99446,1,2,{COACH_CODE_AS_NAME}
TV50,EMU,REVIEW,0.750,NUMBER_RANGE,99448,1,2,{COACH_CODE_AS_NAME}
TV52,EMU,REVIEW,0.750,NUMBER_RANGE,99450,1,2,{COACH_CODE_AS_NAME}
TV54,EMU,REVIEW,0.750,NUMBER_RANGE,99452,1,2,{COACH_CODE_AS_NAME}
TV56,EMU,REVIEW,0.750,NUMBER_RANGE,99454,1,2,{COACH_CODE_AS_NAME}
TV58,EMU,REVIEW,0.750,NUMBER_RANGE,99456,1,2,{COACH_CODE_AS_NAME}
TV6,EMU,REVIEW,0.750,NUMBER_RANGE,99404,1,2,{COACH_CODE_AS_NAME}
TV60,EMU,REVIEW,0.750,NUMBER_RANGE,99458,1,2,{COACH_CODE_AS_NAME}
TV62,EMU,REVIEW,0.750,NUMBER_RANGE,99460,1,2,{COACH_CODE_AS_NAME}
TV64,EMU,REVIEW,0.750,NUMBER_RANGE,99462,1,2,{COACH_CODE_AS_NAME}
TV66,EMU,REVIEW,0.750,NUMBER_RANGE,99464,1,2,{COACH_CODE_AS_NAME}
TV68,EMU,REVIEW,0.750,NUMBER_RANGE,99466,1,2,{COACH_CODE_AS_NAME}
TV70,EMU,REVIEW,0.750,NUMBER_RANGE,99468,1,2,{COACH_CODE_AS_NAME}
TV72,EMU,REVIEW,0.750,NUMBER_RANGE,99470,1,2,{COACH_CODE_AS_NAME}
TV74,EMU,REVIEW,0.750,NUMBER_RANGE,99472,1,2,{COACH_CODE_AS_NAME}
TV76,EMU,REVIEW,0.750,NUMBER_RANGE,99474,1,2,{COACH_CODE_AS_NAME}
TV78,EMU,REVIEW,0.750,NUMBER_RANGE,99476,1,2,{COACH_CODE_AS_NAME}
TV8,EMU,REVIEW,0.750,NUMBER_RANGE,99406,1,2,{COACH_CODE_AS_NAME}
TV80,EMU,REVIEW,0.750,NUMBER_RANGE,99478,1,2,{COACH_CODE_AS_NAME}
TV82,EMU,REVIEW,0.750,NUMBER_RANGE,99480,1,2,{COACH_CODE_AS_NAME}
TV84,EMU,REVIEW,0.750,NUMBER_RANGE,99482,1,2,{COACH_CODE_AS_NAME}
TV86,EMU,REVIEW,0.750,NUMBER_RANGE,99484,1,2,{COACH_CODE_AS_NAME}
TV88,EMU,REVIEW,0.750,NUMBER_RANGE,99486,1,2,{COACH_CODE_AS_NAME}
TV90,EMU,REVIEW,0.750,NUMBER_RANGE,99488,1,2,{COACH_CODE_AS_NAME}
TV92,EMU,REVIEW,0.750,NUMBER_RANGE,99490,1,2,{COACH_CODE_AS_NAME}
TV94,EMU,REVIEW,0.750,NUMBER_RANGE,99492,1,2,{COACH_CODE_AS_NAME}
TV96,EMU,REVIEW,0.750,NUMBER_RANGE,99494,1,2,{COACH_CODE_AS_NAME}
TV97,EMU,REVIEW,0.750,NUMBER_RANGE,99497,1,2,{COACH_CODE_AS_NAME}
TV98,EMU,REVIEW,0.750,NUMBER_RANGE,99496,1,2,{COACH_CODE_AS_NAME}
TVC  QLN  PA,PASSENGER,REVIEW,0.600,NUMBER_RANGE,56308,1,18,{LIKELY_TRUNCATED}
TVC - CAN JA,SUPERFAST,REVIEW,0.700,NUMBER_RANGE,12082,1,15,{LIKELY_TRUNCATED}
TVC - CLT JA,SUPERFAST,REVIEW,0.700,NUMBER_RANGE,12076,1,12,{LIKELY_TRUNCATED}
TVC - MAS SU,SUPERFAST,REVIEW,0.700,NUMBER_RANGE,12696,1,21,{LIKELY_TRUNCATED}
TVC - SCL EX,SUPERFAST,REVIEW,0.700,NUMBER_RANGE,12507,2,115,{LIKELY_TRUNCATED}
TVC KRBA SF,SUPERFAST,REVIEW,0.700,NUMBER_RANGE,22648,1,55,{}
TVC-CSMT  EX,EXPRESS,REVIEW,0.650,NUMBER_RANGE,16332,1,42,{LIKELY_TRUNCATED}
TVC-ERS VANC,EXPRESS,REVIEW,0.650,NUMBER_RANGE,16304,1,19,{LIKELY_TRUNCATED}
TVC-GUV INTE,EXPRESS,REVIEW,0.650,NUMBER_RANGE,16342,1,22,{LIKELY_TRUNCATED}
TVC-MAQ EXPR,EXPRESS,REVIEW,0.650,NUMBER_RANGE,16347,1,50,{LIKELY_TRUNCATED}
TVC-MAQ MAVE,EXPRESS,REVIEW,0.650,NUMBER_RANGE,16604,1,31,{LIKELY_TRUNCATED}
TVC-MAS AC E,SUPERFAST,REVIEW,0.700,NUMBER_RANGE,22208,1,11,{LIKELY_TRUNCATED}
TVC-MAS EXP,SUPERFAST,REVIEW,0.700,NUMBER_RANGE,12698,1,14,{ROUTE_CODE_STYLE}
TVC-MDU AMRI,EXPRESS,REVIEW,0.650,NUMBER_RANGE,16343,1,22,{LIKELY_TRUNCATED}
TVC-NCJ PASS,PASSENGER,REVIEW,0.600,NUMBER_RANGE,56311,3,42,{LIKELY_TRUNCATED}
TVC-NZM RAJD,SUPERFAST,REVIEW,0.700,NUMBER_RANGE,12431,1,19,{LIKELY_TRUNCATED}
TVC-NZM WKLY,SUPERFAST,REVIEW,0.700,NUMBER_RANGE,22653,2,56,{LIKELY_TRUNCATED}
TVC-SRR VENA,EXPRESS,REVIEW,0.650,NUMBER_RANGE,16302,1,30,{LIKELY_TRUNCATED}
TVC-TPJ INTE,SUPERFAST,REVIEW,0.700,NUMBER_RANGE,22628,1,13,{LIKELY_TRUNCATED}
TVR-MV,PASSENGER,REVIEW,0.600,NUMBER_RANGE,56872,1,6,{ROUTE_CODE_STYLE}
TVR-MV PASSR,PASSENGER,REVIEW,0.600,NUMBER_RANGE,56880,1,6,{LIKELY_TRUNCATED}
U A TOOFAN E,EXPRESS,REVIEW,0.650,NUMBER_RANGE,13008,1,108,{LIKELY_TRUNCATED}
U ABHATOOFAN,EXPRESS,REVIEW,0.650,NUMBER_RANGE,13007,1,112,{LIKELY_TRUNCATED}
U P S KRANTI,SUPERFAST,REVIEW,0.700,NUMBER_RANGE,12448,1,12,{LIKELY_TRUNCATED}
U S KRANTI E,SUPERFAST,REVIEW,0.700,NUMBER_RANGE,12447,1,12,{LIKELY_TRUNCATED}
UAM MTP PASS,PASSENGER,REVIEW,0.600,NUMBER_RANGE,56137,1,7,{LIKELY_TRUNCATED}
UAM ONR PASS,PASSENGER,REVIEW,0.600,NUMBER_RANGE,56139,2,12,{LIKELY_TRUNCATED}
UAM-ONR PASS,PASSENGER,REVIEW,0.600,NUMBER_RANGE,56142,1,6,{LIKELY_TRUNCATED}
UBL - DWR PA,PASSENGER,REVIEW,0.600,NUMBER_RANGE,56907,1,5,{LIKELY_TRUNCATED}
UBL CHENNAI,SUPERFAST,REVIEW,0.700,NUMBER_RANGE,22697,1,18,{}
UBL MRJ EXPR,EXPRESS,REVIEW,0.650,NUMBER_RANGE,11048,1,12,{LIKELY_TRUNCATED}
UBL-ASK PASS,PASSENGER,REVIEW,0.600,NUMBER_RANGE,56274,1,36,{LIKELY_TRUNCATED}
UBL-BAY PASS,PASSENGER,REVIEW,0.600,NUMBER_RANGE,51412,1,24,{LIKELY_TRUNCATED}
UBL-BGM FAST,PASSENGER,REVIEW,0.600,NUMBER_RANGE,56921,1,12,{LIKELY_TRUNCATED}
UBL-BJP PASS,PASSENGER,REVIEW,0.600,NUMBER_RANGE,56906,1,42,{LIKELY_TRUNCATED}
UBL-BSB WEEK,EXPRESS,REVIEW,0.650,NUMBER_RANGE,17323,1,24,{LIKELY_TRUNCATED}
UBL-BZA  PAS,PASSENGER,REVIEW,0.600,NUMBER_RANGE,56502,1,68,{LIKELY_TRUNCATED}
UBL-BZA AMAR,EXPRESS,REVIEW,0.650,NUMBER_RANGE,17226,1,26,{LIKELY_TRUNCATED}
UBL-JRU PASS,PASSENGER,REVIEW,0.600,NUMBER_RANGE,56912,2,41,{LIKELY_TRUNCATED}
UBL-KCVL EXP,SUPERFAST,REVIEW,0.700,NUMBER_RANGE,12777,1,22,{LIKELY_TRUNCATED}
UBL-LD-NZM L,EXPRESS,REVIEW,0.650,NUMBER_RANGE,17305,1,4,{LIKELY_TRUNCATED}
UBL-LT(T) EX,EXPRESS,REVIEW,0.650,NUMBER_RANGE,17317,1,16,{LIKELY_TRUNCATED}
UBL-LTT WEEK,EXPRESS,REVIEW,0.650,NUMBER_RANGE,17321,1,12,{LIKELY_TRUNCATED}
UBL-MRJ PASS,PASSENGER,REVIEW,0.600,NUMBER_RANGE,51420,1,33,{LIKELY_TRUNCATED}
UBL-MYS DAIL,EXPRESS,REVIEW,0.650,NUMBER_RANGE,17325,1,25,{LIKELY_TRUNCATED}
UBL-MYS HAMP,EXPRESS,REVIEW,0.650,NUMBER_RANGE,16591,1,30,{LIKELY_TRUNCATED}
UBL-SBC FAST,PASSENGER,REVIEW,0.600,NUMBER_RANGE,56914,1,44,{LIKELY_TRUNCATED}
UBL-SBC PASS,PASSENGER,REVIEW,0.600,NUMBER_RANGE,56516,1,63,{LIKELY_TRUNCATED}
UBL-SC EXPRE,EXPRESS,REVIEW,0.650,NUMBER_RANGE,17319,1,22,{LIKELY_TRUNCATED}
UBL-TPTY PAS,PASSENGER,REVIEW,0.600,NUMBER_RANGE,57273,1,59,{LIKELY_TRUNCATED}
UBR - BL MEM,PASSENGER,REVIEW,0.600,NUMBER_RANGE,69153,1,9,{LIKELY_TRUNCATED}
UCR-CNB-PASS,PASSENGER,REVIEW,0.600,NUMBER_RANGE,54101,1,34,{LIKELY_TRUNCATED}
UCR-RBL PASS,PASSENGER,REVIEW,0.600,NUMBER_RANGE,54225,2,10,{LIKELY_TRUNCATED}
UDAIPUR-AGAR,PASSENGER,REVIEW,0.600,NUMBER_RANGE,55683,1,5,{LIKELY_TRUNCATED}
UDHYOGKARMI,SUPERFAST,REVIEW,0.700,NUMBER_RANGE,12944,1,12,{}
UDL-JSME PGR,PASSENGER,REVIEW,0.600,NUMBER_RANGE,73539,1,18,{LIKELY_TRUNCATED}
UDL-RPH PASS,PASSENGER,REVIEW,0.600,NUMBER_RANGE,63529,1,18,{LIKELY_TRUNCATED}
UDL-SNT PASS,PASSENGER,REVIEW,0.600,NUMBER_RANGE,63535,1,13,{LIKELY_TRUNCATED}
UDL-SNT PGR.,PASSENGER,REVIEW,0.600,NUMBER_RANGE,63531,3,42,{LIKELY_TRUNCATED}
UDN VARANASI,EXPRESS,REVIEW,0.650,NUMBER_RANGE,19057,1,13,{LIKELY_TRUNCATED}
UDN-JYG ANTY,EXPRESS,REVIEW,0.650,NUMBER_RANGE,15564,1,26,{LIKELY_TRUNCATED}
UDPU-AGTL PA,PASSENGER,REVIEW,0.600,NUMBER_RANGE,55681,1,5,{LIKELY_TRUNCATED}
UDYAN EXP,EXPRESS,REVIEW,0.650,NUMBER_RANGE,11302,1,34,{}
UDYAN EXPRES,EXPRESS,REVIEW,0.650,NUMBER_RANGE,11301,1,35,{LIKELY_TRUNCATED}
UDYOGKARMI E,SUPERFAST,REVIEW,0.700,NUMBER_RANGE,12943,1,12,{LIKELY_TRUNCATED}
UDZ BDTS SF,SUPERFAST,REVIEW,0.700,NUMBER_RANGE,12996,1,19,{}
UDZ BDTS SUP,SUPERFAST,REVIEW,0.700,NUMBER_RANGE,22902,1,16,{LIKELY_TRUNCATED}
UDZ HW EXP,EXPRESS,REVIEW,0.650,NUMBER_RANGE,19609,1,29,{}
UDZ JP SF EX,SUPERFAST,REVIEW,0.700,NUMBER_RANGE,12991,1,15,{LIKELY_TRUNCATED}
UDZ KURJ EXP,EXPRESS,REVIEW,0.650,NUMBER_RANGE,19666,1,29,{LIKELY_TRUNCATED}
UDZ NJP EXP,EXPRESS,REVIEW,0.650,NUMBER_RANGE,19601,1,29,{}
UDZ SHM EXP,EXPRESS,REVIEW,0.650,NUMBER_RANGE,19660,1,24,{}
UDZ-AII PASS,PASSENGER,REVIEW,0.600,NUMBER_RANGE,59604,1,39,{LIKELY_TRUNCATED}
UDZ-COR PASS,PASSENGER,REVIEW,0.600,NUMBER_RANGE,59606,1,13,{LIKELY_TRUNCATED}
UDZ-NMH PASS,PASSENGER,REVIEW,0.600,NUMBER_RANGE,59836,1,20,{LIKELY_TRUNCATED}
UHP-ALD BI-W,SUPERFAST,REVIEW,0.700,NUMBER_RANGE,22432,1,18,{LIKELY_TRUNCATED}
UHP-DEE AC E,SUPERFAST,REVIEW,0.700,NUMBER_RANGE,22402,1,8,{LIKELY_TRUNCATED}
UHP-JAT DMU,PASSENGER,REVIEW,0.600,NUMBER_RANGE,54654,1,6,{ROUTE_CODE_STYLE}
UHP-JAT-DMU,PASSENGER,REVIEW,0.600,NUMBER_RANGE,74906,1,6,{ROUTE_CODE_STYLE}
UHP-KOTA WEE,EXPRESS,REVIEW,0.650,NUMBER_RANGE,19806,1,22,{LIKELY_TRUNCATED}
UJJAINI EXPR,EXPRESS,REVIEW,0.650,NUMBER_RANGE,14309,1,30,{LIKELY_TRUNCATED}
UJJAIYANI EX,EXPRESS,REVIEW,0.650,NUMBER_RANGE,14310,1,30,{LIKELY_TRUNCATED}
UJN - NAD ME,PASSENGER,REVIEW,0.600,NUMBER_RANGE,69186,1,8,{LIKELY_TRUNCATED}
UJN BPL PASS,PASSENGER,REVIEW,0.600,NUMBER_RANGE,59319,1,25,{LIKELY_TRUNCATED}
UJN INDB PAS,PASSENGER,REVIEW,0.600,NUMBER_RANGE,59306,1,10,{LIKELY_TRUNCATED}
UJN NAD PASS,PASSENGER,REVIEW,0.600,NUMBER_RANGE,59318,2,16,{LIKELY_TRUNCATED}
ULB - SRC EM,PASSENGER,REVIEW,0.550,NUMBER_RANGE,38102,1,9,{LIKELY_TRUNCATED}
ULB HWH LOCA,PASSENGER,REVIEW,0.550,NUMBER_RANGE,38104,2,26,{LIKELY_TRUNCATED}
ULB-HWH SUB,PASSENGER,REVIEW,0.550,NUMBER_RANGE,38108,1,13,{ROUTE_CODE_STYLE}
UMB - BTI PA,PASSENGER,REVIEW,0.600,NUMBER_RANGE,54551,1,26,{LIKELY_TRUNCATED}
UMB - DUI PA,PASSENGER,REVIEW,0.600,NUMBER_RANGE,54553,1,14,{LIKELY_TRUNCATED}
UMB - KLK LI,SUPERFAST,REVIEW,0.700,NUMBER_RANGE,22925,1,3,{LIKELY_TRUNCATED}
UMB - PTA PA,PASSENGER,REVIEW,0.600,NUMBER_RANGE,54557,1,7,{LIKELY_TRUNCATED}
UMB - SGNR I,EXPRESS,REVIEW,0.650,NUMBER_RANGE,14525,1,15,{LIKELY_TRUNCATED}
UMB KLK PASS,PASSENGER,REVIEW,0.600,NUMBER_RANGE,54531,1,8,{LIKELY_TRUNCATED}
UMB-CHDL PAS,PASSENGER,REVIEW,0.600,NUMBER_RANGE,74991,1,23,{LIKELY_TRUNCATED}
UMB-DLI MEMU,PASSENGER,REVIEW,0.600,NUMBER_RANGE,64532,2,57,{LIKELY_TRUNCATED}
UMB-JUC PASS,PASSENGER,REVIEW,0.600,NUMBER_RANGE,74645,1,22,{LIKELY_TRUNCATED}
UMB-KKDE MEM,PASSENGER,REVIEW,0.600,NUMBER_RANGE,64482,1,7,{LIKELY_TRUNCATED}
UMB-KKDE PAS,PASSENGER,REVIEW,0.600,NUMBER_RANGE,64546,3,21,{LIKELY_TRUNCATED}
UMB-LDH MEMU,PASSENGER,REVIEW,0.600,NUMBER_RANGE,64523,1,14,{LIKELY_TRUNCATED}
UMB-LDH PASS,PASSENGER,REVIEW,0.600,NUMBER_RANGE,64521,1,14,{LIKELY_TRUNCATED}
UMB-MFP HARI,EXPRESS,REVIEW,0.650,NUMBER_RANGE,14524,1,21,{LIKELY_TRUNCATED}
UMB-NLDM PAS,PASSENGER,REVIEW,0.600,NUMBER_RANGE,64515,2,40,{LIKELY_TRUNCATED}
UMB-NLDM-ADD,PASSENGER,REVIEW,0.600,NUMBER_RANGE,64563,1,23,{LIKELY_TRUNCATED}
UMB-PNP PASS,PASSENGER,REVIEW,0.600,NUMBER_RANGE,64542,1,17,{LIKELY_TRUNCATED}
UMB-SGNR PAS,PASSENGER,REVIEW,0.600,NUMBER_RANGE,54757,1,43,{LIKELY_TRUNCATED}
UMB-SRE PASS,PASSENGER,REVIEW,0.600,NUMBER_RANGE,64501,3,39,{LIKELY_TRUNCATED}
UNA - NLDM P,PASSENGER,REVIEW,0.600,NUMBER_RANGE,54582,1,7,{LIKELY_TRUNCATED}
UNCHAHAR EXP,EXPRESS,REVIEW,0.650,NUMBER_RANGE,14217,2,81,{LIKELY_TRUNCATED}
UPASANA EXPR,SUPERFAST,REVIEW,0.700,NUMBER_RANGE,12327,2,40,{LIKELY_TRUNCATED}
UR-FM DEMU,PASSENGER,REVIEW,0.600,NUMBER_RANGE,77640,5,20,{ROUTE_CODE_STYLE}
UR-SC DEMU,PASSENGER,REVIEW,0.600,NUMBER_RANGE,77645,2,28,{ROUTE_CODE_STYLE}
UREN-JMP SRA,PASSENGER,REVIEW,0.600,NUMBER_RANGE,73902,1,2,{LIKELY_TRUNCATED}
UTR SAMPARK,EXPRESS,REVIEW,0.650,NUMBER_RANGE,15035,1,10,{}
UTR SAMPRK K,EXPRESS,REVIEW,0.650,NUMBER_RANGE,15036,1,10,{LIKELY_TRUNCATED}
UTTAR BANGA,EXPRESS,REVIEW,0.650,NUMBER_RANGE,13147,2,48,{}
UTTAR SMPRK,SUPERFAST,REVIEW,0.700,NUMBER_RANGE,12445,2,22,{}
UTTARANCHAL,EXPRESS,REVIEW,0.650,NUMBER_RANGE,19565,2,66,{}
UZHAVAN EXPR,EXPRESS,REVIEW,0.650,NUMBER_RANGE,16183,2,36,{LIKELY_TRUNCATED}
V 1,EMU,REVIEW,0.750,NUMBER_RANGE,98501,1,2,{}
V 21,EMU,REVIEW,0.750,NUMBER_RANGE,98523,1,2,{}
V 25,EMU,REVIEW,0.750,NUMBER_RANGE,98529,1,2,{}
V 29,EMU,REVIEW,0.750,NUMBER_RANGE,98533,1,2,{}
V 3,EMU,REVIEW,0.750,NUMBER_RANGE,98503,1,2,{}
V 31,EMU,REVIEW,0.750,NUMBER_RANGE,98535,1,2,{}
V 33,EMU,REVIEW,0.750,NUMBER_RANGE,98537,1,2,{}
V 37,EMU,REVIEW,0.750,NUMBER_RANGE,98541,1,2,{}
V 39,EMU,REVIEW,0.750,NUMBER_RANGE,98543,1,2,{}
V 41,EMU,REVIEW,0.750,NUMBER_RANGE,98545,1,2,{}
V 43,EMU,REVIEW,0.750,NUMBER_RANGE,98547,1,2,{}
V 45,EMU,REVIEW,0.750,NUMBER_RANGE,98549,1,2,{}
V 47,EMU,REVIEW,0.750,NUMBER_RANGE,98551,1,2,{}
V 49,EMU,REVIEW,0.750,NUMBER_RANGE,98553,1,2,{}
V 5,EMU,REVIEW,0.750,NUMBER_RANGE,98505,1,2,{}
V 51,EMU,REVIEW,0.750,NUMBER_RANGE,98555,1,2,{}
V 53,EMU,REVIEW,0.750,NUMBER_RANGE,98557,1,2,{}
V 55,EMU,REVIEW,0.750,NUMBER_RANGE,98559,1,2,{}
V 57,EMU,REVIEW,0.750,NUMBER_RANGE,98561,1,2,{}
V 59,EMU,REVIEW,0.750,NUMBER_RANGE,98563,1,2,{}
V 61,EMU,REVIEW,0.750,NUMBER_RANGE,98565,1,2,{}
V 63,EMU,REVIEW,0.750,NUMBER_RANGE,98567,1,2,{}
V 65,EMU,REVIEW,0.750,NUMBER_RANGE,98569,1,2,{}
V 69,EMU,REVIEW,0.750,NUMBER_RANGE,98573,1,2,{}
V10,EMU,REVIEW,0.750,NUMBER_RANGE,98508,1,2,{COACH_CODE_AS_NAME}
V11,EMU,REVIEW,0.750,NUMBER_RANGE,98513,1,2,{COACH_CODE_AS_NAME}
V12,EMU,REVIEW,0.750,NUMBER_RANGE,98510,1,2,{COACH_CODE_AS_NAME}
V13,EMU,REVIEW,0.750,NUMBER_RANGE,98515,1,2,{COACH_CODE_AS_NAME}
V14,EMU,REVIEW,0.750,NUMBER_RANGE,98512,1,2,{COACH_CODE_AS_NAME}
V15,EMU,REVIEW,0.750,NUMBER_RANGE,98517,1,2,{COACH_CODE_AS_NAME}
V16,EMU,REVIEW,0.750,NUMBER_RANGE,98516,1,2,{COACH_CODE_AS_NAME}
V17,EMU,REVIEW,0.750,NUMBER_RANGE,98519,1,2,{COACH_CODE_AS_NAME}
V18,EMU,REVIEW,0.750,NUMBER_RANGE,98518,1,2,{COACH_CODE_AS_NAME}
V19,EMU,REVIEW,0.750,NUMBER_RANGE,98521,1,2,{COACH_CODE_AS_NAME}
V2,EMU,REVIEW,0.750,NUMBER_RANGE,98500,1,2,{COACH_CODE_AS_NAME}
V20,EMU,REVIEW,0.750,NUMBER_RANGE,98520,1,2,{COACH_CODE_AS_NAME}
V22,EMU,REVIEW,0.750,NUMBER_RANGE,98522,1,2,{COACH_CODE_AS_NAME}
V23,EMU,REVIEW,0.750,NUMBER_RANGE,98525,1,2,{COACH_CODE_AS_NAME}
V24,EMU,REVIEW,0.750,NUMBER_RANGE,98524,1,2,{COACH_CODE_AS_NAME}
V26,EMU,REVIEW,0.750,NUMBER_RANGE,98526,1,2,{COACH_CODE_AS_NAME}
V27,EMU,REVIEW,0.750,NUMBER_RANGE,98531,1,2,{COACH_CODE_AS_NAME}
V28,EMU,REVIEW,0.750,NUMBER_RANGE,98528,1,2,{COACH_CODE_AS_NAME}
V30,EMU,REVIEW,0.750,NUMBER_RANGE,98530,1,2,{COACH_CODE_AS_NAME}
V32,EMU,REVIEW,0.750,NUMBER_RANGE,98532,1,2,{COACH_CODE_AS_NAME}
V34,EMU,REVIEW,0.750,NUMBER_RANGE,98540,1,2,{COACH_CODE_AS_NAME}
V35,EMU,REVIEW,0.750,NUMBER_RANGE,98539,1,2,{COACH_CODE_AS_NAME}
V36,EMU,REVIEW,0.750,NUMBER_RANGE,98544,1,2,{COACH_CODE_AS_NAME}
V38,EMU,REVIEW,0.750,NUMBER_RANGE,98548,1,2,{COACH_CODE_AS_NAME}
V4,EMU,REVIEW,0.750,NUMBER_RANGE,98502,1,2,{COACH_CODE_AS_NAME}
V40,EMU,REVIEW,0.750,NUMBER_RANGE,98550,1,2,{COACH_CODE_AS_NAME}
V42,EMU,REVIEW,0.750,NUMBER_RANGE,98552,1,2,{COACH_CODE_AS_NAME}
V44,EMU,REVIEW,0.750,NUMBER_RANGE,98554,1,2,{COACH_CODE_AS_NAME}
V46,EMU,REVIEW,0.750,NUMBER_RANGE,98556,1,2,{COACH_CODE_AS_NAME}
V48,EMU,REVIEW,0.750,NUMBER_RANGE,98560,1,2,{COACH_CODE_AS_NAME}
V50,EMU,REVIEW,0.750,NUMBER_RANGE,98564,1,2,{COACH_CODE_AS_NAME}
V52,EMU,REVIEW,0.750,NUMBER_RANGE,98566,1,2,{COACH_CODE_AS_NAME}
V54,EMU,REVIEW,0.750,NUMBER_RANGE,98568,1,2,{COACH_CODE_AS_NAME}
V56,EMU,REVIEW,0.750,NUMBER_RANGE,98572,1,2,{COACH_CODE_AS_NAME}
V58,EMU,REVIEW,0.750,NUMBER_RANGE,98574,1,2,{COACH_CODE_AS_NAME}
V6,EMU,REVIEW,0.750,NUMBER_RANGE,98504,1,2,{COACH_CODE_AS_NAME}
V60,EMU,REVIEW,0.750,NUMBER_RANGE,98576,1,2,{COACH_CODE_AS_NAME}
V67,EMU,REVIEW,0.750,NUMBER_RANGE,98571,1,2,{COACH_CODE_AS_NAME}
V7,EMU,REVIEW,0.750,NUMBER_RANGE,98509,1,2,{COACH_CODE_AS_NAME}
V71,EMU,REVIEW,0.750,NUMBER_RANGE,98575,1,2,{COACH_CODE_AS_NAME}
V73,EMU,REVIEW,0.750,NUMBER_RANGE,98577,1,2,{COACH_CODE_AS_NAME}
V8,EMU,REVIEW,0.750,NUMBER_RANGE,98506,1,2,{COACH_CODE_AS_NAME}
V9,EMU,REVIEW,0.750,NUMBER_RANGE,98511,1,2,{COACH_CODE_AS_NAME}
VAA ADRA LOC,PASSENGER,REVIEW,0.600,NUMBER_RANGE,68072,2,18,{LIKELY_TRUNCATED}
VADODARA EXP,SUPERFAST,REVIEW,0.700,NUMBER_RANGE,12927,2,14,{LIKELY_TRUNCATED}
VAISHALI EXP,SUPERFAST,REVIEW,0.700,NUMBER_RANGE,12553,2,42,{LIKELY_TRUNCATED}
VALSAD VG  P,PASSENGER,REVIEW,0.600,NUMBER_RANGE,59049,1,62,{LIKELY_TRUNCATED}
VANANCHAL EX,EXPRESS,REVIEW,0.650,NUMBER_RANGE,13403,2,52,{LIKELY_TRUNCATED}
VAPI PASSENG,PASSENGER,REVIEW,0.600,NUMBER_RANGE,59045,1,20,{LIKELY_TRUNCATED}
VAPI VR SHUT,PASSENGER,REVIEW,0.600,NUMBER_RANGE,59040,1,14,{LIKELY_TRUNCATED}
VARANASI-BAR,EXPRESS,REVIEW,0.650,NUMBER_RANGE,14235,1,48,{LIKELY_TRUNCATED}
VARUNA EXP,EXPRESS,REVIEW,0.650,NUMBER_RANGE,14228,1,12,{}
VARUNA EXPRE,EXPRESS,REVIEW,0.650,NUMBER_RANGE,14227,3,43,{LIKELY_TRUNCATED}
VBL-SALR RAI,PASSENGER,REVIEW,0.600,NUMBER_RANGE,78511,5,20,{LIKELY_TRUNCATED}
VEER BHUMI E,EXPRESS,REVIEW,0.650,NUMBER_RANGE,19329,1,18,{LIKELY_TRUNCATED}
VENAD EXPRES,EXPRESS,REVIEW,0.650,NUMBER_RANGE,16301,1,30,{LIKELY_TRUNCATED}
VERAVAL EXPR,EXPRESS,REVIEW,0.650,NUMBER_RANGE,16334,1,59,{LIKELY_TRUNCATED}
VG OKHA FAST,PASSENGER,REVIEW,0.600,NUMBER_RANGE,59503,1,48,{LIKELY_TRUNCATED}
VG VALSAD PA,PASSENGER,REVIEW,0.600,NUMBER_RANGE,59050,1,62,{LIKELY_TRUNCATED}
VG-MSH PASSE,PASSENGER,REVIEW,0.600,NUMBER_RANGE,59510,2,16,{LIKELY_TRUNCATED}
VIBHUTI EXPR,SUPERFAST,REVIEW,0.700,NUMBER_RANGE,12333,2,62,{LIKELY_TRUNCATED}
VIDARBHA EXP,SUPERFAST,REVIEW,0.700,NUMBER_RANGE,12105,2,53,{LIKELY_TRUNCATED}
VIKRAMSHILA,SUPERFAST,REVIEW,0.700,NUMBER_RANGE,12367,2,42,{}
VINDHYACHAL,EXPRESS,REVIEW,0.650,NUMBER_RANGE,11272,1,47,{}
VIRAR BH,PASSENGER,REVIEW,0.600,NUMBER_RANGE,69149,1,41,{}
VIRAR ST PAS,PASSENGER,REVIEW,0.600,NUMBER_RANGE,59037,1,30,{LIKELY_TRUNCATED}
VIRBHUMI COR,EXPRESS,REVIEW,0.650,NUMBER_RANGE,19330,1,18,{LIKELY_TRUNCATED}
VISWABHARARI,PASSENGER,REVIEW,0.600,NUMBER_RANGE,53047,1,23,{LIKELY_TRUNCATED}
VISWABHARATI,PASSENGER,REVIEW,0.600,NUMBER_RANGE,53048,1,23,{LIKELY_TRUNCATED}
VIVEK EXP,EXPRESS,REVIEW,0.650,NUMBER_RANGE,19567,1,42,{}
VIVEK EXPRES,EXPRESS,REVIEW,0.650,NUMBER_RANGE,19027,3,109,{LIKELY_TRUNCATED}
VKB-GNT PALA,SUPERFAST,REVIEW,0.700,NUMBER_RANGE,12748,1,15,{LIKELY_TRUNCATED}
VKB-KCG PASS,PASSENGER,REVIEW,0.600,NUMBER_RANGE,57606,1,12,{LIKELY_TRUNCATED}
VLCY - MSB E,PASSENGER,REVIEW,0.550,NUMBER_RANGE,41502,3,9,{LIKELY_TRUNCATED}
VLCY-AVD EMU,PASSENGER,REVIEW,0.550,NUMBER_RANGE,43651,2,20,{LIKELY_TRUNCATED}
VLCY-AVD LOC,PASSENGER,REVIEW,0.550,NUMBER_RANGE,43655,5,50,{LIKELY_TRUNCATED}
VLCY-GDP LOC,PASSENGER,REVIEW,0.550,NUMBER_RANGE,42651,1,15,{LIKELY_TRUNCATED}
VLCY-GPD LOC,PASSENGER,REVIEW,0.550,NUMBER_RANGE,42653,3,45,{LIKELY_TRUNCATED}
VLCY-MSB,PASSENGER,REVIEW,0.550,NUMBER_RANGE,41006,7,21,{ROUTE_CODE_STYLE}
VLCY-MSB EMU,PASSENGER,REVIEW,0.550,NUMBER_RANGE,41120,6,18,{LIKELY_TRUNCATED}
VLCY-MSB-EMU,PASSENGER,REVIEW,0.550,NUMBER_RANGE,41138,1,3,{LIKELY_TRUNCATED}
VLCY-MSBEMUL,PASSENGER,REVIEW,0.550,NUMBER_RANGE,41022,70,209,{LIKELY_TRUNCATED}
VLCY-PON LOC,PASSENGER,REVIEW,0.550,NUMBER_RANGE,42751,1,13,{LIKELY_TRUNCATED}
VLCY-PTMS LO,PASSENGER,REVIEW,0.550,NUMBER_RANGE,43791,4,52,{LIKELY_TRUNCATED}
VLCY-SPE  EM,PASSENGER,REVIEW,0.550,NUMBER_RANGE,42851,1,19,{LIKELY_TRUNCATED}
VLCY-TRL LOC,PASSENGER,REVIEW,0.550,NUMBER_RANGE,43761,7,98,{LIKELY_TRUNCATED}
VLCY-TRT EMU,PASSENGER,REVIEW,0.550,NUMBER_RANGE,43941,1,17,{LIKELY_TRUNCATED}
VLCY-TRT LOC,PASSENGER,REVIEW,0.550,NUMBER_RANGE,43943,1,15,{LIKELY_TRUNCATED}
VLKN-KIK PAS,PASSENGER,REVIEW,0.600,NUMBER_RANGE,76818,1,6,{LIKELY_TRUNCATED}
VLNK-MAO-SWV,SPECIAL,REVIEW,0.500,NUMBER_RANGE,108,1,4,{LIKELY_TRUNCATED}
VLNK-NGT LIN,EXPRESS,REVIEW,0.650,NUMBER_RANGE,16186,1,2,{LIKELY_TRUNCATED}
VLNK-NGT PAS,PASSENGER,REVIEW,0.600,NUMBER_RANGE,76814,1,2,{LIKELY_TRUNCATED}
VLNK-VSG EXP,EXPRESS,REVIEW,0.650,NUMBER_RANGE,17316,1,27,{LIKELY_TRUNCATED}
VLR-AJJ PASS,PASSENGER,REVIEW,0.600,NUMBER_RANGE,56014,1,14,{LIKELY_TRUNCATED}
VLR-MSB PASS,PASSENGER,REVIEW,0.600,NUMBER_RANGE,66018,1,18,{LIKELY_TRUNCATED}
VM  MV PASSR,PASSENGER,REVIEW,0.600,NUMBER_RANGE,56873,2,44,{LIKELY_TRUNCATED}
VM  TBM PASS,PASSENGER,REVIEW,0.600,NUMBER_RANGE,56860,1,11,{LIKELY_TRUNCATED}
VM-KGP BI-WK,SUPERFAST,REVIEW,0.700,NUMBER_RANGE,22604,1,20,{LIKELY_TRUNCATED}
VM-KPD PASSR,PASSENGER,REVIEW,0.600,NUMBER_RANGE,56886,1,15,{LIKELY_TRUNCATED}
VM-MDU PASSE,PASSENGER,REVIEW,0.600,NUMBER_RANGE,56705,1,43,{LIKELY_TRUNCATED}
VM-MLMR PASS,PASSENGER,REVIEW,0.600,NUMBER_RANGE,66046,1,5,{LIKELY_TRUNCATED}
VM-MV PASSR.,PASSENGER,REVIEW,0.600,NUMBER_RANGE,56875,1,22,{LIKELY_TRUNCATED}
VM-PDY PASS,PASSENGER,REVIEW,0.600,NUMBER_RANGE,56861,3,15,{ROUTE_CODE_STYLE}
VM-PRR WKLY,SUPERFAST,REVIEW,0.700,NUMBER_RANGE,22606,1,30,{ROUTE_CODE_STYLE}
VM-TPTY PASS,PASSENGER,REVIEW,0.600,NUMBER_RANGE,56882,2,57,{LIKELY_TRUNCATED}
VPL2,EMU,REVIEW,0.750,NUMBER_RANGE,98166,1,2,{}
VPL3,EMU,REVIEW,0.750,NUMBER_RANGE,98013,2,4,{}
VPL4,EMU,REVIEW,0.750,NUMBER_RANGE,98200,1,2,{}
VPT-KKDI PAS,PASSENGER,REVIEW,0.600,NUMBER_RANGE,76838,1,11,{LIKELY_TRUNCATED}
VR - DRD,EMU,REVIEW,0.750,NUMBER_RANGE,93031,1,8,{}
VR BL SHUTTL,PASSENGER,REVIEW,0.600,NUMBER_RANGE,59039,1,18,{LIKELY_TRUNCATED}
VR DRD,PASSENGER,REVIEW,0.600,NUMBER_RANGE,69173,1,8,{}
VR DRD EMU,EMU,REVIEW,0.750,NUMBER_RANGE,93023,1,2,{}
VR DRD LOCAL,EMU,REVIEW,0.750,NUMBER_RANGE,93021,1,2,{LIKELY_TRUNCATED}
VR-CCG,EMU,REVIEW,0.750,NUMBER_RANGE,90540,1,2,{ROUTE_CODE_STYLE}
VR-DRD,EMU,REVIEW,0.750,NUMBER_RANGE,93001,6,26,{ROUTE_CODE_STYLE}
VR-DRD EMU,EMU,REVIEW,0.750,NUMBER_RANGE,93019,2,11,{ROUTE_CODE_STYLE}
VR-SJN MEMU,PASSENGER,REVIEW,0.600,NUMBER_RANGE,69143,1,12,{ROUTE_CODE_STYLE}
VRI-SA PASSR,PASSENGER,REVIEW,0.600,NUMBER_RANGE,76847,2,34,{LIKELY_TRUNCATED}
VRI-TPJ PASS,PASSENGER,REVIEW,0.600,NUMBER_RANGE,76845,1,23,{LIKELY_TRUNCATED}
VRL  - RJT P,PASSENGER,REVIEW,0.600,NUMBER_RANGE,59424,1,21,{LIKELY_TRUNCATED}
VRL BDTS SF,SUPERFAST,REVIEW,0.700,NUMBER_RANGE,22992,1,12,{}
VRL TVC EXPR,EXPRESS,REVIEW,0.650,NUMBER_RANGE,16333,1,59,{LIKELY_TRUNCATED}
VRL-PUNE EXP,EXPRESS,REVIEW,0.650,NUMBER_RANGE,11087,1,26,{LIKELY_TRUNCATED}
VRLF - DASF,PASSENGER,REVIEW,0.600,NUMBER_RANGE,52929,1,17,{}
VRLF - DVA M,PASSENGER,REVIEW,0.600,NUMBER_RANGE,52949,1,12,{LIKELY_TRUNCATED}
VRLF - KODR,PASSENGER,REVIEW,0.600,NUMBER_RANGE,52954,1,7,{}
VRLF-DASF MG,PASSENGER,REVIEW,0.600,NUMBER_RANGE,52933,1,17,{LIKELY_TRUNCATED}
VSG HWH AMAR,EXPRESS,REVIEW,0.650,NUMBER_RANGE,18048,1,45,{LIKELY_TRUNCATED}
VSG- CHENNAI,EXPRESS,REVIEW,0.650,NUMBER_RANGE,17312,1,25,{LIKELY_TRUNCATED}
VSG-GTL-HYB,EXPRESS,REVIEW,0.650,NUMBER_RANGE,17022,1,9,{ROUTE_CODE_STYLE}
VSG-PNBE EXP,SUPERFAST,REVIEW,0.700,NUMBER_RANGE,12741,1,21,{LIKELY_TRUNCATED}
VSG-QLM,PASSENGER,REVIEW,0.600,NUMBER_RANGE,56964,2,24,{ROUTE_CODE_STYLE}
VSG-QLM PASS,PASSENGER,REVIEW,0.600,NUMBER_RANGE,56962,1,11,{LIKELY_TRUNCATED}
VSG-TPTY,EXPRESS,REVIEW,0.650,NUMBER_RANGE,17420,1,26,{ROUTE_CODE_STYLE}
VSG-VLNK EXP,EXPRESS,REVIEW,0.650,NUMBER_RANGE,17315,1,24,{LIKELY_TRUNCATED}
VSKP - PSA P,PASSENGER,REVIEW,0.600,NUMBER_RANGE,58532,1,27,{LIKELY_TRUNCATED}
VSKP LINK EX,EXPRESS,REVIEW,0.650,NUMBER_RANGE,17241,1,8,{LIKELY_TRUNCATED}
VSKP MAS WEE,SUPERFAST,REVIEW,0.700,NUMBER_RANGE,22801,1,16,{LIKELY_TRUNCATED}
VSKP SWRN J,SUPERFAST,REVIEW,0.700,NUMBER_RANGE,12804,1,21,{}
VSKP-ASR HIR,EXPRESS,REVIEW,0.650,NUMBER_RANGE,18507,1,48,{LIKELY_TRUNCATED}
VSKP-BGKT WE,EXPRESS,REVIEW,0.650,NUMBER_RANGE,18573,1,35,{LIKELY_TRUNCATED}
VSKP-BZA RAT,SUPERFAST,REVIEW,0.700,NUMBER_RANGE,12717,1,13,{LIKELY_TRUNCATED}
VSKP-BZA-PAS,PASSENGER,REVIEW,0.600,NUMBER_RANGE,57226,1,55,{LIKELY_TRUNCATED}
VSKP-CHE MEM,PASSENGER,REVIEW,0.600,NUMBER_RANGE,67294,1,18,{LIKELY_TRUNCATED}
VSKP-COA PSG,PASSENGER,REVIEW,0.600,NUMBER_RANGE,57256,1,23,{LIKELY_TRUNCATED}
VSKP-DGHA S/,SUPERFAST,REVIEW,0.700,NUMBER_RANGE,22874,1,16,{LIKELY_TRUNCATED}
VSKP-DURG PA,PASSENGER,REVIEW,0.600,NUMBER_RANGE,58530,1,64,{LIKELY_TRUNCATED}
VSKP-GIMB WE,EXPRESS,REVIEW,0.650,NUMBER_RANGE,18501,1,29,{LIKELY_TRUNCATED}
VSKP-GNPR PA,PASSENGER,REVIEW,0.600,NUMBER_RANGE,58506,1,28,{LIKELY_TRUNCATED}
VSKP-GNT SIM,EXPRESS,REVIEW,0.650,NUMBER_RANGE,17240,1,26,{LIKELY_TRUNCATED}
VSKP-HYB GOD,SUPERFAST,REVIEW,0.700,NUMBER_RANGE,12727,1,21,{LIKELY_TRUNCATED}
VSKP-KORBA E,EXPRESS,REVIEW,0.650,NUMBER_RANGE,18518,1,31,{LIKELY_TRUNCATED}
VSKP-KRDL PA,PASSENGER,REVIEW,0.600,NUMBER_RANGE,58501,1,53,{LIKELY_TRUNCATED}
VSKP-KRPU BI,EXPRESS,REVIEW,0.650,NUMBER_RANGE,18512,1,11,{LIKELY_TRUNCATED}
VSKP-KRPU PA,PASSENGER,REVIEW,0.600,NUMBER_RANGE,58538,1,39,{LIKELY_TRUNCATED}
VSKP-KZJ LIN,SUPERFAST,REVIEW,0.700,NUMBER_RANGE,12861,1,18,{LIKELY_TRUNCATED}
VSKP-LTT EXP,EXPRESS,REVIEW,0.650,NUMBER_RANGE,18519,1,20,{LIKELY_TRUNCATED}
VSKP-LTT S/F,SUPERFAST,REVIEW,0.700,NUMBER_RANGE,22847,1,23,{LIKELY_TRUNCATED}
VSKP-MAS S/F,SUPERFAST,REVIEW,0.700,NUMBER_RANGE,22869,1,13,{LIKELY_TRUNCATED}
VSKP-MTM PAS,PASSENGER,REVIEW,0.600,NUMBER_RANGE,57230,1,36,{LIKELY_TRUNCATED}
VSKP-NANDED,EXPRESS,REVIEW,0.650,NUMBER_RANGE,20811,1,13,{ROUTE_CODE_STYLE}
VSKP-NZM SAM,SUPERFAST,REVIEW,0.700,NUMBER_RANGE,12807,1,41,{LIKELY_TRUNCATED}
VSKP-NZM SWA,SUPERFAST,REVIEW,0.700,NUMBER_RANGE,12803,1,21,{LIKELY_TRUNCATED}
VSKP-PRDP WE,SUPERFAST,REVIEW,0.700,NUMBER_RANGE,22810,1,17,{LIKELY_TRUNCATED}
VSKP-PSA PAS,PASSENGER,REVIEW,0.600,NUMBER_RANGE,58526,1,26,{LIKELY_TRUNCATED}
VSKP-QLN WEE,EXPRESS,REVIEW,0.650,NUMBER_RANGE,18567,1,33,{LIKELY_TRUNCATED}
VSKP-R PASSE,PASSENGER,REVIEW,0.600,NUMBER_RANGE,58528,1,56,{LIKELY_TRUNCATED}
VSKP-RGDA PA,PASSENGER,REVIEW,0.600,NUMBER_RANGE,58504,1,25,{LIKELY_TRUNCATED}
VSKP-SC GARI,SUPERFAST,REVIEW,0.700,NUMBER_RANGE,12739,1,12,{LIKELY_TRUNCATED}
VSKP-SC JANM,SUPERFAST,REVIEW,0.700,NUMBER_RANGE,12805,1,21,{LIKELY_TRUNCATED}
VSKP-SC SUF,SUPERFAST,REVIEW,0.700,NUMBER_RANGE,12783,1,15,{ROUTE_CODE_STYLE}
VSKP-SCAC DU,SUPERFAST,REVIEW,0.700,NUMBER_RANGE,22203,1,3,{LIKELY_TRUNCATED}
VSKP-SHM WEK,SUPERFAST,REVIEW,0.700,NUMBER_RANGE,22854,1,16,{LIKELY_TRUNCATED}
VSKP-SNSI WE,EXPRESS,REVIEW,0.650,NUMBER_RANGE,18503,1,25,{LIKELY_TRUNCATED}
VSKP-TATA WE,EXPRESS,REVIEW,0.650,NUMBER_RANGE,20816,1,24,{LIKELY_TRUNCATED}
VSKP-TPTY TI,EXPRESS,REVIEW,0.650,NUMBER_RANGE,17488,1,33,{LIKELY_TRUNCATED}
VSKP-TPTY WK,SUPERFAST,REVIEW,0.700,NUMBER_RANGE,22707,1,18,{LIKELY_TRUNCATED}
VSKP-TUNI PA,PASSENGER,REVIEW,0.600,NUMBER_RANGE,67296,1,11,{LIKELY_TRUNCATED}
VSKP-VZM MEM,PASSENGER,REVIEW,0.600,NUMBER_RANGE,67292,1,10,{LIKELY_TRUNCATED}
VTL ANND PAS,PASSENGER,REVIEW,0.600,NUMBER_RANGE,59164,2,6,{LIKELY_TRUNCATED}
VVD1,EMU,REVIEW,0.750,NUMBER_RANGE,98507,1,2,{}
VVD10,EMU,REVIEW,0.750,NUMBER_RANGE,98562,1,2,{}
VVD12,EMU,REVIEW,0.750,NUMBER_RANGE,98570,1,2,{}
VVD14,EMU,REVIEW,0.750,NUMBER_RANGE,98578,1,2,{}
VVD16,EMU,REVIEW,0.750,NUMBER_RANGE,98580,1,2,{}
VVD2,EMU,REVIEW,0.750,NUMBER_RANGE,98514,1,2,{}
VVD3,EMU,REVIEW,0.750,NUMBER_RANGE,98527,1,2,{}
VVD4,EMU,REVIEW,0.750,NUMBER_RANGE,98538,1,2,{}
VVD6,EMU,REVIEW,0.750,NUMBER_RANGE,98546,1,2,{}
VVD8,EMU,REVIEW,0.750,NUMBER_RANGE,98558,1,2,{}
VZM-PSA PASS,PASSENGER,REVIEW,0.600,NUMBER_RANGE,78534,1,18,{LIKELY_TRUNCATED}
VZM-VSKP MEM,PASSENGER,REVIEW,0.600,NUMBER_RANGE,67291,2,20,{LIKELY_TRUNCATED}
VZM-VSKP PAS,PASSENGER,REVIEW,0.600,NUMBER_RANGE,78531,1,10,{LIKELY_TRUNCATED}
VZR-ROP DEMU,PASSENGER,REVIEW,0.600,NUMBER_RANGE,78010,1,8,{LIKELY_TRUNCATED}
VZR-ROP-BLS,PASSENGER,REVIEW,0.600,NUMBER_RANGE,78012,1,11,{ROUTE_CODE_STYLE}
WAD1,EMU,REVIEW,0.750,NUMBER_RANGE,91393,1,2,{}
WAD2,EMU,REVIEW,0.750,NUMBER_RANGE,91392,1,2,{}
WAD3,EMU,REVIEW,0.750,NUMBER_RANGE,91395,1,2,{}
WAD4,EMU,REVIEW,0.750,NUMBER_RANGE,91394,1,2,{}
WAD6,EMU,REVIEW,0.750,NUMBER_RANGE,91396,1,2,{}
WADI PASS,PASSENGER,REVIEW,0.600,NUMBER_RANGE,57649,1,5,{}
WADIPASS,PASSENGER,REVIEW,0.600,NUMBER_RANGE,57155,1,29,{}
WAINGANGA EX,SUPERFAST,REVIEW,0.700,NUMBER_RANGE,12251,2,51,{LIKELY_TRUNCATED}
WARASEONI- G,PASSENGER,REVIEW,0.600,NUMBER_RANGE,78808,1,12,{LIKELY_TRUNCATED}
WBO1,EMU,REVIEW,0.750,NUMBER_RANGE,91491,1,2,{}
WEST COAST E,SUPERFAST,REVIEW,0.700,NUMBER_RANGE,22637,2,63,{LIKELY_TRUNCATED}
WFD-SBC MEMU,PASSENGER,REVIEW,0.600,NUMBER_RANGE,66541,1,7,{LIKELY_TRUNCATED}
WKR - MVI,PASSENGER,REVIEW,0.600,NUMBER_RANGE,79443,4,20,{}
WKR - RJT DE,PASSENGER,REVIEW,0.600,NUMBER_RANGE,79445,1,14,{LIKELY_TRUNCATED}
WKR-MVI,PASSENGER,REVIEW,0.600,NUMBER_RANGE,79441,1,5,{ROUTE_CODE_STYLE}
WR- AMI PASS,PASSENGER,REVIEW,0.600,NUMBER_RANGE,51262,1,12,{LIKELY_TRUNCATED}
WR-BPQ PASS,PASSENGER,REVIEW,0.600,NUMBER_RANGE,51195,1,15,{ROUTE_CODE_STYLE}
WR-BSL PASSE,PASSENGER,REVIEW,0.600,NUMBER_RANGE,51198,1,36,{LIKELY_TRUNCATED}
WR-NGP PASSE,PASSENGER,REVIEW,0.600,NUMBER_RANGE,51259,1,12,{LIKELY_TRUNCATED}
WSA - CAF PA,PASSENGER,REVIEW,0.600,NUMBER_RANGE,58808,1,14,{LIKELY_TRUNCATED}
WSJ PBR PASS,PASSENGER,REVIEW,0.600,NUMBER_RANGE,59205,1,11,{LIKELY_TRUNCATED}
YELAGIRI EXP,EXPRESS,REVIEW,0.650,NUMBER_RANGE,16090,1,16,{LIKELY_TRUNCATED}
YERCAUD EXP,SUPERFAST,REVIEW,0.700,NUMBER_RANGE,22650,1,18,{}
YERCAUD EXPR,SUPERFAST,REVIEW,0.700,NUMBER_RANGE,22649,1,18,{LIKELY_TRUNCATED}
YESHVANTPUR,EXPRESS,REVIEW,0.650,NUMBER_RANGE,19301,1,32,{}
YOGA EXPRESS,EXPRESS,REVIEW,0.880,NAME_RULE,19032,1,43,{LIKELY_TRUNCATED}
YPR  INDB EX,EXPRESS,REVIEW,0.650,NUMBER_RANGE,19302,1,32,{LIKELY_TRUNCATED}
YPR - GKP EX,EXPRESS,REVIEW,0.650,NUMBER_RANGE,15016,1,23,{LIKELY_TRUNCATED}
YPR - HWH WE,SUPERFAST,REVIEW,0.700,NUMBER_RANGE,12246,1,6,{LIKELY_TRUNCATED}
YPR - KYQ AC,SUPERFAST,REVIEW,0.700,NUMBER_RANGE,12551,1,29,{LIKELY_TRUNCATED}
YPR - PPTA E,SUPERFAST,REVIEW,0.700,NUMBER_RANGE,22352,1,28,{LIKELY_TRUNCATED}
YPR - TATA E,EXPRESS,REVIEW,0.650,NUMBER_RANGE,18112,1,42,{LIKELY_TRUNCATED}
YPR CAN EXP,EXPRESS,REVIEW,0.650,NUMBER_RANGE,16527,1,18,{}
YPR HOWRAH E,SUPERFAST,REVIEW,0.700,NUMBER_RANGE,12864,1,36,{LIKELY_TRUNCATED}
YPR TATA EXP,SUPERFAST,REVIEW,0.700,NUMBER_RANGE,12890,1,24,{LIKELY_TRUNCATED}
YPR VASCO EX,EXPRESS,REVIEW,0.650,NUMBER_RANGE,17309,2,36,{LIKELY_TRUNCATED}
YPR-BGP ANGA,SUPERFAST,REVIEW,0.700,NUMBER_RANGE,12253,1,29,{LIKELY_TRUNCATED}
YPR-BIDR EXP,EXPRESS,REVIEW,0.650,NUMBER_RANGE,16571,1,18,{LIKELY_TRUNCATED}
YPR-BKN BI W,EXPRESS,REVIEW,0.650,NUMBER_RANGE,16587,1,35,{LIKELY_TRUNCATED}
YPR-BZA  PAS,PASSENGER,REVIEW,0.600,NUMBER_RANGE,56503,1,78,{LIKELY_TRUNCATED}
YPR-CDG BI-,SUPERFAST,REVIEW,0.700,NUMBER_RANGE,22685,1,18,{ROUTE_CODE_STYLE}
YPR-CMGR FAS,PASSENGER,REVIEW,0.600,NUMBER_RANGE,56278,1,20,{LIKELY_TRUNCATED}
YPR-GKP-EXP,EXPRESS,REVIEW,0.650,NUMBER_RANGE,15024,1,24,{ROUTE_CODE_STYLE}
YPR-HAS SUPE,SUPERFAST,REVIEW,0.700,NUMBER_RANGE,22679,1,10,{LIKELY_TRUNCATED}
YPR-HRR TRI-,EXPRESS,REVIEW,0.650,NUMBER_RANGE,16577,1,12,{LIKELY_TRUNCATED}
YPR-HSRA DEM,PASSENGER,REVIEW,0.600,NUMBER_RANGE,76523,1,9,{LIKELY_TRUNCATED}
YPR-HTE BI-W,SUPERFAST,REVIEW,0.700,NUMBER_RANGE,12836,1,25,{LIKELY_TRUNCATED}
YPR-HWH AC E,SUPERFAST,REVIEW,0.700,NUMBER_RANGE,22864,1,12,{LIKELY_TRUNCATED}
YPR-HWH HUMS,SUPERFAST,REVIEW,0.700,NUMBER_RANGE,22888,1,20,{LIKELY_TRUNCATED}
YPR-JBP WEEK,SUPERFAST,REVIEW,0.700,NUMBER_RANGE,12193,1,20,{LIKELY_TRUNCATED}
YPR-KCG EXP,EXPRESS,REVIEW,0.650,NUMBER_RANGE,17604,1,18,{ROUTE_CODE_STYLE}
YPR-KCG TRI,EXPRESS,REVIEW,0.650,NUMBER_RANGE,16569,1,15,{ROUTE_CODE_STYLE}
YPR-KCVL A/C,SUPERFAST,REVIEW,0.700,NUMBER_RANGE,22677,1,13,{LIKELY_TRUNCATED}
YPR-KCVL EXP,SUPERFAST,REVIEW,0.700,NUMBER_RANGE,12257,1,19,{LIKELY_TRUNCATED}
YPR-LKO EXPR,SUPERFAST,REVIEW,0.700,NUMBER_RANGE,12539,1,18,{LIKELY_TRUNCATED}
YPR-LKO WEEK,SUPERFAST,REVIEW,0.700,NUMBER_RANGE,22683,1,30,{LIKELY_TRUNCATED}
YPR-MAJN TRI,EXPRESS,REVIEW,0.650,NUMBER_RANGE,16575,1,14,{LIKELY_TRUNCATED}
YPR-MAQ EXPR,EXPRESS,REVIEW,0.650,NUMBER_RANGE,16515,2,42,{LIKELY_TRUNCATED}
YPR-MAQ-KAWR,EXPRESS,REVIEW,0.650,NUMBER_RANGE,16523,1,14,{LIKELY_TRUNCATED}
YPR-MAS EXP,SUPERFAST,REVIEW,0.700,NUMBER_RANGE,12291,1,7,{ROUTE_CODE_STYLE}
YPR-MFP EXP,EXPRESS,REVIEW,0.650,NUMBER_RANGE,15227,1,36,{ROUTE_CODE_STYLE}
YPR-MTM KOND,EXPRESS,REVIEW,0.650,NUMBER_RANGE,17212,1,21,{LIKELY_TRUNCATED}
YPR-MYS EXPR,EXPRESS,REVIEW,0.650,NUMBER_RANGE,16024,1,10,{LIKELY_TRUNCATED}
YPR-MYS PASS,PASSENGER,REVIEW,0.600,NUMBER_RANGE,56215,1,34,{LIKELY_TRUNCATED}
YPR-PDY WEEK,EXPRESS,REVIEW,0.650,NUMBER_RANGE,16573,1,10,{LIKELY_TRUNCATED}
YPR-PURI GAR,SUPERFAST,REVIEW,0.700,NUMBER_RANGE,22884,1,28,{LIKELY_TRUNCATED}
YPR-SA PASSR,PASSENGER,REVIEW,0.600,NUMBER_RANGE,56242,1,22,{LIKELY_TRUNCATED}
YPR-SC GARIB,SUPERFAST,REVIEW,0.700,NUMBER_RANGE,12736,1,11,{LIKELY_TRUNCATED}
YPR-SMET BI-,EXPRESS,REVIEW,0.650,NUMBER_RANGE,16579,1,9,{LIKELY_TRUNCATED}
YPR-SMET TRI,EXPRESS,REVIEW,0.650,NUMBER_RANGE,16581,1,10,{LIKELY_TRUNCATED}
YPR-SUR EXP,SUPERFAST,REVIEW,0.700,NUMBER_RANGE,22134,1,13,{ROUTE_CODE_STYLE}
ZIYARAT EXPR,SUPERFAST,REVIEW,0.700,NUMBER_RANGE,12395,2,30,{LIKELY_TRUNCATED}
ADI DURONTO,DURONTO,VALID,0.980,NAME_RULE,12267,1,2,{}
BCT DURONTO,DURONTO,VALID,0.980,NAME_RULE,12268,2,7,{}
DURONTO EXPR,DURONTO,VALID,0.980,NAME_RULE,22201,2,6,{LIKELY_TRUNCATED}
HWH DURONTO,DURONTO,VALID,0.980,NAME_RULE,12274,1,6,{}
INTERCITY,INTERCITY,VALID,0.940,NAME_RULE,12179,3,56,{}
INTERCITY  E,INTERCITY,VALID,0.940,NAME_RULE,12416,2,50,{LIKELY_TRUNCATED}
INTERCITY EX,INTERCITY,VALID,0.940,NAME_RULE,12127,18,252,{LIKELY_TRUNCATED}
JAN SHATABDI,SHATABDI,VALID,0.980,NAME_RULE,12051,2,20,{LIKELY_TRUNCATED}
JANSHATABDI,JANSHATABDI,VALID,0.970,NAME_RULE,12071,3,25,{}
NDLS DURONTO,DURONTO,VALID,0.980,NAME_RULE,12259,2,10,{LIKELY_TRUNCATED}
RAJDHANI EXP,RAJDHANI,VALID,0.980,NAME_RULE,12437,1,7,{LIKELY_TRUNCATED}
SDAH DURONTO,DURONTO,VALID,0.980,NAME_RULE,12260,1,5,{LIKELY_TRUNCATED}
SHATABDI EXP,SHATABDI,VALID,0.980,NAME_RULE,12009,2,18,{LIKELY_TRUNCATED}
SUPERFAST AC,SUPERFAST,VALID,0.900,NAME_RULE,22415,1,21,{LIKELY_TRUNCATED}
TRISHATABDI,SHATABDI,VALID,0.980,NAME_RULE,12913,2,28,{}
